file,line,chars,simplified,tw,hk
lyrics_bb_text/bb1.txt,8,云,当欢声响彻云霄，天使拍手叫好！,當歡聲響徹雲霄，天使拍手叫好！,當歡聲響徹雲霄，天使拍手叫好！
lyrics_bb_text/bb1.txt,16,发,怎能说这是丢脸？为神应该发狂！,怎能說這是丟臉？為神應該發狂！,怎能説這是丟臉？為神應該發狂！
lyrics_bb_text/bb1001.txt,7,于,神完整的救恩是本于祂的义，,神完整的救恩是本於祂的義，,神完整的救恩是本於祂的義，
lyrics_bb_text/bb1001.txt,9,里,从亚当里迁到基督里；,從亞當裏遷到基督裏；,從亞當裏遷到基督裏；
lyrics_bb_text/bb1001.txt,10,里,并从肉体里迁到那灵里。,並從肉體裏遷到那靈裏。,並從肉體裏遷到那靈裏。
lyrics_bb_text/bb1001.txt,11,里,在一个属灵的联结里：,在一個屬靈的聯結裏：,在一個屬靈的聯結裏：
lyrics_bb_text/bb1002.txt,2,历,经历神生机的救恩,經歷神生機的救恩,經歷神生機的救恩
lyrics_bb_text/bb1003.txt,9,里面,相互建造到彼此里面，好使祂在基督里,相互建造到彼此裏面，好使祂在基督裏,相互建造到彼此裏面，好使祂在基督裏
lyrics_bb_text/bb1004.txt,12,里,得以彰显在人性美德里。 ,得以彰顯在人性美德裏。 ,得以彰顯在人性美德裏。 
lyrics_bb_text/bb1005.txt,6,历,神在宇宙中历世历代独一中心的工作，,神在宇宙中歷世歷代獨一中心的工作，,神在宇宙中歷世歷代獨一中心的工作，
lyrics_bb_text/bb1005.txt,7,里,乃是要在基督里将祂自己建造到,乃是要在基督裏將祂自己建造到,乃是要在基督裏將祂自己建造到
lyrics_bb_text/bb1005.txt,8,里面,祂拣选的人里面，使祂自己与他们成为一。,祂揀選的人裏面，使祂自己與他們成為一。,祂揀選的人裏面，使祂自己與他們成為一。
lyrics_bb_text/bb1005.txt,10,里,神将祂神圣的元素构造到人的元素里，,神將祂神聖的元素構造到人的元素裏，,神將祂神聖的元素構造到人的元素裏，
lyrics_bb_text/bb1005.txt,11,里,并将人的元素构造到神的元素里。,並將人的元素構造到神的元素裏。,並將人的元素構造到神的元素裏。
lyrics_bb_text/bb101.txt,8,里面,祂今来住我里面，作我的生命。,祂今來住我裏面，作我的生命。,祂今來住我裏面，作我的生命。
lyrics_bb_text/bb101.txt,13,后里,在灵里歌唱，末后亚当已经,在靈裏歌唱，末後亞當已經,在靈裏歌唱，末後亞當已經
lyrics_bb_text/bb101.txt,19,里,在灵里重生，我们今被变化，,在靈裏重生，我們今被變化，,在靈裏重生，我們今被變化，
lyrics_bb_text/bb102.txt,7,里,看哪，时代已转移，随主转入圣灵里，,看哪，時代已轉移，隨主轉入聖靈裏，,看哪，時代已轉移，隨主轉入聖靈裏，
lyrics_bb_text/bb102.txt,16,复,圣徒转回得复苏，使主召会得恢复。,聖徒轉回得復甦，使主召會得恢復。,聖徒轉回得復甦，使主召會得恢復。
lyrics_bb_text/bb102.txt,32,历里,今在地方召会里，供我享受并经历。,今在地方召會裏，供我享受並經歷。,今在地方召會裏，供我享受並經歷。
lyrics_bb_text/bb103.txt,7,恶,哦主，以审判的灵，审判我一切恶行！,哦主，以審判的靈，審判我一切惡行！,哦主，以審判的靈，審判我一切惡行！
lyrics_bb_text/bb103.txt,8,只,我不凭自己搜寻，只等你灵来显明。,我不憑自己搜尋，只等你靈來顯明。,我不憑自己搜尋，只等你靈來顯明。
lyrics_bb_text/bb103.txt,12,发,把世界一烧而空，直到我爆炸发疯。,把世界一燒而空，直到我爆炸發瘋。,把世界一燒而空，直到我爆炸發瘋。
lyrics_bb_text/bb103.txt,32,准,你来的日子近了，让我随时准备好。,你來的日子近了，讓我隨時準備好。,你來的日子近了，讓我隨時準備好。
lyrics_bb_text/bb104.txt,8,里面,祂活在我里面。祂活！祂活！,祂活在我裏面。祂活！祂活！,祂活在我裏面。祂活！祂活！
lyrics_bb_text/bb104.txt,9,里面,祂在里面成形！我活！我活！,祂在裏面成形！我活！我活！,祂在裏面成形！我活！我活！
lyrics_bb_text/bb104.txt,13,里面,祂活在我里面。,祂活在我裏面。,祂活在我裏面。
lyrics_bb_text/bb105.txt,9,里,在我灵里引导供应。,在我靈裏引導供應。,在我靈裏引導供應。
lyrics_bb_text/bb107.txt,2,里,祂是住在我们的灵里,祂是住在我們的靈裏,祂是住在我們的靈裏
lyrics_bb_text/bb107.txt,7,里,人人都应该知道，主住那里？,人人都應該知道，主住那裏？,人人都應該知道，主住那裏？
lyrics_bb_text/bb107.txt,8,里,祂是住在我们灵里，作我们生命、气息；,祂是住在我們靈裏，作我們生命、氣息；,祂是住在我們靈裏，作我們生命、氣息；
lyrics_bb_text/bb107.txt,15,只尽,取之不竭，用之不尽，只要呼喊主耶稣。,取之不竭，用之不盡，只要呼喊主耶穌。,取之不竭，用之不盡，只要呼喊主耶穌。
lyrics_bb_text/bb108.txt,2,里,祂是奇妙之灵住我里,祂是奇妙之靈住我裏,祂是奇妙之靈住我裏
lyrics_bb_text/bb108.txt,7,里面,如今三一神已住在我里面，,如今三一神已住在我裏面，,如今三一神已住在我裏面，
lyrics_bb_text/bb108.txt,8,里,祂是奇妙之灵在我里。我已与主调和,祂是奇妙之靈在我裏。我已與主調和,祂是奇妙之靈在我裏。我已與主調和
lyrics_bb_text/bb108.txt,9,里,联成为一灵，祂是生命之灵在我里。,聯成為一靈，祂是生命之靈在我裏。,聯成為一靈，祂是生命之靈在我裏。
lyrics_bb_text/bb108.txt,11,里,哦，祂是奇妙之灵住我里，,哦，祂是奇妙之靈住我裏，,哦，祂是奇妙之靈住我裏，
lyrics_bb_text/bb108.txt,12,里,祂是奇妙之灵住我里。如今神在子里，,祂是奇妙之靈住我裏。如今神在子裏，,祂是奇妙之靈住我裏。如今神在子裏，
lyrics_bb_text/bb108.txt,13,里,子就是那灵─祂是奇妙之灵住我里。,子就是那靈─祂是奇妙之靈住我裏。,子就是那靈─祂是奇妙之靈住我裏。
lyrics_bb_text/bb108.txt,17,里,喊自奇妙之灵在我里；也就是子之灵,喊自奇妙之靈在我裏；也就是子之靈,喊自奇妙之靈在我裏；也就是子之靈
lyrics_bb_text/bb108.txt,18,里,向父神呼喊，祂是生命之灵在我里。,向父神呼喊，祂是生命之靈在我裏。,向父神呼喊，祂是生命之靈在我裏。
lyrics_bb_text/bb108.txt,21,里,如今主耶稣基督住在我里，,如今主耶穌基督住在我裏，,如今主耶穌基督住在我裏，
lyrics_bb_text/bb108.txt,22,里,祂是奇妙之灵住我里；他已经过变化，,祂是奇妙之靈住我裏；他已經過變化，,祂是奇妙之靈住我裏；他已經過變化，
lyrics_bb_text/bb108.txt,23,里,我可享受他，他是生命之灵住我里。,我可享受他，他是生命之靈住我裏。,我可享受他，他是生命之靈住我裏。
lyrics_bb_text/bb108.txt,27,里,他是奇妙之灵住我里；今基督的一切，,他是奇妙之靈住我裏；今基督的一切，,他是奇妙之靈住我裏；今基督的一切，
lyrics_bb_text/bb108.txt,28,里,明亮又实际，藉着生命之灵住我里。,明亮又實際，藉著生命之靈住我裏。,明亮又實際，藉着生命之靈住我裏。
lyrics_bb_text/bb108.txt,32,里,这是奇妙之灵住我里；喊‘哦！主耶稣’，,這是奇妙之靈住我裏；喊‘哦！主耶穌’，,這是奇妙之靈住我裏；喊‘哦！主耶穌’，
lyrics_bb_text/bb108.txt,33,里,这使我灵跳跃，因着生命之灵在我里。,這使我靈跳躍，因著生命之靈在我裏。,這使我靈跳躍，因着生命之靈在我裏。
lyrics_bb_text/bb109.txt,7,里面,膏油在此！主在我们里面运行，,膏油在此！主在我們裏面運行，,膏油在此！主在我們裏面運行，
lyrics_bb_text/bb109.txt,15,里面,圣灵在灵里面运行！,聖靈在靈裏面運行！,聖靈在靈裏面運行！
lyrics_bb_text/bb109.txt,18,里面,藉祂的涂抹住在祂里面，,藉祂的塗抹住在祂裏面，,藉祂的塗抹住在祂裏面，
lyrics_bb_text/bb109.txt,25,里,神在我们里头。 ,神在我們裏頭。 ,神在我們裏頭。 
lyrics_bb_text/bb110.txt,7,里面,在神话里我看见，膏油已住在我里面！,在神話裏我看見，膏油已住在我裏面！,在神話裏我看見，膏油已住在我裏面！
lyrics_bb_text/bb110.txt,10,里,哦！在我的灵里祂是在运行！,哦！在我的靈裏祂是在運行！,哦！在我的靈裏祂是在運行！
lyrics_bb_text/bb110.txt,11,里,膏油涂抹常引领，神在我里涌流！,膏油塗抹常引領，神在我裏湧流！,膏油塗抹常引領，神在我裏湧流！
lyrics_bb_text/bb110.txt,16,历,为要将基督经历，藉取用纯净话语；,為要將基督經歷，藉取用純淨話語；,為要將基督經歷，藉取用純淨話語；
lyrics_bb_text/bb110.txt,24,里,基督是生命的灵，进入我的灵里头；,基督是生命的靈，進入我的靈裏頭；,基督是生命的靈，進入我的靈裏頭；
lyrics_bb_text/bb110.txt,28,里,神是灵，我可摸着；祂是在我灵里流；,神是靈，我可摸著；祂是在我靈裏流；,神是靈，我可摸着；祂是在我靈裏流；
lyrics_bb_text/bb110.txt,32,里面,按照膏油的教导，经常住在主里面；,按照膏油的教導，經常住在主裏面；,按照膏油的教導，經常住在主裏面；
lyrics_bb_text/bb112.txt,2,里,转入灵里,轉入靈裏,轉入靈裏
lyrics_bb_text/bb112.txt,6,里,转入灵里，转入实际灵里！,轉入靈裏，轉入實際靈裏！,轉入靈裏，轉入實際靈裏！
lyrics_bb_text/bb112.txt,7,里,转入灵里，转入实际灵里！,轉入靈裏，轉入實際靈裏！,轉入靈裏，轉入實際靈裏！
lyrics_bb_text/bb112.txt,8,里面,从外面字句、道理，转入灵里；,從外面字句、道理，轉入靈裏；,從外面字句、道理，轉入靈裏；
lyrics_bb_text/bb112.txt,9,里,哦，转入、转入，要转入灵里！,哦，轉入、轉入，要轉入靈裏！,哦，轉入、轉入，要轉入靈裏！
lyrics_bb_text/bb112.txt,11,里,实际是在灵里！（荣耀，阿利路亚！）,實際是在靈裏！（榮耀，阿利路亞！）,實際是在靈裏！（榮耀，阿利路亞！）
lyrics_bb_text/bb112.txt,12,里,转入实际灵里，直到转得彻底；,轉入實際靈裏，直到轉得徹底；,轉入實際靈裏，直到轉得徹底；
lyrics_bb_text/bb112.txt,16,里,随主往前，灵里随主往前！,隨主往前，靈裏隨主往前！,隨主往前，靈裏隨主往前！
lyrics_bb_text/bb112.txt,17,里,随主往前，灵里随主往前！,隨主往前，靈裏隨主往前！,隨主往前，靈裏隨主往前！
lyrics_bb_text/bb112.txt,21,里,灵里随主往前！（荣耀，阿利路亚！）,靈裏隨主往前！（榮耀，阿利路亞！）,靈裏隨主往前！（榮耀，阿利路亞！）
lyrics_bb_text/bb112.txt,22,里,灵里一直往前，直到荣耀显现！,靈裏一直往前，直到榮耀顯現！,靈裏一直往前，直到榮耀顯現！
lyrics_bb_text/bb113.txt,2,里,回到你灵里,回到你靈裏,回到你靈裏
lyrics_bb_text/bb113.txt,6,里,回到你灵里，在灵中与主相通！,回到你靈裏，在靈中與主相通！,回到你靈裏，在靈中與主相通！
lyrics_bb_text/bb113.txt,7,里,回到你灵里，得着生命供应；,回到你靈裏，得著生命供應；,回到你靈裏，得着生命供應；
lyrics_bb_text/bb113.txt,8,里,回到你灵里，时刻来呼喊主名！,回到你靈裏，時刻來呼喊主名！,回到你靈裏，時刻來呼喊主名！
lyrics_bb_text/bb113.txt,9,里,回到你灵里，活在灵中。 ,回到你靈裏，活在靈中。 ,回到你靈裏，活在靈中。 
lyrics_bb_text/bb113.txt,12,里,回到你灵里，在灵中与主相通！,回到你靈裏，在靈中與主相通！,回到你靈裏，在靈中與主相通！
lyrics_bb_text/bb113.txt,13,里,回到你灵里，这会使你歌唱；,回到你靈裏，這會使你歌唱；,回到你靈裏，這會使你歌唱；
lyrics_bb_text/bb113.txt,14,里,回到你灵里，正当事情在繁忙；,回到你靈裏，正當事情在繁忙；,回到你靈裏，正當事情在繁忙；
lyrics_bb_text/bb113.txt,15,里,回到你灵里，活在灵中。 ,回到你靈裏，活在靈中。 ,回到你靈裏，活在靈中。 
lyrics_bb_text/bb113.txt,18,里,回到你灵里，在灵中与主相通！,回到你靈裏，在靈中與主相通！,回到你靈裏，在靈中與主相通！
lyrics_bb_text/bb113.txt,19,里,回到你灵里，不管下沉、高昂；,回到你靈裏，不管下沉、高昂；,回到你靈裏，不管下沉、高昂；
lyrics_bb_text/bb113.txt,21,里,回到你灵里，活在灵中。 ,回到你靈裏，活在靈中。 ,回到你靈裏，活在靈中。 
lyrics_bb_text/bb114.txt,2,里,得着释放在灵里,得著釋放在靈裏,得着釋放在靈裏
lyrics_bb_text/bb114.txt,12,里,我们已得着释放，在灵里！（在灵里）,我們已得著釋放，在靈裏！（在靈裏）,我們已得着釋放，在靈裏！（在靈裏）
lyrics_bb_text/bb114.txt,13,里,我们已得着释放，在灵里！（在灵里）,我們已得著釋放，在靈裏！（在靈裏）,我們已得着釋放，在靈裏！（在靈裏）
lyrics_bb_text/bb114.txt,15,里,我们已得着释放，在灵里！（在灵里）,我們已得著釋放，在靈裏！（在靈裏）,我們已得着釋放，在靈裏！（在靈裏）
lyrics_bb_text/bb115.txt,2,里,在灵里享受,在靈裏享受,在靈裏享受
lyrics_bb_text/bb115.txt,6,里,饱尝我基督在灵里，吃喝祂，享受祂，,飽嘗我基督在靈裏，喫喝祂，享受祂，,飽嘗我基督在靈裏，喫喝祂，享受祂，
lyrics_bb_text/bb115.txt,8,里,安息又饱足不止息。在灵里，在灵里，,安息又飽足不止息。在靈裏，在靈裏，,安息又飽足不止息。在靈裏，在靈裏，
lyrics_bb_text/bb115.txt,9,里,饱尝我基督在灵里；在灵里，在灵里，,飽嘗我基督在靈裏；在靈裏，在靈裏，,飽嘗我基督在靈裏；在靈裏，在靈裏，
lyrics_bb_text/bb115.txt,10,里,在灵里，享受主基督，在灵里！,在靈裏，享受主基督，在靈裏！,在靈裏，享受主基督，在靈裏！
lyrics_bb_text/bb116.txt,2,里,在灵里向主歌唱,在靈裏向主歌唱,在靈裏向主歌唱
lyrics_bb_text/bb116.txt,7,里,我们要在灵里向主歌唱，,我們要在靈裏向主歌唱，,我們要在靈裏向主歌唱，
lyrics_bb_text/bb116.txt,8,里面,我们要从里面向主唱，,我們要從裏面向主唱，,我們要從裏面向主唱，
lyrics_bb_text/bb116.txt,13,里面,我们曾多年在宗教里面，,我們曾多年在宗教裏面，,我們曾多年在宗教裏面，
lyrics_bb_text/bb116.txt,14,里,我们曾多年在心思里，,我們曾多年在心思裏，,我們曾多年在心思裏，
lyrics_bb_text/bb116.txt,15,里面,我们曾多年在情感里面，,我們曾多年在情感裏面，,我們曾多年在情感裏面，
lyrics_bb_text/bb116.txt,16,里,一直追求却在黑暗里。,一直追求卻在黑暗裏。,一直追求卻在黑暗裏。
lyrics_bb_text/bb116.txt,19,里,今我们操练灵里接触主,今我們操練靈裏接觸主,今我們操練靈裏接觸主
lyrics_bb_text/bb116.txt,22,斗,脱离挣扎奋斗的痛苦。,脫離掙扎奮鬥的痛苦。,脱離掙扎奮鬥的痛苦。
lyrics_bb_text/bb116.txt,25,里,阿利路亚！圣灵里的生命，,阿利路亞！聖靈裏的生命，,阿利路亞！聖靈裏的生命，
lyrics_bb_text/bb116.txt,26,里面,阿利路亚！里面的新样。,阿利路亞！裏面的新樣。,阿利路亞！裏面的新樣。
lyrics_bb_text/bb117.txt,2,里,在灵里行事,在靈裏行事,在靈裏行事
lyrics_bb_text/bb117.txt,6,里,我们已定意在灵里行事，,我們已定意在靈裏行事，,我們已定意在靈裏行事，
lyrics_bb_text/bb117.txt,7,里,我们已定意在灵里行事，,我們已定意在靈裏行事，,我們已定意在靈裏行事，
lyrics_bb_text/bb117.txt,8,里,我们已定意在灵里行事，,我們已定意在靈裏行事，,我們已定意在靈裏行事，
lyrics_bb_text/bb117.txt,9,里,在灵里，阿利路亚！,在靈裏，阿利路亞！,在靈裏，阿利路亞！
lyrics_bb_text/bb117.txt,12,里,在灵里行事，喊‘哦，主耶稣’！,在靈裏行事，喊‘哦，主耶穌’！,在靈裏行事，喊‘哦，主耶穌’！
lyrics_bb_text/bb117.txt,13,里,在灵里行事，喊‘哦，主耶稣’！,在靈裏行事，喊‘哦，主耶穌’！,在靈裏行事，喊‘哦，主耶穌’！
lyrics_bb_text/bb117.txt,14,里,在灵里行事，喊‘哦，主耶稣’！,在靈裏行事，喊‘哦，主耶穌’！,在靈裏行事，喊‘哦，主耶穌’！
lyrics_bb_text/bb117.txt,30,复,神正在恢复召会的生活，,神正在恢復召會的生活，,神正在恢復召會的生活，
lyrics_bb_text/bb117.txt,31,复,神正在恢复召会的生活，,神正在恢復召會的生活，,神正在恢復召會的生活，
lyrics_bb_text/bb117.txt,32,复,神正在恢复召会的生活，,神正在恢復召會的生活，,神正在恢復召會的生活，
lyrics_bb_text/bb118.txt,6,里,哦我神，在你里，有永远的生命，,哦我神，在你裏，有永遠的生命，,哦我神，在你裏，有永遠的生命，
lyrics_bb_text/bb118.txt,7,复里,这生命在子里得显明。如今主复活里,這生命在子裏得顯明。如今主復活裏,這生命在子裏得顯明。如今主復活裏
lyrics_bb_text/bb118.txt,8,里,已成为生命灵，在我里点活我，赐生命。,已成為生命靈，在我裏點活我，賜生命。,已成為生命靈，在我裏點活我，賜生命。
lyrics_bb_text/bb119.txt,8,里,主是赐生命者，住在我里；,主是賜生命者，住在我裏；,主是賜生命者，住在我裏；
lyrics_bb_text/bb120.txt,2,里面,主活在我里面,主活在我裏面,主活在我裏面
lyrics_bb_text/bb120.txt,8,里面,今蒙主话照明得知，主活在我里面。,今蒙主話照明得知，主活在我裏面。,今蒙主話照明得知，主活在我裏面。
lyrics_bb_text/bb120.txt,10,里面,主活我里面，主活我里面，,主活我裏面，主活我裏面，,主活我裏面，主活我裏面，
lyrics_bb_text/bb120.txt,11,里面,哦，这是何等救恩，主竟活我里面。,哦，這是何等救恩，主竟活我裏面。,哦，這是何等救恩，主竟活我裏面。
lyrics_bb_text/bb120.txt,15,里面,生命，光，爱从主而来，祂活在我里面。,生命，光，愛從主而來，祂活在我裏面。,生命，光，愛從主而來，祂活在我裏面。
lyrics_bb_text/bb120.txt,18,于,正如花朵隐于花籽，树木孕于种子，,正如花朵隱於花籽，樹木孕於種子，,正如花朵隱於花籽，樹木孕於種子，
lyrics_bb_text/bb120.txt,19,里面,同样，满带实际、恩典，主活在我里面。,同樣，滿帶實際、恩典，主活在我裏面。,同樣，滿帶實際、恩典，主活在我裏面。
lyrics_bb_text/bb120.txt,23,里面,我被吸引不断思量，主活在我里面。,我被吸引不斷思量，主活在我裏面。,我被吸引不斷思量，主活在我裏面。
lyrics_bb_text/bb121.txt,2,里,祂活在我里,祂活在我裏,祂活在我裏
lyrics_bb_text/bb121.txt,6,里,耶稣是我主，祂活在我里；,耶穌是我主，祂活在我裏；,耶穌是我主，祂活在我裏；
lyrics_bb_text/bb121.txt,8,里,哦，阿利路亚！祂活在我里！,哦，阿利路亞！祂活在我裏！,哦，阿利路亞！祂活在我裏！
lyrics_bb_text/bb121.txt,11,尽,世界尽都是充满了空虚，,世界盡都是充滿了空虛，,世界盡都是充滿了空虛，
lyrics_bb_text/bb121.txt,14,里,祂活在我里！,祂活在我裏！,祂活在我裏！
lyrics_bb_text/bb122.txt,8,只,但是不能只看见而已，,但是不能只看見而已，,但是不能只看見而已，
lyrics_bb_text/bb122.txt,9,历,祂在我们所有的经历，必须是一切。,祂在我們所有的經歷，必須是一切。,祂在我們所有的經歷，必須是一切。
lyrics_bb_text/bb122.txt,10,面,祷告之时瞻仰祂荣面，,禱告之時瞻仰祂榮面，,禱告之時瞻仰祂榮面，
lyrics_bb_text/bb122.txt,15,只,只要我们在每一时间，在每一天，,只要我們在每一時間，在每一天，,只要我們在每一時間，在每一天，
lyrics_bb_text/bb122.txt,17,历,随处多方回到祂前─经历祂的实际须具体！,隨處多方回到祂前─經歷祂的實際須具體！,隨處多方回到祂前─經歷祂的實際須具體！
lyrics_bb_text/bb122.txt,19,历只,只要应用祂就必经历─,只要應用祂就必經歷─,只要應用祂就必經歷─
lyrics_bb_text/bb122.txt,32,面,外面的人虽然渐渐毁坏，,外面的人雖然漸漸毀壞，,外面的人雖然漸漸毀壞，
lyrics_bb_text/bb122.txt,33,里面,里面的人却新起来─周围的人就都能看见，,裏面的人卻新起來─周圍的人就都能看見，,裏面的人卻新起來─周圍的人就都能看見，
lyrics_bb_text/bb122.txt,34,里面,宝贝实际在瓦器里面，,寶貝實際在瓦器裏面，,寶貝實際在瓦器裏面，
lyrics_bb_text/bb123.txt,2,里面,耶稣活在我里面,耶穌活在我裏面,耶穌活在我裏面
lyrics_bb_text/bb123.txt,7,里面,耶稣如今活在我的里面。,耶穌如今活在我的裏面。,耶穌如今活在我的裏面。
lyrics_bb_text/bb123.txt,9,里面,耶稣活在我里面。,耶穌活在我裏面。,耶穌活在我裏面。
lyrics_bb_text/bb124.txt,9,里面,我们心中充满喜乐，主在我们里面活着，,我們心中充滿喜樂，主在我們裏面活著，,我們心中充滿喜樂，主在我們裏面活着，
lyrics_bb_text/bb124.txt,10,里面,主在我们里面活着！ ,主在我們裏面活著！ ,主在我們裏面活着！ 
lyrics_bb_text/bb125.txt,7,里,主是生命种子，已经撒在我们心里，,主是生命種子，已經撒在我們心裏，,主是生命種子，已經撒在我們心裏，
lyrics_bb_text/bb125.txt,8,发,祂要发苗渐渐长大，长成祂的身量。,祂要發苗漸漸長大，長成祂的身量。,祂要發苗漸漸長大，長成祂的身量。
lyrics_bb_text/bb125.txt,9,只,祂不需要规条，仪文，只需活水浇灌；,祂不需要規條，儀文，只需活水澆灌；,祂不需要規條，儀文，只需活水澆灌；
lyrics_bb_text/bb125.txt,12,里面,祂撒在我的里面，长大并达到成熟。,祂撒在我的裏面，長大並達到成熟。,祂撒在我的裏面，長大並達到成熟。
lyrics_bb_text/bb125.txt,17,面,直到麦子磨成细面并作成一个饼，,直到麥子磨成細麵並作成一個餅，,直到麥子磨成細麵並作成一個餅，
lyrics_bb_text/bb125.txt,23,面,种子已种，麦子长成，细面是那成品，,種子已種，麥子長成，細麵是那成品，,種子已種，麥子長成，細麵是那成品，
lyrics_bb_text/bb125.txt,24,里,我们乃是神的田地在合一里长进。,我們乃是神的田地在合一裏長進。,我們乃是神的田地在合一裏長進。
lyrics_bb_text/bb125.txt,31,于,神的建造乃在于精金、宝石和银子，,神的建造乃在於精金、寶石和銀子，,神的建造乃在於精金、寶石和銀子，
lyrics_bb_text/bb125.txt,32,面,为着变化，细面需经多少压榨苦楚！,為著變化，細麵需經多少壓榨苦楚！,為着變化，細麵需經多少壓榨苦楚！
lyrics_bb_text/bb125.txt,33,面,麦子不能停在细面阶段自满自足，,麥子不能停在細麵階段自滿自足，,麥子不能停在細麵階段自滿自足，
lyrics_bb_text/bb125.txt,35,历面,细面须经历痛苦，才能变成宝石；,細麵須經歷痛苦，纔能變成寶石；,細麵須經歷痛苦，纔能變成寶石；
lyrics_bb_text/bb125.txt,36,后,然后建造在一起，完全达到祂旨意。,然後建造在一起，完全達到祂旨意。,然後建造在一起，完全達到祂旨意。
lyrics_bb_text/bb125.txt,41,复,荣耀之主死而复活，经过生产之苦，,榮耀之主死而復活，經過生產之苦，,榮耀之主死而復活，經過生產之苦，
lyrics_bb_text/bb125.txt,42,于,终于得着召会─新妇，叫祂心满意足。,終於得著召會─新婦，叫祂心滿意足。,終於得着召會─新婦，叫祂心滿意足。
lyrics_bb_text/bb125.txt,47,里,愿主保守我们灵里贫穷，清心向主；,願主保守我們靈裏貧窮，清心向主；,願主保守我們靈裏貧窮，清心向主；
lyrics_bb_text/bb126.txt,6,里,生命的种子撒我里，我要让祂长大；,生命的種子撒我裏，我要讓祂長大；,生命的種子撒我裏，我要讓祂長大；
lyrics_bb_text/bb126.txt,7,里,生命的种子撒我里，,生命的種子撒我裏，,生命的種子撒我裏，
lyrics_bb_text/bb127.txt,7,于,在于你的国度。,在於你的國度。,在於你的國度。
lyrics_bb_text/bb127.txt,9,里,不必等候那日显明，你把我们已迁国里；,不必等候那日顯明，你把我們已遷國裏；,不必等候那日顯明，你把我們已遷國裏；
lyrics_bb_text/bb127.txt,10,只里面,只要让你在里面长大，国度就得彰显。,只要讓你在裏面長大，國度就得彰顯。,只要讓你在裏面長大，國度就得彰顯。
lyrics_bb_text/bb127.txt,13,里,神的国度是基督扩展：种子已撒我里；,神的國度是基督擴展：種子已撒我裏；,神的國度是基督擴展：種子已撒我裏；
lyrics_bb_text/bb127.txt,19,里,在好土里麦苗快生长，果实麦子结出；,在好土裏麥苗快生長，果實麥子結出；,在好土裏麥苗快生長，果實麥子結出；
lyrics_bb_text/bb127.txt,20,面,然而麦子须成为细面，好作神人食物。,然而麥子須成為細麵，好作神人食物。,然而麥子須成為細麵，好作神人食物。
lyrics_bb_text/bb127.txt,22,里,成为一个圣洁的素祭，主里紧紧相联。,成為一個聖潔的素祭，主裏緊緊相聯。,成為一個聖潔的素祭，主裏緊緊相聯。
lyrics_bb_text/bb127.txt,26,里,在圣灵里变质而长成─金银、宝石、珍珠。,在聖靈裏變質而長成─金銀、寶石、珍珠。,在聖靈裏變質而長成─金銀、寶石、珍珠。
lyrics_bb_text/bb127.txt,32,历,虽然经历百般的痛苦，生命却更长成。,雖然經歷百般的痛苦，生命卻更長成。,雖然經歷百般的痛苦，生命卻更長成。
lyrics_bb_text/bb127.txt,34,里面,祂在里面不断的增长，直到神人合一。,祂在裏面不斷的增長，直到神人合一。,祂在裏面不斷的增長，直到神人合一。
lyrics_bb_text/bb128.txt,7,里,满带着丰富在我里，,滿帶著豐富在我裏，,滿帶着豐富在我裏，
lyrics_bb_text/bb128.txt,8,复里,复活里成长运行不息，,復活裏成長運行不息，,復活裏成長運行不息，
lyrics_bb_text/bb128.txt,14,里,在我里运行不息，好叫我天天变化成长，,在我裏運行不息，好叫我天天變化成長，,在我裏運行不息，好叫我天天變化成長，
lyrics_bb_text/bb128.txt,16,历,愿我有国度的实际，有召会生活的经历，,願我有國度的實際，有召會生活的經歷，,願我有國度的實際，有召會生活的經歷，
lyrics_bb_text/bb130.txt,9,里,基督安家在我心里，,基督安家在我心裏，,基督安家在我心裏，
lyrics_bb_text/bb131.txt,9,里面,我的新人在我灵里住，在我里面如活井涌出，,我的新人在我靈裏住，在我裏面如活井湧出，,我的新人在我靈裏住，在我裏面如活井湧出，
lyrics_bb_text/bb131.txt,11,里,基督在我灵里作人位，我心天天向他不别归，,基督在我靈裏作人位，我心天天向他不別歸，,基督在我靈裏作人位，我心天天向他不別歸，
lyrics_bb_text/bb131.txt,12,里面,好让里面的人有个家：一个地方可以安息，,好讓裏面的人有個家：一個地方可以安息，,好讓裏面的人有個家：一個地方可以安息，
lyrics_bb_text/bb131.txt,13,里,一个地方成为他的─那里是我完全的实际，,一個地方成為他的─那裏是我完全的實際，,一個地方成為他的─那裏是我完全的實際，
lyrics_bb_text/bb131.txt,14,里,将他所是向我全开启，丰丰富富居住我心里，,將他所是向我全開啟，豐豐富富居住我心裏，,將他所是向我全開啓，豐豐富富居住我心裏，
lyrics_bb_text/bb131.txt,18,里,藉这人位成形在我里，我成他身上的一肢体，,藉這人位成形在我裏，我成他身上的一肢體，,藉這人位成形在我裏，我成他身上的一肢體，
lyrics_bb_text/bb131.txt,19,里,所有行动都不再单独，全在配搭里。,所有行動都不再單獨，全在配搭裏。,所有行動都不再單獨，全在配搭裏。
lyrics_bb_text/bb131.txt,21,干,天天拆毁直到拆干净，基督作一切！,天天拆毀直到拆乾淨，基督作一切！,天天拆毀直到拆乾淨，基督作一切！
lyrics_bb_text/bb132.txt,9,复,藉着十架败坏魔鬼，以‘人子’复活升天！,藉著十架敗壞魔鬼，以‘人子’復活升天！,藉着十架敗壞魔鬼，以‘人子’復活升天！
lyrics_bb_text/bb132.txt,14,里,如今我在灵的里头，拥有祂一切美德。,如今我在靈的裏頭，擁有祂一切美德。,如今我在靈的裏頭，擁有祂一切美德。
lyrics_bb_text/bb132.txt,17,里,祂作人的匀细生命，乃是在耶稣灵里，,祂作人的勻細生命，乃是在耶穌靈裏，,祂作人的勻細生命，乃是在耶穌靈裏，
lyrics_bb_text/bb132.txt,22,里面,何等奥秘，却极真实，人子在我里面住！,何等奧祕，卻極真實，人子在我裏面住！,何等奧祕，卻極真實，人子在我裏面住！
lyrics_bb_text/bb132.txt,23,里面,祂正伸展到我全人，要从我里面活出。,祂正伸展到我全人，要從我裏面活出。,祂正伸展到我全人，要從我裏面活出。
lyrics_bb_text/bb133.txt,14,恶,在这世代，罪恶猖獗，弯曲败坏，悖逆刚硬，,在這世代，罪惡猖獗，彎曲敗壞，悖逆剛硬，,在這世代，罪惡猖獗，彎曲敗壞，悖逆剛硬，
lyrics_bb_text/bb133.txt,20,后,从这一个女人后裔，神来成为肉身，,從這一個女人後裔，神來成為肉身，,從這一個女人後裔，神來成為肉身，
lyrics_bb_text/bb133.txt,21,后,这人耶稣─末后亚当─摧毁撒但诡计。,這人耶穌─末後亞當─摧毀撒但詭計。,這人耶穌─末後亞當─摧毀撒但詭計。
lyrics_bb_text/bb133.txt,27,里面,在这不法世代里面，蒙祂人性保全。,在這不法世代裏面，蒙祂人性保全。,在這不法世代裏面，蒙祂人性保全。
lyrics_bb_text/bb134.txt,7,历尽,降世为人，历尽忧苦；,降世為人，歷盡憂苦；,降世為人，歷盡憂苦；
lyrics_bb_text/bb134.txt,9,复,从死复活，化身那灵，,從死復活，化身那靈，,從死復活，化身那靈，
lyrics_bb_text/bb134.txt,18,获里面,在主里面我获得新生，,在主裏面我獲得新生，,在主裏面我獲得新生，
lyrics_bb_text/bb134.txt,27,于,使我忠诚，紧联于你灵，,使我忠誠，緊聯於你靈，,使我忠誠，緊聯於你靈，
lyrics_bb_text/bb136.txt,9,复,我得复兴在祂生命滋润中；,我得復興在祂生命滋潤中；,我得復興在祂生命滋潤中；
lyrics_bb_text/bb137.txt,11,复,从阴间上来又复起；,從陰間上來又復起；,從陰間上來又復起；
lyrics_bb_text/bb137.txt,12,里,今犹如空气在我口里，,今猶如空氣在我口裏，,今猶如空氣在我口裏，
lyrics_bb_text/bb137.txt,17,里,你今就在我心里！,你今就在我心裏！,你今就在我心裏！
lyrics_bb_text/bb137.txt,18,复,（重复一至四行） ,（重複一至四行） ,（重複一至四行） 
lyrics_bb_text/bb137.txt,33,复,（重复一至四行） ,（重複一至四行） ,（重複一至四行） 
lyrics_bb_text/bb138.txt,11,复,赐福的雨必然降临，带来生命的复兴；,賜福的雨必然降臨，帶來生命的復興；,賜福的雨必然降臨，帶來生命的復興；
lyrics_bb_text/bb138.txt,12,谷,宝贵甘霖滋润大地，山谷中沛雨充盈。,寶貴甘霖滋潤大地，山谷中沛雨充盈。,寶貴甘霖滋潤大地，山谷中沛雨充盈。
lyrics_bb_text/bb138.txt,27,尽,处处滴落尽是怜悯，哦，求恩雨来浇透。 ,處處滴落盡是憐憫，哦，求恩雨來澆透。 ,處處滴落盡是憐憫，哦，求恩雨來澆透。 
lyrics_bb_text/bb139.txt,11,于,香料加上油，四调和于一，,香料加上油，四調和於一，,香料加上油，四調和於一，
lyrics_bb_text/bb139.txt,12,复,终成复合之灵；,終成複合之靈；,終成複合之靈；
lyrics_bb_text/bb139.txt,13,复,基督之死甜美，基督复活馨香，,基督之死甜美，基督復活馨香，,基督之死甜美，基督復活馨香，
lyrics_bb_text/bb139.txt,14,复,复合成为膏油，流进我灵！,複合成為膏油，流進我靈！,複合成為膏油，流進我靈！
lyrics_bb_text/bb139.txt,17,松,苏合香与香螺，白松香与乳香─,蘇合香與香螺，白松香與乳香─,蘇合香與香螺，白松香與乳香─
lyrics_bb_text/bb139.txt,21,复里,分量各相等，复活里调和，,分量各相等，復活裏調和，,分量各相等，復活裏調和，
lyrics_bb_text/bb139.txt,22,制,加盐制成香物；,加鹽製成香物；,加鹽製成香物；
lyrics_bb_text/bb139.txt,23,于,捣细置于柜前，供神圣火焚烧，,搗細置於櫃前，供神聖火焚燒，,搗細置於櫃前，供神聖火焚燒，
lyrics_bb_text/bb139.txt,31,后,先涂抹膏油，后焚烧馨香，,先塗抹膏油，後焚燒馨香，,先塗抹膏油，後焚燒馨香，
lyrics_bb_text/bb139.txt,32,历,如此经历基督；,如此經歷基督；,如此經歷基督；
lyrics_bb_text/bb139.txt,33,历,祷告赞美高举，出自我们经历，,禱告讚美高舉，出自我們經歷，,禱告讚美高舉，出自我們經歷，
lyrics_bb_text/bb140.txt,2,于,召会实际全在于灵,召會實際全在於靈,召會實際全在於靈
lyrics_bb_text/bb140.txt,7,于,出于圣灵，由灵而生─神人耶稣何神圣；,出於聖靈，由靈而生─神人耶穌何神聖；,出於聖靈，由靈而生─神人耶穌何神聖；
lyrics_bb_text/bb140.txt,9,复,死而复活，成为那灵，如今主就是那灵；,死而復活，成為那靈，如今主就是那靈；,死而復活，成為那靈，如今主就是那靈；
lyrics_bb_text/bb140.txt,13,于,我们受浸归入圣灵，浸于灵中，饮于灵；,我們受浸歸入聖靈，浸於靈中，飲於靈；,我們受浸歸入聖靈，浸於靈中，飲於靈；
lyrics_bb_text/bb140.txt,14,于尽,召会全然出于那灵，宗教、规条尽除摒。,召會全然出於那靈，宗教、規條盡除摒。,召會全然出於那靈，宗教、規條盡除摒。
lyrics_bb_text/bb140.txt,15,里,活在灵里，照灵而行，信条、仪文勿倚凭；,活在靈裏，照靈而行，信條、儀文勿倚憑；,活在靈裏，照靈而行，信條、儀文勿倚憑；
lyrics_bb_text/bb140.txt,16,于,召会实际全在于灵，故当操练活灵中。,召會實際全在於靈，故當操練活靈中。,召會實際全在於靈，故當操練活靈中。
lyrics_bb_text/bb140.txt,22,发,众召会中，那灵发声，凡有耳者当聆听。,眾召會中，那靈發聲，凡有耳者當聆聽。,眾召會中，那靈發聲，凡有耳者當聆聽。
lyrics_bb_text/bb140.txt,26,发,”召会、那灵发声如一─终极、完满的联合。,”召會、那靈發聲如一─終極、完滿的聯合。,”召會、那靈發聲如一─終極、完滿的聯合。
lyrics_bb_text/bb140.txt,28,复,众召会中唯有那灵，是主恢复的,眾召會中唯有那靈，是主恢復的,眾召會中唯有那靈，是主恢復的
lyrics_bb_text/bb141.txt,2,里,神在基督耶稣里成那灵,神在基督耶穌裏成那靈,神在基督耶穌裏成那靈
lyrics_bb_text/bb141.txt,7,里,神在基督耶稣里成那灵，,神在基督耶穌裏成那靈，,神在基督耶穌裏成那靈，
lyrics_bb_text/bb141.txt,8,里,流入我们灵里作生命；,流入我們靈裏作生命；,流入我們靈裏作生命；
lyrics_bb_text/bb141.txt,19,里,祂是活灵住在我们灵里，,祂是活靈住在我們靈裏，,祂是活靈住在我們靈裏，
lyrics_bb_text/bb141.txt,25,里面,哦，让我们配合里面的主，,哦，讓我們配合裏面的主，,哦，讓我們配合裏面的主，
lyrics_bb_text/bb141.txt,26,只,目標专一，只思念基督；,目標專一，只思念基督；,目標專一，只思念基督；
lyrics_bb_text/bb142.txt,7,历,我神乃是澎湃水流，历世历代涌流不休；,我神乃是澎湃水流，歷世歷代湧流不休；,我神乃是澎湃水流，歷世歷代湧流不休；
lyrics_bb_text/bb142.txt,8,历尽里,种种过程祂已尽历，为要流进卑微人里。,種種過程祂已盡歷，為要流進卑微人裏。,種種過程祂已盡歷，為要流進卑微人裏。
lyrics_bb_text/bb142.txt,10,历里面,历经多方变迁，现今涌流我们里面！,歷經多方變遷，現今湧流我們裏面！,歷經多方變遷，現今湧流我們裏面！
lyrics_bb_text/bb142.txt,15,里,这河涌流不息，直至永世无已；神在羔羊里流，,這河湧流不息，直至永世無已；神在羔羊裏流，,這河湧流不息，直至永世無已；神在羔羊裏流，
lyrics_bb_text/bb142.txt,16,尽,树果供应丰厚，神圣分赐无尽、悠久！,樹果供應豐厚，神聖分賜無盡、悠久！,樹果供應豐厚，神聖分賜無盡、悠久！
lyrics_bb_text/bb143.txt,8,复,是神眷临，使人翻转得复兴；来吹动！来吹动！,是神眷臨，使人翻轉得復興；來吹動！來吹動！,是神眷臨，使人翻轉得復興；來吹動！來吹動！
lyrics_bb_text/bb143.txt,10,复里,来吹动！恩典大风吹动，使我主里得复兴！,來吹動！恩典大風吹動，使我主裏得復興！,來吹動！恩典大風吹動，使我主裏得復興！
lyrics_bb_text/bb143.txt,13,云,看哪，还有一朵大云随风到；来覆罩！来覆罩！,看哪，還有一朵大雲隨風到；來覆罩！來覆罩！,看哪，還有一朵大雲隨風到；來覆罩！來覆罩！
lyrics_bb_text/bb143.txt,14,云,主同在如云满足所有需要；来覆罩！来覆罩！,主同在如雲滿足所有需要；來覆罩！來覆罩！,主同在如雲滿足所有需要；來覆罩！來覆罩！
lyrics_bb_text/bb143.txt,16,云,来覆罩！神恩如云围绕，带来安慰和荣耀！,來覆罩！神恩如雲圍繞，帶來安慰和榮耀！,來覆罩！神恩如雲圍繞，帶來安慰和榮耀！
lyrics_bb_text/bb143.txt,19,云,云中又有烈火不断的闪烁；来焚烧！来焚烧！,雲中又有烈火不斷的閃爍；來焚燒！來焚燒！,雲中又有烈火不斷的閃爍；來焚燒！來焚燒！
lyrics_bb_text/bb143.txt,22,尽,来焚烧！神外一切尽脱，天然、旧造都灭没！,來焚燒！神外一切盡脫，天然、舊造都滅沒！,來焚燒！神外一切盡脱，天然、舊造都滅沒！
lyrics_bb_text/bb143.txt,25,发,火中发出金银合金显光耀；在显耀！在显耀！,火中發出金銀合金顯光耀；在顯耀！在顯耀！,火中發出金銀合金顯光耀；在顯耀！在顯耀！
lyrics_bb_text/bb143.txt,26,历,救赎之神经历宝贵又高超；在显耀！在显耀！,救贖之神經歷寶貴又高超；在顯耀！在顯耀！,救贖之神經歷寶貴又高超；在顯耀！在顯耀！
lyrics_bb_text/bb143.txt,28,于,在显耀！救赎之神荣耀，彰显于人，何奇妙！,在顯耀！救贖之神榮耀，彰顯於人，何奇妙！,在顯耀！救贖之神榮耀，彰顯於人，何奇妙！
lyrics_bb_text/bb143.txt,31,云历,风、云、火、金的经历将人点活；多又多！多又多！,風、雲、火、金的經歷將人點活；多又多！多又多！,風、雲、火、金的經歷將人點活；多又多！多又多！
lyrics_bb_text/bb143.txt,33,云,风吹到！云覆罩！火焚烧！金银合金显荣耀！,風吹到！雲覆罩！火焚燒！金銀合金顯榮耀！,風吹到！雲覆罩！火焚燒！金銀合金顯榮耀！
lyrics_bb_text/bb144.txt,8,里,让这律自动运行在你里，阿们生命之律！,讓這律自動運行在你裏，阿們生命之律！,讓這律自動運行在你裏，阿們生命之律！
lyrics_bb_text/bb144.txt,32,里,直至祂充满内里各部分，阿们生命之律！,直至祂充滿內裏各部分，阿們生命之律！,直至祂充滿內裏各部分，阿們生命之律！
lyrics_bb_text/bb145.txt,6,征,基督要从我灵深处，向外扩展并征服─,基督要從我靈深處，向外擴展並征服─,基督要從我靈深處，向外擴展並征服─
lyrics_bb_text/bb145.txt,7,尽志,心思、情感、意志各部，尽都充满祂丰富。,心思、情感、意志各部，盡都充滿祂豐富。,心思、情感、意志各部，盡都充滿祂豐富。
lyrics_bb_text/bb145.txt,8,尽,基督作王，悖逆全除，黑暗尽去，光显露；,基督作王，悖逆全除，黑暗盡去，光顯露；,基督作王，悖逆全除，黑暗盡去，光顯露；
lyrics_bb_text/bb145.txt,10,复,这是得胜主的恢复，上好！我们齐欢呼！,這是得勝主的恢復，上好！我們齊歡呼！,這是得勝主的恢復，上好！我們齊歡呼！
lyrics_bb_text/bb146.txt,2,历,经历包罗万有的灵,經歷包羅萬有的靈,經歷包羅萬有的靈
lyrics_bb_text/bb146.txt,6,复里,哦主，你在复活里，已成赐生命之灵；,哦主，你在復活裏，已成賜生命之靈；,哦主，你在復活裏，已成賜生命之靈；
lyrics_bb_text/bb146.txt,7,复,使我与你同复起，使我重生得生命。,使我與你同復起，使我重生得生命。,使我與你同復起，使我重生得生命。
lyrics_bb_text/bb146.txt,14,里,如今这灵已内住，在你无数肢体里；,如今這靈已內住，在你無數肢體裏；,如今這靈已內住，在你無數肢體裏；
lyrics_bb_text/bb146.txt,22,借,借着你灵的率领，见证向外能普及；,藉著你靈的率領，見證向外能普及；,藉着你靈的率領，見證向外能普及；
lyrics_bb_text/bb147.txt,6,里,我神如今你已成那灵，藉你话语实化我灵里；,我神如今你已成那靈，藉你話語實化我靈裏；,我神如今你已成那靈，藉你話語實化我靈裏；
lyrics_bb_text/bb147.txt,7,历,运用我灵来接触你话，话中之灵我就能经历。,運用我靈來接觸你話，話中之靈我就能經歷。,運用我靈來接觸你話，話中之靈我就能經歷。
lyrics_bb_text/bb147.txt,10,里,你之所是及一切属性，全都具体实化基督里；,你之所是及一切屬性，全都具體實化基督裏；,你之所是及一切屬性，全都具體實化基督裏；
lyrics_bb_text/bb147.txt,11,历,我享你灵、你话、你自己，经历中作我爱、光、圣、义。,我享你靈、你話、你自己，經歷中作我愛、光、聖、義。,我享你靈、你話、你自己，經歷中作我愛、光、聖、義。
lyrics_bb_text/bb147.txt,14,里,住你话里就是住你里，我在爱里藉话享受你；,住你話裏就是住你裏，我在愛裏藉話享受你；,住你話裏就是住你裏，我在愛裏藉話享受你；
lyrics_bb_text/bb147.txt,15,里,你住我里与我成为一，我活出你，彰显你秘密。,你住我裏與我成為一，我活出你，彰顯你祕密。,你住我裏與我成為一，我活出你，彰顯你祕密。
lyrics_bb_text/bb147.txt,17,里,主阿！你话离我并不远，在我口里也在我心里，,主阿！你話離我並不遠，在我口裏也在我心裏，,主阿！你話離我並不遠，在我口裏也在我心裏，
lyrics_bb_text/bb148.txt,7,里,神格一切的丰满都有形有体住在祂里。,神格一切的豐滿都有形有體住在祂裏。,神格一切的豐滿都有形有體住在祂裏。
lyrics_bb_text/bb148.txt,20,里,在人性里，来救赎洗净；在神性里，作救恩保证。,在人性裏，來救贖洗淨；在神性裏，作救恩保證。,在人性裏，來救贖洗淨；在神性裏，作救恩保證。
lyrics_bb_text/bb148.txt,27,后,哦，应许的后裔！祂毁坏古蛇，胜过魔鬼诡计。,哦，應許的後裔！祂毀壞古蛇，勝過魔鬼詭計。,哦，應許的後裔！祂毀壞古蛇，勝過魔鬼詭計。
lyrics_bb_text/bb148.txt,30,复里,在基督的复活里，这位奇妙三一成为那灵；,在基督的復活裏，這位奇妙三一成為那靈；,在基督的復活裏，這位奇妙三一成為那靈；
lyrics_bb_text/bb148.txt,33,于,子与父是一灵，祂成为那灵，今内住于我灵。,子與父是一靈，祂成為那靈，今內住於我靈。,子與父是一靈，祂成為那靈，今內住於我靈。
lyrics_bb_text/bb148.txt,36,里,这奇妙人子在升天里，仍是一人在神右边；,這奇妙人子在升天裏，仍是一人在神右邊；,這奇妙人子在升天裏，仍是一人在神右邊；
lyrics_bb_text/bb148.txt,45,历尽,分赐永不停息，我们可经历，尽享祂的自己。,分賜永不停息，我們可經歷，盡享祂的自己。,分賜永不停息，我們可經歷，盡享祂的自己。
lyrics_bb_text/bb149.txt,16,后,既是神的儿子，也就是神的后嗣，,既是神的兒子，也就是神的後嗣，,既是神的兒子，也就是神的後嗣，
lyrics_bb_text/bb149.txt,19,系,愿这生命关系，从此更亲、更深。,願這生命關係，從此更親、更深。,願這生命關係，從此更親、更深。
lyrics_bb_text/bb149.txt,22,历,真实主观的经历儿子名分的丰富。,真實主觀的經歷兒子名分的豐富。,真實主觀的經歷兒子名分的豐富。
lyrics_bb_text/bb15.txt,6,里,我要不住赞美称颂神，因祂活在我里，,我要不住讚美稱頌神，因祂活在我裏，,我要不住讚美稱頌神，因祂活在我裏，
lyrics_bb_text/bb15.txt,8,里,我要不住赞美称颂神，因祂活在我里，,我要不住讚美稱頌神，因祂活在我裏，,我要不住讚美稱頌神，因祂活在我裏，
lyrics_bb_text/bb15.txt,11,里,今在灵里我能享受基督作我的一切,今在靈裏我能享受基督作我的一切,今在靈裏我能享受基督作我的一切
lyrics_bb_text/bb15.txt,23,里面,在我里面有生命水流，时刻都在涌流，,在我裏面有生命水流，時刻都在湧流，,在我裏面有生命水流，時刻都在湧流，
lyrics_bb_text/bb15.txt,25,里面,在我里面有生命水流，祂是生命泉源，,在我裏面有生命水流，祂是生命泉源，,在我裏面有生命水流，祂是生命泉源，
lyrics_bb_text/bb150.txt,6,里,灵里贫穷的人有福了，因为诸天的国是他们的。,靈裏貧窮的人有福了，因為諸天的國是他們的。,靈裏貧窮的人有福了，因為諸天的國是他們的。
lyrics_bb_text/bb150.txt,12,制,制造和平的人有福了，他们必称为神的儿子。,製造和平的人有福了，他們必稱為神的兒子。,製造和平的人有福了，他們必稱為神的兒子。
lyrics_bb_text/bb16.txt,12,尽,我们今跳跃尽情的欢唱，,我們今跳躍盡情的歡唱，,我們今跳躍盡情的歡唱，
lyrics_bb_text/bb16.txt,13,尽,我们今跳跃尽情的欢唱。,我們今跳躍盡情的歡唱。,我們今跳躍盡情的歡唱。
lyrics_bb_text/bb16.txt,18,复,赞祂从死复活 宝座上为王，,讚祂從死復活 寶座上為王，,讚祂從死復活 寶座上為王，
lyrics_bb_text/bb16.txt,19,复尽,复活的丰富我们能尽尝。,復活的豐富我們能盡嘗。,復活的豐富我們能盡嘗。
lyrics_bb_text/bb16.txt,26,里,赞祂今是那灵活在我灵里，,讚祂今是那靈活在我靈裏，,讚祂今是那靈活在我靈裏，
lyrics_bb_text/bb16.txt,29,历,祂一切丰盛都成我经历。,祂一切豐盛都成我經歷。,祂一切豐盛都成我經歷。
lyrics_bb_text/bb17.txt,15,尽里面,将我里面陈旧全烧尽，,將我裏面陳舊全燒盡，,將我裏面陳舊全燒盡，
lyrics_bb_text/bb17.txt,20,发表,赞，赞，赞，将神心意发表，,讚，讚，讚，將神心意發表，,讚，讚，讚，將神心意發表，
lyrics_bb_text/bb17.txt,21,发里,赞，赞，赞，使我灵里发烧，,讚，讚，讚，使我靈裏發燒，,讚，讚，讚，使我靈裏發燒，
lyrics_bb_text/bb17.txt,35,里面,地方召会，我们已在里面。,地方召會，我們已在裏面。,地方召會，我們已在裏面。
lyrics_bb_text/bb17.txt,38,于,终于完成了神的愿望，在地方召会！,終於完成了神的願望，在地方召會！,終於完成了神的願望，在地方召會！
lyrics_bb_text/bb19.txt,2,面,我在拿撒勒人耶稣面前,我在拿撒勒人耶穌面前,我在拿撒勒人耶穌面前
lyrics_bb_text/bb19.txt,7,面,我在拿撒勒人耶稣面前惊异的站立，,我在拿撒勒人耶穌面前驚異的站立，,我在拿撒勒人耶穌面前驚異的站立，
lyrics_bb_text/bb19.txt,14,只,为我祂在园中祷告：‘只要照你的旨意’；,為我祂在園中禱告：‘只要照你的旨意’；,為我祂在園中禱告：‘只要照你的旨意’；
lyrics_bb_text/bb19.txt,26,里面,当那日与蒙赎的人，在荣耀里见祂面，,當那日與蒙贖的人，在榮耀裏見祂面，,當那日與蒙贖的人，在榮耀裏見祂面，
lyrics_bb_text/bb2.txt,17,发,那坐天上的必发笑， ,那坐天上的必發笑， ,那坐天上的必發笑， 
lyrics_bb_text/bb2.txt,29,复里,‘你是我子（在复活里），,‘你是我子（在復活裏），,‘你是我子（在復活裏），
lyrics_bb_text/bb2.txt,50,里,在爱里亲你爱子。,在愛裏親你愛子。,在愛裏親你愛子。
lyrics_bb_text/bb2.txt,53,只复,只要信靠那复活者， ,只要信靠那復活者， ,只要信靠那復活者， 
lyrics_bb_text/bb20.txt,13,后,你们堕落亚当后代，今成被赎圣徒，,你們墮落亞當後代，今成被贖聖徒，,你們墮落亞當後代，今成被贖聖徒，
lyrics_bb_text/bb20.txt,19,面,祂的苦胆、酸醋，今当到祂面前瞻望。,祂的苦膽、酸醋，今當到祂面前瞻望。,祂的苦膽、酸醋，今當到祂面前瞻望。
lyrics_bb_text/bb201.txt,9,尽,世上最美言辞还不能尽说他价值，,世上最美言辭還不能盡說他價值，,世上最美言辭還不能盡説他價值，
lyrics_bb_text/bb201.txt,16,里面,我们是在召会里面看见他的荣耀，,我們是在召會裏面看見他的榮耀，,我們是在召會裏面看見他的榮耀，
lyrics_bb_text/bb201.txt,22,里面,如今他是活灵，住在我们的灵里面，,如今他是活靈，住在我們的靈裏面，,如今他是活靈，住在我們的靈裏面，
lyrics_bb_text/bb201.txt,23,里,藉他甜美的涂抹，灵里生命更充满！,藉他甜美的塗抹，靈裏生命更充滿！,藉他甜美的塗抹，靈裏生命更充滿！
lyrics_bb_text/bb201.txt,28,复,主已使我们合而为一为着他恢复，,主已使我們合而為一為著他恢復，,主已使我們合而為一為着他恢復，
lyrics_bb_text/bb201.txt,30,于,我们所有、所是，全倾于他而不别归，,我們所有、所是，全傾於他而不別歸，,我們所有、所是，全傾於他而不別歸，
lyrics_bb_text/bb202.txt,15,里,我们已知道那灵基督，住在我们的灵里，,我們已知道那靈基督，住在我們的靈裏，,我們已知道那靈基督，住在我們的靈裏，
lyrics_bb_text/bb202.txt,24,里,永不再在巴比伦徘徊，在召会里美而佳。,永不再在巴比倫徘徊，在召會裏美而佳。,永不再在巴比倫徘徊，在召會裏美而佳。
lyrics_bb_text/bb202.txt,27,历,我们已经历圣徒同聚，是地上最乐的事；,我們已經歷聖徒同聚，是地上最樂的事；,我們已經歷聖徒同聚，是地上最樂的事；
lyrics_bb_text/bb203.txt,7,尽,我们尽情吃喝吸入主。我们来享受这,我們盡情喫喝吸入主。我們來享受這,我們盡情喫喝吸入主。我們來享受這
lyrics_bb_text/bb203.txt,9,尽,我们尽情吃喝吸入主。我们来享受这,我們盡情喫喝吸入主。我們來享受這,我們盡情喫喝吸入主。我們來享受這
lyrics_bb_text/bb203.txt,11,尽,我们尽情吃喝吸入主。我们来享受这,我們盡情喫喝吸入主。我們來享受這,我們盡情喫喝吸入主。我們來享受這
lyrics_bb_text/bb203.txt,13,尽,爱与合一，我们尽情吃喝吸入主。,愛與合一，我們盡情喫喝吸入主。,愛與合一，我們盡情喫喝吸入主。
lyrics_bb_text/bb204.txt,10,尽,可换唱：释放主！释放主！…释放，何必将主丰富尽都扣住。,可換唱：釋放主！釋放主！…釋放，何必將主豐富盡都扣住。,可換唱：釋放主！釋放主！…釋放，何必將主豐富盡都扣住。
lyrics_bb_text/bb206.txt,6,台,我们同站在守望台，更上层楼向前观测；,我們同站在守望臺，更上層樓向前觀測；,我們同站在守望台，更上層樓向前觀測；
lyrics_bb_text/bb206.txt,7,里面,主在里面向我们说，他的日子不再耽搁！,主在裏面向我們說，他的日子不再耽擱！,主在裏面向我們説，他的日子不再耽擱！
lyrics_bb_text/bb206.txt,17,发,无花果树要不发枝，葡萄树要不结果子，,無花果樹要不發枝，葡萄樹要不結果子，,無花果樹要不發枝，葡萄樹要不結果子，
lyrics_bb_text/bb206.txt,21,只,只要享受基督丰富，地上有无就可不顾；,只要享受基督豐富，地上有無就可不顧；,只要享受基督豐富，地上有無就可不顧；
lyrics_bb_text/bb206.txt,22,于,棚内缺牛，圈中绝羊，对于我们没有两样！,棚內缺牛，圈中絕羊，對於我們沒有兩樣！,棚內缺牛，圈中絕羊，對於我們沒有兩樣！
lyrics_bb_text/bb207.txt,8,里,又住在我们灵里，赐我们生命供应，,又住在我們靈裏，賜我們生命供應，,又住在我們靈裏，賜我們生命供應，
lyrics_bb_text/bb209.txt,19,尽,我今尽情吃生命树，因为吃就是路！,我今盡情喫生命樹，因為喫就是路！,我今盡情喫生命樹，因為喫就是路！
lyrics_bb_text/bb209.txt,20,里,生命藉吃加我里头，使我凭祂而活。,生命藉喫加我裏頭，使我憑祂而活。,生命藉喫加我裏頭，使我憑祂而活。
lyrics_bb_text/bb21.txt,6,复,祂是主，祂是主，祂已从死复活，,祂是主，祂是主，祂已從死復活，,祂是主，祂是主，祂已從死復活，
lyrics_bb_text/bb210.txt,25,尽,吃这筵席，真是享福！应有尽有，极其丰富！,喫這筵席，真是享福！應有盡有，極其豐富！,喫這筵席，真是享福！應有盡有，極其豐富！
lyrics_bb_text/bb211.txt,7,里,乃是靠着神口里所出的一切话。,乃是靠著神口裏所出的一切話。,乃是靠着神口裏所出的一切話。
lyrics_bb_text/bb211.txt,25,里,藉着多方的祷告，每次都在灵里。,藉著多方的禱告，每次都在靈裏。,藉着多方的禱告，每次都在靈裏。
lyrics_bb_text/bb211.txt,29,里,要藉着话里的水，来把召会洗净，,要藉著話裏的水，來把召會洗淨，,要藉着話裏的水，來把召會洗淨，
lyrics_bb_text/bb212.txt,24,复里面,我们吃主，里面就被复苏。,我們喫主，裏面就被復蘇。,我們喫主，裏面就被復蘇。
lyrics_bb_text/bb212.txt,29,面,并非为着在外面作君王；乃作食物,並非為著在外面作君王；乃作食物,並非為着在外面作君王；乃作食物
lyrics_bb_text/bb212.txt,30,里面,供我们享受饱足，里面生命引导我们成熟。,供我們享受飽足，裏面生命引導我們成熟。,供我們享受飽足，裏面生命引導我們成熟。
lyrics_bb_text/bb213.txt,2,尽,尽情吃喝,盡情喫喝,盡情喫喝
lyrics_bb_text/bb213.txt,7,里,神今在基督里，成为我们食物。,神今在基督裏，成為我們食物。,神今在基督裏，成為我們食物。
lyrics_bb_text/bb213.txt,8,尽,吃喝、吃喝、吃喝，我们尽情吃喝；,喫喝、喫喝、喫喝，我們盡情喫喝；,喫喝、喫喝、喫喝，我們盡情喫喝；
lyrics_bb_text/bb213.txt,9,复里,在神恢复里，我不知太多。,在神恢復裏，我不知太多。,在神恢復裏，我不知太多。
lyrics_bb_text/bb213.txt,13,只,主在我们口中，只等我们来吃。,主在我們口中，只等我們來喫。,主在我們口中，只等我們來喫。
lyrics_bb_text/bb213.txt,15,复里,在神恢复里，我不知太多。,在神恢復裏，我不知太多。,在神恢復裏，我不知太多。
lyrics_bb_text/bb213.txt,18,面,细嚼、细嚼、细嚼，不是外面工作；,細嚼、細嚼、細嚼，不是外面工作；,細嚼、細嚼、細嚼，不是外面工作；
lyrics_bb_text/bb213.txt,21,只复里,在神恢复里，我只知吃喝。,在神恢復裏，我只知喫喝。,在神恢復裏，我只知喫喝。
lyrics_bb_text/bb214.txt,14,只,脱离一切的老套，只管单单来吃主─,脫離一切的老套，只管單單來喫主─,脱離一切的老套，只管單單來喫主─
lyrics_bb_text/bb214.txt,18,复,神原命定人来吃，吃是今日的恢复，,神原命定人來喫，喫是今日的恢復，,神原命定人來喫，喫是今日的恢復，
lyrics_bb_text/bb214.txt,25,准,吃主构上神标准─要得胜！,喫主構上神標準─要得勝！,喫主構上神標準─要得勝！
lyrics_bb_text/bb214.txt,32,台,为着主的金灯台，为着得胜的男孩，,為著主的金燈臺，為著得勝的男孩，,為着主的金燈台，為着得勝的男孩，
lyrics_bb_text/bb216.txt,18,里面,基督乃是我们河水，在里面涌流；,基督乃是我們河水，在裏面湧流；,基督乃是我們河水，在裏面湧流；
lyrics_bb_text/bb216.txt,26,历,我们操练我们的灵，来经历基督─,我們操練我們的靈，來經歷基督─,我們操練我們的靈，來經歷基督─
lyrics_bb_text/bb217.txt,7,里,我们来，我们来，到神殿里来；我们来，,我們來，我們來，到神殿裏來；我們來，,我們來，我們來，到神殿裏來；我們來，
lyrics_bb_text/bb218.txt,35,复,基督是王死而复活，赐人生命丰盛阔绰；,基督是王死而復活，賜人生命豐盛闊綽；,基督是王死而復活，賜人生命豐盛闊綽；
lyrics_bb_text/bb22.txt,19,于,万族要因祂爱 归于‘大同’。,萬族要因祂愛 歸於‘大同’。,萬族要因祂愛 歸於‘大同’。
lyrics_bb_text/bb22.txt,24,里,在祂国度里完全是和睦，,在祂國度裏完全是和睦，,在祂國度裏完全是和睦，
lyrics_bb_text/bb22.txt,32,发,地上万物都必如春发旺，,地上萬物都必如春發旺，,地上萬物都必如春發旺，
lyrics_bb_text/bb220.txt,2,于,饮于生命活水的泉源,飲於生命活水的泉源,飲於生命活水的泉源
lyrics_bb_text/bb220.txt,7,干,我曾经在巴比伦地干渴度日；,我曾經在巴比倫地乾渴度日；,我曾經在巴比倫地乾渴度日；
lyrics_bb_text/bb220.txt,12,于,我今饮于生命活水泉源，,我今飲於生命活水泉源，,我今飲於生命活水泉源，
lyrics_bb_text/bb220.txt,13,于,我喜出望外， 满足溢于全人！,我喜出望外， 滿足溢於全人！,我喜出望外， 滿足溢於全人！
lyrics_bb_text/bb220.txt,14,于,我今饮于生命活水泉源，,我今飲於生命活水泉源，,我今飲於生命活水泉源，
lyrics_bb_text/bb220.txt,19,里面,经常流进、流出，在我里面。,經常流進、流出，在我裏面。,經常流進、流出，在我裏面。
lyrics_bb_text/bb221.txt,2,于,畅饮于活泉,暢飲於活泉,暢飲於活泉
lyrics_bb_text/bb221.txt,7,于尽,恩典实际涌自基督，尽管畅饮于活泉！,恩典實際湧自基督，儘管暢飲於活泉！,恩典實際湧自基督，儘管暢飲於活泉！
lyrics_bb_text/bb221.txt,8,里面,我们赞美，歌唱不倦，在召会（家）里面。,我們讚美，歌唱不倦，在召會（家）裏面。,我們讚美，歌唱不倦，在召會（家）裏面。
lyrics_bb_text/bb221.txt,10,于,荣耀归神！我们畅饮于活泉！,榮耀歸神！我們暢飲於活泉！,榮耀歸神！我們暢飲於活泉！
lyrics_bb_text/bb221.txt,11,里面,荣耀归神！我们在家里面。,榮耀歸神！我們在家裏面。,榮耀歸神！我們在家裏面。
lyrics_bb_text/bb221.txt,14,于尽,主是何等乐意施恩，尽管畅饮于活泉！,主是何等樂意施恩，儘管暢飲於活泉！,主是何等樂意施恩，儘管暢飲於活泉！
lyrics_bb_text/bb221.txt,15,里面,不必天涯海角去找，他是在家里面。,不必天涯海角去找，他是在家裏面。,不必天涯海角去找，他是在家裏面。
lyrics_bb_text/bb221.txt,18,于尽,任凭撒但多方打岔，尽管畅饮于活泉！,任憑撒但多方打岔，儘管暢飲於活泉！,任憑撒但多方打岔，儘管暢飲於活泉！
lyrics_bb_text/bb221.txt,22,于尽,你若渴了，火速赶来，尽管畅饮于活泉！,你若渴了，火速趕來，儘管暢飲於活泉！,你若渴了，火速趕來，儘管暢飲於活泉！
lyrics_bb_text/bb221.txt,23,只里面,只管畅饮，不用担心，你是在家里面。,只管暢飲，不用擔心，你是在家裏面。,只管暢飲，不用擔心，你是在家裏面。
lyrics_bb_text/bb224.txt,8,里,哦，他呼出而我吸入，他生命从我里流出，,哦，他呼出而我吸入，他生命從我裏流出，,哦，他呼出而我吸入，他生命從我裏流出，
lyrics_bb_text/bb224.txt,12,面,约翰第三章是指外面空气，,約翰第三章是指外面空氣，,約翰第三章是指外面空氣，
lyrics_bb_text/bb224.txt,13,面,风在外面吹呀吹，随意而吹。,風在外面吹呀吹，隨意而吹。,風在外面吹呀吹，隨意而吹。
lyrics_bb_text/bb224.txt,18,里面,约翰二十章是指里面空气，,約翰二十章是指裏面空氣，,約翰二十章是指裏面空氣，
lyrics_bb_text/bb224.txt,20,只,只要我们接受这气─不必思虑，只要呼吸；,只要我們接受這氣─不必思慮，只要呼吸；,只要我們接受這氣─不必思慮，只要呼吸；
lyrics_bb_text/bb224.txt,21,历,我们经历生命是藉着这气。,我們經歷生命是藉著這氣。,我們經歷生命是藉着這氣。
lyrics_bb_text/bb224.txt,24,里,无论在那里都有空气，空气！,無論在那裏都有空氣，空氣！,無論在那裏都有空氣，空氣！
lyrics_bb_text/bb224.txt,30,只,只要来呼喊他名，哦主！哦主！,只要來呼喊他名，哦主！哦主！,只要來呼喊他名，哦主！哦主！
lyrics_bb_text/bb225.txt,21,只,只要呼喊耶稣的名，你就必得救。,只要呼喊耶穌的名，你就必得救。,只要呼喊耶穌的名，你就必得救。
lyrics_bb_text/bb225.txt,35,只,只要我有气息活着，我就必喊主，,只要我有氣息活著，我就必喊主，,只要我有氣息活着，我就必喊主，
lyrics_bb_text/bb227.txt,12,里,生命的灵内住；在灵里敬拜祂，,生命的靈內住；在靈裏敬拜祂，,生命的靈內住；在靈裏敬拜祂，
lyrics_bb_text/bb228.txt,8,里面,我们从里面最深处喊‘哦主’！,我們從裏面最深處喊‘哦主’！,我們從裏面最深處喊‘哦主’！
lyrics_bb_text/bb228.txt,18,里,原来祂在肉身里，如今作我气息；,原來祂在肉身裏，如今作我氣息；,原來祂在肉身裏，如今作我氣息；
lyrics_bb_text/bb228.txt,22,里,基督是我生命，无论在那里，,基督是我生命，無論在那裏，,基督是我生命，無論在那裏，
lyrics_bb_text/bb23.txt,15,冲,响声如同大雷轰隆，又如众水澎湃激冲。,響聲如同大雷轟隆，又如眾水澎湃激衝。,響聲如同大雷轟隆，又如眾水澎湃激衝。
lyrics_bb_text/bb23.txt,27,只,甘甜超过最甜歌赋，只有一首诗歌题目，,甘甜超過最甜歌賦，只有一首詩歌題目，,甘甜超過最甜歌賦，只有一首詩歌題目，
lyrics_bb_text/bb230.txt,8,只里面,因此只要我们从灵里面来向主呼喊，,因此只要我們從靈裏面來向主呼喊，,因此只要我們從靈裏面來向主呼喊，
lyrics_bb_text/bb231.txt,6,发,每当我喊主耶稣，我深处总觉发烫；,每當我喊主耶穌，我深處總覺發燙；,每當我喊主耶穌，我深處總覺發燙；
lyrics_bb_text/bb231.txt,7,里面,祂生命冉冉而升上，在我里面成长。,祂生命冉冉而升上，在我裏面成長。,祂生命冉冉而升上，在我裏面成長。
lyrics_bb_text/bb231.txt,9,里面,主且要进入你里面，作你生命供你享。,主且要進入你裏面，作你生命供你享。,主且要進入你裏面，作你生命供你享。
lyrics_bb_text/bb231.txt,14,只,只要简单的喊主，不管你在何地方；,只要簡單的喊主，不管你在何地方；,只要簡單的喊主，不管你在何地方；
lyrics_bb_text/bb231.txt,21,只,只要你尝尝便知道，祂恩典真是无量。,只要你嘗嘗便知道，祂恩典真是無量。,只要你嘗嘗便知道，祂恩典真是無量。
lyrics_bb_text/bb231.txt,27,面,并且要面见祂荣耀，若一直让祂成熟。,並且要面見祂榮耀，若一直讓祂成熟。,並且要面見祂榮耀，若一直讓祂成熟。
lyrics_bb_text/bb232.txt,8,只,只是那‘万主之主’。除祂再无爱慕，,只是那‘萬主之主’。除祂再無愛慕，,只是那‘萬主之主’。除祂再無愛慕，
lyrics_bb_text/bb232.txt,9,尽,万事尽是虚无；祂是一切一切，,萬事盡是虛無；祂是一切一切，,萬事盡是虛無；祂是一切一切，
lyrics_bb_text/bb233.txt,7,里,在灵里摸着主，忧郁就变成颂扬！,在靈裏摸著主，憂鬱就變成頌揚！,在靈裏摸着主，憂鬱就變成頌揚！
lyrics_bb_text/bb233.txt,9,只里,只要回到灵里行动，毫不惧怕！,只要回到靈裏行動，毫不懼怕！,只要回到靈裏行動，毫不懼怕！
lyrics_bb_text/bb234.txt,31,表,呼喊向祂来表示，,呼喊向祂來表示，,呼喊向祂來表示，
lyrics_bb_text/bb235.txt,8,云,虽然黑云笼罩天空，遮蔽我路程，,雖然黑雲籠罩天空，遮蔽我路程，,雖然黑雲籠罩天空，遮蔽我路程，
lyrics_bb_text/bb235.txt,9,只,我只要呼喊主名，他必显权能。,我只要呼喊主名，他必顯權能。,我只要呼喊主名，他必顯權能。
lyrics_bb_text/bb235.txt,14,云,虽然黑云笼罩天空，遮蔽我路程，,雖然黑雲籠罩天空，遮蔽我路程，,雖然黑雲籠罩天空，遮蔽我路程，
lyrics_bb_text/bb235.txt,15,只,我只要呼喊主名，他必显权能。,我只要呼喊主名，他必顯權能。,我只要呼喊主名，他必顯權能。
lyrics_bb_text/bb237.txt,10,里面,他就住在灵里面；勿别处浪费时间。,他就住在靈裏面；勿別處浪費時間。,他就住在靈裏面；勿別處浪費時間。
lyrics_bb_text/bb237.txt,14,里,在灵里呼喊，享受他的丰富；,在靈裏呼喊，享受他的豐富；,在靈裏呼喊，享受他的豐富；
lyrics_bb_text/bb237.txt,15,里,在灵里叹息，必能摸着主；,在靈裏歎息，必能摸著主；,在靈裏歎息，必能摸着主；
lyrics_bb_text/bb237.txt,16,里,在灵里祷告，直到焚烧，高昂；,在靈裏禱告，直到焚燒，高昂；,在靈裏禱告，直到焚燒，高昂；
lyrics_bb_text/bb237.txt,17,里面,住在灵里面，必像他刚强。,住在靈裏面，必像他剛強。,住在靈裏面，必像他剛強。
lyrics_bb_text/bb239.txt,6,只,‘金银财宝我没有，只把我所有的给你；,‘金銀財寶我沒有，只把我所有的給你；,‘金銀財寶我沒有，只把我所有的給你；
lyrics_bb_text/bb239.txt,10,于,荣耀，荣耀归于主名！ ,榮耀，榮耀歸於主名！ ,榮耀，榮耀歸於主名！ 
lyrics_bb_text/bb239.txt,17,于,荣耀，荣耀归于主名！ ,榮耀，榮耀歸於主名！ ,榮耀，榮耀歸於主名！ 
lyrics_bb_text/bb240.txt,7,谷,山、谷、泉、源，流水潺潺，,山、谷、泉、源，流水潺潺，,山、谷、泉、源，流水潺潺，
lyrics_bb_text/bb240.txt,20,谷,五谷和油，我们享受，无限无量，何荣耀！,五穀和油，我們享受，無限無量，何榮耀！,五穀和油，我們享受，無限無量，何榮耀！
lyrics_bb_text/bb240.txt,24,获,昼夜不息，带着能力，收获丰富，何荣耀！,晝夜不息，帶著能力，收穫豐富，何榮耀！,晝夜不息，帶着能力，收穫豐富，何榮耀！
lyrics_bb_text/bb241.txt,18,谷,有河有泉源，谷中有水溪，,有河有泉源，谷中有水溪，,有河有泉源，谷中有水溪，
lyrics_bb_text/bb241.txt,24,于,我们同欢乐，歌唱于锡安；,我們同歡樂，歌唱於錫安；,我們同歡樂，歌唱於錫安；
lyrics_bb_text/bb241.txt,26,谷,新酒和五谷，出产肥而甘；,新酒和五穀，出產肥而甘；,新酒和五穀，出產肥而甘；
lyrics_bb_text/bb241.txt,42,尽,他道成肉身，受尽人欺厌，,他道成肉身，受盡人欺厭，,他道成肉身，受盡人欺厭，
lyrics_bb_text/bb241.txt,43,复,由死而复活，升上了高天，,由死而復活，升上了高天，,由死而復活，升上了高天，
lyrics_bb_text/bb241.txt,45,里面,美地今在我们里面。 ,美地今在我們裏面。 ,美地今在我們裏面。 
lyrics_bb_text/bb241.txt,49,余获,将丰余收获献上作食物；,將豐餘收穫獻上作食物；,將豐餘收穫獻上作食物；
lyrics_bb_text/bb242.txt,13,里,今日行走在基督里。我们站住立场，,今日行走在基督裏。我們站住立場，,今日行走在基督裏。我們站住立場，
lyrics_bb_text/bb242.txt,19,历,召会是基督的丰满！我们经历实际，,召會是基督的豐滿！我們經歷實際，,召會是基督的豐滿！我們經歷實際，
lyrics_bb_text/bb243.txt,26,面,所以我们到神面前，坦然无惧，,所以我們到神面前，坦然無懼，,所以我們到神面前，坦然無懼，
lyrics_bb_text/bb243.txt,27,只,只要我们宝血不断支取。 ,只要我們寶血不斷支取。 ,只要我們寶血不斷支取。 
lyrics_bb_text/bb243.txt,33,里面,祂从里面规律调整我们。,祂從裏面規律調整我們。,祂從裏面規律調整我們。
lyrics_bb_text/bb243.txt,38,里,教导我们住在祂里，,教導我們住在祂裏，,教導我們住在祂裏，
lyrics_bb_text/bb243.txt,43,历,经历丰满，圣徒不可或缺！,經歷豐滿，聖徒不可或缺！,經歷豐滿，聖徒不可或缺！
lyrics_bb_text/bb244.txt,9,历,每时每刻成为我们所经所历！,每時每刻成為我們所經所歷！,每時每刻成為我們所經所歷！
lyrics_bb_text/bb245.txt,10,谷,他就是奶，他也是蜜；五谷和油、新酒无比。,他就是奶，他也是蜜；五穀和油、新酒無比。,他就是奶，他也是蜜；五穀和油、新酒無比。
lyrics_bb_text/bb245.txt,17,里,为要得着地里出产，我们天天经营无间；,為要得著地裏出產，我們天天經營無間；,為要得着地裏出產，我們天天經營無間；
lyrics_bb_text/bb246.txt,8,历复,活水泉源涌流，经历钉死复活，,活水泉源湧流，經歷釘死復活，,活水泉源湧流，經歷釘死復活，
lyrics_bb_text/bb247.txt,18,历复,收割小麦、大麦，经历死与复活，,收割小麥、大麥，經歷死與復活，,收割小麥、大麥，經歷死與復活，
lyrics_bb_text/bb247.txt,20,历复里面,但在复活里面，经历丰盛生命。,但在復活裏面，經歷豐盛生命。,但在復活裏面，經歷豐盛生命。
lyrics_bb_text/bb248.txt,9,里,宝座之前担保确立，我得安稳在神手里，,寶座之前擔保確立，我得安穩在神手裏，,寶座之前擔保確立，我得安穩在神手裏，
lyrics_bb_text/bb248.txt,10,里,我得安稳在神手里。,我得安穩在神手裏。,我得安穩在神手裏。
lyrics_bb_text/bb249.txt,2,后,耶稣是首先，耶稣是末后,耶穌是首先，耶穌是末後,耶穌是首先，耶穌是末後
lyrics_bb_text/bb249.txt,9,后,这是基督─永久盘石，哦，祂是首先，祂也是末后。,這是基督─永久盤石，哦，祂是首先，祂也是末後。,這是基督─永久盤石，哦，祂是首先，祂也是末後。
lyrics_bb_text/bb249.txt,14,后尽,忧疑尽可带来归祂，因祂是首先，祂也是末后。,憂疑儘可帶來歸祂，因祂是首先，祂也是末後。,憂疑儘可帶來歸祂，因祂是首先，祂也是末後。
lyrics_bb_text/bb249.txt,17,尽,惊涛骇浪不过证明：祂爱永无尽头；,驚濤駭浪不過證明：祂愛永無盡頭；,驚濤駭浪不過證明：祂愛永無盡頭；
lyrics_bb_text/bb249.txt,19,后,信靠耶稣绝不蒙羞，因祂是首先，祂也是末后。,信靠耶穌絕不蒙羞，因祂是首先，祂也是末後。,信靠耶穌絕不蒙羞，因祂是首先，祂也是末後。
lyrics_bb_text/bb249.txt,22,后,我们加冠至爱基督，祂是首先、末后；,我們加冠至愛基督，祂是首先、末後；,我們加冠至愛基督，祂是首先、末後；
lyrics_bb_text/bb249.txt,24,后,那日快临，万有拜叩：惟你是首先，你也是末后。,那日快臨，萬有拜叩：惟你是首先，你也是末後。,那日快臨，萬有拜叩：惟你是首先，你也是末後。
lyrics_bb_text/bb249.txt,26,后,耶稣是首先，耶稣是末后，已往交祂担去，将来祂保守；,耶穌是首先，耶穌是末後，已往交祂擔去，將來祂保守；,耶穌是首先，耶穌是末後，已往交祂擔去，將來祂保守；
lyrics_bb_text/bb249.txt,27,后,耶稣是首先，耶稣是末后，基督─永久盘石，首先与末后。,耶穌是首先，耶穌是末後，基督─永久盤石，首先與末後。,耶穌是首先，耶穌是末後，基督─永久盤石，首先與末後。
lyrics_bb_text/bb250.txt,8,于,脱开属地挣扎与纠缠，欢然饮于“以琳”爱泉。,脫開屬地掙扎與糾纏，歡然飲於“以琳”愛泉。,脱開屬地掙扎與糾纏，歡然飲於“以琳”愛泉。
lyrics_bb_text/bb250.txt,10,尽,带来喜乐满足时加添，无人话语能以尽言。,帶來喜樂滿足時加添，無人話語能以盡言。,帶來喜樂滿足時加添，無人話語能以盡言。
lyrics_bb_text/bb250.txt,13,于,我今投靠于洗罪泉源，洗净一切污秽罪愆；,我今投靠於洗罪泉源，洗淨一切污穢罪愆；,我今投靠於洗罪泉源，洗淨一切污穢罪愆；
lyrics_bb_text/bb250.txt,14,于,藉主宝血我罪得赦免，洁白如雪立于神前。,藉主寶血我罪得赦免，潔白如雪立於神前。,藉主寶血我罪得赦免，潔白如雪立於神前。
lyrics_bb_text/bb250.txt,15,里面,蒙神称义非凭我优点，乃因基督活我里面；,蒙神稱義非憑我優點，乃因基督活我裏面；,蒙神稱義非憑我優點，乃因基督活我裏面；
lyrics_bb_text/bb250.txt,16,里面,属天性情我取用无间，在祂里面我得完全。,屬天性情我取用無間，在祂裏面我得完全。,屬天性情我取用無間，在祂裏面我得完全。
lyrics_bb_text/bb250.txt,25,于,我爱畅饮于喜乐泉源，作我力量溢我心田；,我愛暢飲於喜樂泉源，作我力量溢我心田；,我愛暢飲於喜樂泉源，作我力量溢我心田；
lyrics_bb_text/bb250.txt,26,里面,主是我日光，辉煌灿烂，我的欢欣在祂里面。,主是我日光，輝煌燦爛，我的歡欣在祂裏面。,主是我日光，輝煌燦爛，我的歡欣在祂裏面。
lyrics_bb_text/bb250.txt,27,云,草木荣华转眼即凋残，人间宴乐短似云烟；,草木榮華轉眼即凋殘，人間宴樂短似雲煙；,草木榮華轉眼即凋殘，人間宴樂短似雲煙；
lyrics_bb_text/bb250.txt,30,于只,请来畅饮于活水泉源，无须代价，只要你愿；,請來暢飲於活水泉源，無須代價，只要你願；,請來暢飲於活水泉源，無須代價，只要你願；
lyrics_bb_text/bb251.txt,8,征表,为要彰显祂，并且代表祂，征服全地带进祂权能。,為要彰顯祂，並且代表祂，征服全地帶進祂權能。,為要彰顯祂，並且代表祂，征服全地帶進祂權能。
lyrics_bb_text/bb251.txt,10,征,形像，形像─征服全地带进祂权能。,形像，形像─征服全地帶進祂權能。,形像，形像─征服全地帶進祂權能。
lyrics_bb_text/bb251.txt,13,只,祂没有立下任何的律法，只说园中果子随意吃；,祂沒有立下任何的律法，只說園中果子隨意喫；,祂沒有立下任何的律法，只説園中果子隨意喫；
lyrics_bb_text/bb251.txt,14,恶,但是善恶树，万不可接触，吃了知识果子必定死。,但是善惡樹，萬不可接觸，喫了知識果子必定死。,但是善惡樹，萬不可接觸，喫了知識果子必定死。
lyrics_bb_text/bb251.txt,19,表面,在伊甸乐园，摆在人面前，有生命树代表神自己；,在伊甸樂園，擺在人面前，有生命樹代表神自己；,在伊甸樂園，擺在人面前，有生命樹代表神自己；
lyrics_bb_text/bb251.txt,20,借恶,但是那毒蛇，诡诈又邪恶，借着知识使人心偏离。,但是那毒蛇，詭詐又邪惡，藉著知識使人心偏離。,但是那毒蛇，詭詐又邪惡，藉着知識使人心偏離。
lyrics_bb_text/bb251.txt,22,复,堕落，堕落─人需要一个完全恢复。,墮落，墮落─人需要一個完全恢復。,墮落，墮落─人需要一個完全恢復。
lyrics_bb_text/bb251.txt,31,只,主不是要搞我们的头脑，知识只叫人自高自大；,主不是要搞我們的頭腦，知識只叫人自高自大；,主不是要搞我們的頭腦，知識只叫人自高自大；
lyrics_bb_text/bb251.txt,38,复,我们要清楚神今天恢复，基督不是宗教，是筵席。,我們要清楚神今天恢復，基督不是宗教，是筵席。,我們要清楚神今天恢復，基督不是宗教，是筵席。
lyrics_bb_text/bb251.txt,44,借,召会借着吃，新妇得妆饰，迎接新郎带进神荣耀。,召會藉著喫，新婦得妝飾，迎接新郎帶進神榮耀。,召會藉着喫，新婦得妝飾，迎接新郎帶進神榮耀。
lyrics_bb_text/bb252.txt,16,于,怎能得祂抚摸、医治，安歇于祂圣翼？,怎能得祂撫摸、醫治，安歇於祂聖翼？,怎能得祂撫摸、醫治，安歇於祂聖翼？
lyrics_bb_text/bb253.txt,9,谷,谷中、山上流出水来，润我心田，满溢充盈；,谷中、山上流出水來，潤我心田，滿溢充盈；,谷中、山上流出水來，潤我心田，滿溢充盈；
lyrics_bb_text/bb253.txt,14,复,死而复活，生命分赐，初熟犹似大麦；,死而復活，生命分賜，初熟猶似大麥；,死而復活，生命分賜，初熟猶似大麥；
lyrics_bb_text/bb253.txt,27,尽,上好美地，广大无边，应有尽有，齐备完全；,上好美地，廣大無邊，應有盡有，齊備完全；,上好美地，廣大無邊，應有盡有，齊備完全；
lyrics_bb_text/bb253.txt,38,尽,吃喝饱足，让你充满，丰富岂能尽说！,喫喝飽足，讓你充滿，豐富豈能盡說！,喫喝飽足，讓你充滿，豐富豈能盡説！
lyrics_bb_text/bb254.txt,8,里,蒙神接枝在基督里，如同枝子住在葡萄树上。,蒙神接枝在基督裏，如同枝子住在葡萄樹上。,蒙神接枝在基督裏，如同枝子住在葡萄樹上。
lyrics_bb_text/bb254.txt,12,里,奇妙事实─我在主里；奥妙联结─葡萄树是住处。,奇妙事實─我在主裏；奧妙聯結─葡萄樹是住處。,奇妙事實─我在主裏；奧妙聯結─葡萄樹是住處。
lyrics_bb_text/bb254.txt,15,只里,只要住在葡萄树上，内里膏抹必不断，,只要住在葡萄樹上，內裏膏抹必不斷，,只要住在葡萄樹上，內裏膏抹必不斷，
lyrics_bb_text/bb254.txt,20,尽,神、人互住，安息稳固，神的心意在此尽得完成。,神、人互住，安息穩固，神的心意在此盡得完成。,神、人互住，安息穩固，神的心意在此盡得完成。
lyrics_bb_text/bb255.txt,7,复,基督复活能力浩大无比，今向祂身体，正在输供；,基督復活能力浩大無比，今向祂身體，正在輸供；,基督復活能力浩大無比，今向祂身體，正在輸供；
lyrics_bb_text/bb255.txt,9,复,浩大能力，复活的能力，向召会，在输供！,浩大能力，復活的能力，向召會，在輸供！,浩大能力，復活的能力，向召會，在輸供！
lyrics_bb_text/bb255.txt,10,复,浩大能力，复活的能力，向基督身体，在输供！,浩大能力，復活的能力，向基督身體，在輸供！,浩大能力，復活的能力，向基督身體，在輸供！
lyrics_bb_text/bb256.txt,2,历,经历大能，得着加力,經歷大能，得著加力,經歷大能，得着加力
lyrics_bb_text/bb256.txt,7,复,复活的大能，神已经显明，使祂的儿子从死复生；,復活的大能，神已經顯明，使祂的兒子從死復生；,復活的大能，神已經顯明，使祂的兒子從死復生；
lyrics_bb_text/bb256.txt,8,复里,因见此大能，我们得加力，复活生命里昂然夸胜。,因見此大能，我們得加力，復活生命裏昂然誇勝。,因見此大能，我們得加力，復活生命裏昂然誇勝。
lyrics_bb_text/bb256.txt,9,复里,大能，大能，复活生命大能─内里运行，时时加添能力；,大能，大能，復活生命大能─內裏運行，時時加添能力；,大能，大能，復活生命大能─內裏運行，時時加添能力；
lyrics_bb_text/bb256.txt,10,复里面,大能，大能，复活生命大能─里面的人时时得加力。,大能，大能，復活生命大能─裏面的人時時得加力。,大能，大能，復活生命大能─裏面的人時時得加力。
lyrics_bb_text/bb256.txt,15,里,大能，大能，超越一切大能─内里运行，使人离地上腾；,大能，大能，超越一切大能─內裏運行，使人離地上騰；,大能，大能，超越一切大能─內裏運行，使人離地上騰；
lyrics_bb_text/bb256.txt,16,里面,大能，大能，超越一切大能─里面的人离地得上腾。,大能，大能，超越一切大能─裏面的人離地得上騰。,大能，大能，超越一切大能─裏面的人離地得上騰。
lyrics_bb_text/bb256.txt,19,尽征,征服的大能使万有归服，悖逆尽消弥，基督为大；,征服的大能使萬有歸服，悖逆盡消彌，基督為大；,征服的大能使萬有歸服，悖逆盡消彌，基督為大；
lyrics_bb_text/bb256.txt,21,征里,大能，大能，征服一切大能─内里运行，处处施行管治；,大能，大能，征服一切大能─內裏運行，處處施行管治；,大能，大能，征服一切大能─內裏運行，處處施行管治；
lyrics_bb_text/bb256.txt,22,征里面,大能，大能，征服一切大能─里面的人处处施管治。,大能，大能，征服一切大能─裏面的人處處施管治。,大能，大能，征服一切大能─裏面的人處處施管治。
lyrics_bb_text/bb256.txt,27,尽里,大能，大能，掌管万有大能─里里外外，一切尽都归顺；,大能，大能，掌管萬有大能─裏裏外外，一切盡都歸順；,大能，大能，掌管萬有大能─裏裏外外，一切盡都歸順；
lyrics_bb_text/bb256.txt,28,里面,大能，大能，掌管万有大能─里面的人率先来归顺。,大能，大能，掌管萬有大能─裏面的人率先來歸順。,大能，大能，掌管萬有大能─裏面的人率先來歸順。
lyrics_bb_text/bb257.txt,2,复,认识复活,認識復活,認識復活
lyrics_bb_text/bb257.txt,6,复,求主我启示的灵，认识复活的大能，,求主我啟示的靈，認識復活的大能，,求主我啓示的靈，認識復活的大能，
lyrics_bb_text/bb257.txt,8,复,不单叫祂从死复活，更叫我因祂得生；,不單叫祂從死復活，更叫我因祂得生；,不單叫祂從死復活，更叫我因祂得生；
lyrics_bb_text/bb257.txt,9,历,浩大能力藉信经历，使我活在属天层。,浩大能力藉信經歷，使我活在屬天層。,浩大能力藉信經歷，使我活在屬天層。
lyrics_bb_text/bb257.txt,12,历复,复活乃是信徒经历，非仅历史一事实；,復活乃是信徒經歷，非僅歷史一事實；,復活乃是信徒經歷，非僅歷史一事實；
lyrics_bb_text/bb257.txt,13,复,坟墓虽已千年空置，复活大能仍运施。,墳墓雖已千年空置，復活大能仍運施。,墳墓雖已千年空置，復活大能仍運施。
lyrics_bb_text/bb257.txt,15,于复,它使信徒天天实际联于复活主自己。,它使信徒天天實際聯於復活主自己。,它使信徒天天實際聯於復活主自己。
lyrics_bb_text/bb257.txt,18,复,复活带进新造领域，使我脱离旧自我；,復活帶進新造領域，使我脫離舊自我；,復活帶進新造領域，使我脱離舊自我；
lyrics_bb_text/bb257.txt,21,复,亦非任何工作能力，乃让复活将我摸。,亦非任何工作能力，乃讓復活將我摸。,亦非任何工作能力，乃讓復活將我摸。
lyrics_bb_text/bb257.txt,24,历复,一切死亡阴间经历，皆为复活启生机；,一切死亡陰間經歷，皆為復活啟生機；,一切死亡陰間經歷，皆為復活啓生機；
lyrics_bb_text/bb257.txt,25,发,生藉死亡发动运行，肉体治死灵奋起。,生藉死亡發動運行，肉體治死靈奮起。,生藉死亡發動運行，肉體治死靈奮起。
lyrics_bb_text/bb257.txt,31,制,当主打破死亡门坎，粉碎限制与惊惶。,當主打破死亡門坎，粉碎限制與驚惶。,當主打破死亡門坎，粉碎限制與驚惶。
lyrics_bb_text/bb257.txt,32,复,天然生命不再缠扰，复活生命得显扬；,天然生命不再纏擾，復活生命得顯揚；,天然生命不再纏擾，復活生命得顯揚；
lyrics_bb_text/bb257.txt,33,后,最后仇敌既被吞灭，有何能将生命挡？,最後仇敵既被吞滅，有何能將生命擋？,最後仇敵既被吞滅，有何能將生命擋？
lyrics_bb_text/bb257.txt,36,借复,基督人性借着复活，已被拔高并标出；,基督人性藉著復活，已被拔高並標出；,基督人性藉着復活，已被拔高並標出；
lyrics_bb_text/bb257.txt,38,历,经历基督全备救恩，不仅那日体得赎，,經歷基督全備救恩，不僅那日體得贖，,經歷基督全備救恩，不僅那日體得贖，
lyrics_bb_text/bb257.txt,39,复,人性更被拯救、拔高，提升等同复活主。,人性更被拯救、拔高，提升等同復活主。,人性更被拯救、拔高，提升等同復活主。
lyrics_bb_text/bb257.txt,42,复,复活并不改良旧造，减轻旧造的折腾；,復活並不改良舊造，減輕舊造的折騰；,復活並不改良舊造，減輕舊造的折騰；
lyrics_bb_text/bb257.txt,44,里,基督虽曾肉体痛哭，灵里却是倚靠神；,基督雖曾肉體痛哭，靈裏卻是倚靠神；,基督雖曾肉體痛哭，靈裏卻是倚靠神；
lyrics_bb_text/bb257.txt,45,只复,复活不求改变环境，只在环境显效能。,復活不求改變環境，只在環境顯效能。,復活不求改變環境，只在環境顯效能。
lyrics_bb_text/bb257.txt,51,复里,复活原则永不改变─新造取材旧造里。,復活原則永不改變─新造取材舊造裏。,復活原則永不改變─新造取材舊造裏。
lyrics_bb_text/bb257.txt,54,复,基督复活生为长子，人性拔高至神性；,基督復活生為長子，人性拔高至神性；,基督復活生為長子，人性拔高至神性；
lyrics_bb_text/bb257.txt,55,后,大卫后裔今日被生，此为真正的福音。,大衛後裔今日被生，此為真正的福音。,大衞後裔今日被生，此為真正的福音。
lyrics_bb_text/bb257.txt,56,复,从此人类新生有望，复活产生新族群,從此人類新生有望，復活產生新族群,從此人類新生有望，復活產生新族羣
lyrics_bb_text/bb257.txt,60,复,复活大能使我重生，得有神圣诸供备；,復活大能使我重生，得有神聖諸供備；,復活大能使我重生，得有神聖諸供備；
lyrics_bb_text/bb257.txt,62,只,生命性情与神一样，只与神格无分位。,生命性情與神一樣，只與神格無分位。,生命性情與神一樣，只與神格無分位。
lyrics_bb_text/bb257.txt,67,复,复活生命天天交流，时时相调永无止。,復活生命天天交流，時時相調永無止。,復活生命天天交流，時時相調永無止。
lyrics_bb_text/bb257.txt,73,历,祂的经历成我履历，我的一切祂成全。,祂的經歷成我履歷，我的一切祂成全。,祂的經歷成我履歷，我的一切祂成全。
lyrics_bb_text/bb257.txt,74,复,复活早晨新生男孩，乃是宇宙新生族；,復活早晨新生男孩，乃是宇宙新生族；,復活早晨新生男孩，乃是宇宙新生族；
lyrics_bb_text/bb257.txt,78,复,复活实际─生命之灵，今已住在我灵中,復活實際─生命之靈，今已住在我靈中,復活實際─生命之靈，今已住在我靈中
lyrics_bb_text/bb257.txt,79,历复,，使我天天经历复活，与我同活同行动；,，使我天天經歷復活，與我同活同行動；,，使我天天經歷復活，與我同活同行動；
lyrics_bb_text/bb257.txt,84,复里,在复活里与祂同长，活出生命的新样，,在復活裏與祂同長，活出生命的新樣，,在復活裏與祂同長，活出生命的新樣，
lyrics_bb_text/bb257.txt,90,发复,复活彰显在我事奉，发芽枯杖作仲裁；,復活彰顯在我事奉，發芽枯杖作仲裁；,復活彰顯在我事奉，發芽枯杖作仲裁；
lyrics_bb_text/bb257.txt,91,只台复,只凭复活生命建造，召会必成杏树台。,只憑復活生命建造，召會必成杏樹臺。,只憑復活生命建造，召會必成杏樹台。
lyrics_bb_text/bb257.txt,92,只复尽,木、草、禾秸烧尽去净，只用复活作建材；,木、草、禾秸燒盡去淨，只用復活作建材；,木、草、禾秸燒盡去淨，只用復活作建材；
lyrics_bb_text/bb257.txt,96,复,但愿我能深切认识何谓复活的大能，,但願我能深切認識何謂復活的大能，,但願我能深切認識何謂復活的大能，
lyrics_bb_text/bb257.txt,97,复,天天模成十架模型，单凭复活度此生；,天天模成十架模型，單憑復活度此生；,天天模成十架模型，單憑復活度此生；
lyrics_bb_text/bb257.txt,98,复,认识复活人位基督，在那灵中时加增，,認識復活人位基督，在那靈中時加增，,認識復活人位基督，在那靈中時加增，
lyrics_bb_text/bb257.txt,99,复,直到见主被提时刻，杰出复活展上腾。,直到見主被提時刻，傑出復活展上騰。,直到見主被提時刻，傑出復活展上騰。
lyrics_bb_text/bb258.txt,2,里,我在你内，你在我里,我在你內，你在我裏,我在你內，你在我裏
lyrics_bb_text/bb258.txt,6,里面,主，我在你内，你在我里；住在你里面，时刻不离；,主，我在你內，你在我裏；住在你裏面，時刻不離；,主，我在你內，你在我裏；住在你裏面，時刻不離；
lyrics_bb_text/bb258.txt,10,里面,我是你枝子，你是真树；我在你里面，安然居住；,我是你枝子，你是真樹；我在你裏面，安然居住；,我是你枝子，你是真樹；我在你裏面，安然居住；
lyrics_bb_text/bb258.txt,18,里面,当我们内住彼此里面，实际的相联真是无间；,當我們內住彼此裏面，實際的相聯真是無間；,當我們內住彼此裏面，實際的相聯真是無間；
lyrics_bb_text/bb258.txt,19,里面,当我们停留彼此里面，主观的相调才得完全。,當我們停留彼此裏面，主觀的相調纔得完全。,當我們停留彼此裏面，主觀的相調纔得完全。
lyrics_bb_text/bb258.txt,22,里,主，爱你享你，满足我需；你成为我里应时话语；,主，愛你享你，滿足我需；你成為我裏應時話語；,主，愛你享你，滿足我需；你成為我裏應時話語；
lyrics_bb_text/bb258.txt,23,里,在我里代求，促我前去；结常存果子，让你继续。,在我裏代求，促我前去；結常存果子，讓你繼續。,在我裏代求，促我前去；結常存果子，讓你繼續。
lyrics_bb_text/bb258.txt,26,里,生命在我里，流通四处；你就能充满，洋溢不住；,生命在我裏，流通四處；你就能充滿，洋溢不住；,生命在我裏，流通四處；你就能充滿，洋溢不住；
lyrics_bb_text/bb258.txt,27,里面,我们成为一，将你显出；住在你里面，喜乐满足。,我們成為一，將你顯出；住在你裏面，喜樂滿足。,我們成為一，將你顯出；住在你裏面，喜樂滿足。
lyrics_bb_text/bb258.txt,30,里,神圣经纶，神圣分赐，在你三一里；,神聖經綸，神聖分賜，在你三一裏；,神聖經綸，神聖分賜，在你三一裏；
lyrics_bb_text/bb27.txt,2,里,在荣耀里有一人,在榮耀裏有一人,在榮耀裏有一人
lyrics_bb_text/bb27.txt,7,里,在荣耀里有一人，祂的生命是为我。,在榮耀裏有一人，祂的生命是為我。,在榮耀裏有一人，祂的生命是為我。
lyrics_bb_text/bb27.txt,10,里,祂荣耀里的生命乃是为着我。,祂榮耀裏的生命乃是為著我。,祂榮耀裏的生命乃是為着我。
lyrics_bb_text/bb27.txt,11,里,祂荣耀里的生命乃是为着我。,祂榮耀裏的生命乃是為著我。,祂榮耀裏的生命乃是為着我。
lyrics_bb_text/bb27.txt,14,里,在荣耀里有一人，祂的生命是为我。,在榮耀裏有一人，祂的生命是為我。,在榮耀裏有一人，祂的生命是為我。
lyrics_bb_text/bb27.txt,17,里,祂荣耀里的生命乃是为着我。,祂榮耀裏的生命乃是為著我。,祂榮耀裏的生命乃是為着我。
lyrics_bb_text/bb27.txt,18,里,祂荣耀里的生命乃是为着我。,祂榮耀裏的生命乃是為著我。,祂榮耀裏的生命乃是為着我。
lyrics_bb_text/bb27.txt,21,里,在荣耀里有一人，祂的生命是为我。,在榮耀裏有一人，祂的生命是為我。,在榮耀裏有一人，祂的生命是為我。
lyrics_bb_text/bb27.txt,23,复里,在复活里作王，权柄手中握！,在復活裏作王，權柄手中握！,在復活裏作王，權柄手中握！
lyrics_bb_text/bb27.txt,24,里,祂荣耀里的生命乃是为着我。,祂榮耀裏的生命乃是為著我。,祂榮耀裏的生命乃是為着我。
lyrics_bb_text/bb27.txt,25,里,祂荣耀里的生命乃是为着我。,祂榮耀裏的生命乃是為著我。,祂榮耀裏的生命乃是為着我。
lyrics_bb_text/bb27.txt,28,里,在荣耀里有一人，祂的生命是为我。,在榮耀裏有一人，祂的生命是為我。,在榮耀裏有一人，祂的生命是為我。
lyrics_bb_text/bb27.txt,30,发,祂喜乐，发光辉，盼望而等着，,祂喜樂，發光輝，盼望而等著，,祂喜樂，發光輝，盼望而等着，
lyrics_bb_text/bb27.txt,31,里,祂荣耀里的生命从我里透过。,祂榮耀裏的生命從我裏透過。,祂榮耀裏的生命從我裏透過。
lyrics_bb_text/bb27.txt,32,里,祂荣耀里的生命从我里透过。,祂榮耀裏的生命從我裏透過。,祂榮耀裏的生命從我裏透過。
lyrics_bb_text/bb28.txt,20,里,今由慈牧领回身旁，祂里安然居住。,今由慈牧領回身旁，祂裏安然居住。,今由慈牧領回身旁，祂裏安然居住。
lyrics_bb_text/bb29.txt,7,历,历代圣徒都颂赞：“美哉，神的羔羊！,歷代聖徒都頌讚：“美哉，神的羔羊！,歷代聖徒都頌讚：“美哉，神的羔羊！
lyrics_bb_text/bb29.txt,13,卷,作宝座者右手中，书卷七印封严；,作寶座者右手中，書卷七印封嚴；,作寶座者右手中，書卷七印封嚴；
lyrics_bb_text/bb29.txt,14,卷,天上、地下、地底下，谁配展开书卷？,天上、地下、地底下，誰配展開書卷？,天上、地下、地底下，誰配展開書卷？
lyrics_bb_text/bb29.txt,15,面,约翰以为无人配，为此痛苦掩面；,約翰以為無人配，為此痛苦掩面；,約翰以為無人配，為此痛苦掩面；
lyrics_bb_text/bb29.txt,22,卷,配展书卷揭七印，将神经纶完成。,配展書卷揭七印，將神經綸完成。,配展書卷揭七印，將神經綸完成。
lyrics_bb_text/bb29.txt,27,只,只顾活着为神旨，此心坚定不疑；,只顧活著為神旨，此心堅定不疑；,只顧活着為神旨，此心堅定不疑；
lyrics_bb_text/bb3.txt,16,里面,在你神圣经营里面，叫人特蒙恩眷！,在你神聖經營裏面，叫人特蒙恩眷！,在你神聖經營裏面，叫人特蒙恩眷！
lyrics_bb_text/bb3.txt,19,于,哦，主耶稣，你是那人─神来联于人类；,哦，主耶穌，你是那人─神來聯於人類；,哦，主耶穌，你是那人─神來聯於人類；
lyrics_bb_text/bb3.txt,25,复,你经过了道成肉身、受死、复活、升天，,你經過了道成肉身、受死、復活、升天，,你經過了道成肉身、受死、復活、升天，
lyrics_bb_text/bb30.txt,15,于,畅爽、滋润如甘露，新鲜，孕于清晨，,暢爽、滋潤如甘露，新鮮，孕於清晨，,暢爽、滋潤如甘露，新鮮，孕於清晨，
lyrics_bb_text/bb30.txt,16,于,少年人分别归你，于你如宝如珍。,少年人分別歸你，於你如寶如珍。,少年人分別歸你，於你如寶如珍。
lyrics_bb_text/bb30.txt,19,后,耶和华必不后悔，祂已明确起誓：,耶和華必不後悔，祂已明確起誓：,耶和華必不後悔，祂已明確起誓：
lyrics_bb_text/bb30.txt,26,发尽,当你发怒伤列王，敌权尽都溃散。,當你發怒傷列王，敵權盡都潰散。,當你發怒傷列王，敵權盡都潰散。
lyrics_bb_text/bb30.txt,28,复,我们如此解你渴，同你收复全地。,我們如此解你渴，同你收復全地。,我們如此解你渴，同你收復全地。
lyrics_bb_text/bb301.txt,16,发,你膏油所发香气，使我心欢喜。,你膏油所發香氣，使我心歡喜。,你膏油所發香氣，使我心歡喜。
lyrics_bb_text/bb301.txt,17,发,你膏油所发香气，使我心欢喜。,你膏油所發香氣，使我心歡喜。,你膏油所發香氣，使我心歡喜。
lyrics_bb_text/bb301.txt,23,里,来吧，我良人，同到园子里，,來吧，我良人，同到園子裏，,來吧，我良人，同到園子裏，
lyrics_bb_text/bb301.txt,24,发,使其中各种香气，发出并漫溢。,使其中各種香氣，發出並漫溢。,使其中各種香氣，發出並漫溢。
lyrics_bb_text/bb301.txt,25,发,使其中各种香气，发出并漫溢。,使其中各種香氣，發出並漫溢。,使其中各種香氣，發出並漫溢。
lyrics_bb_text/bb301.txt,27,尽,尽情享受酒奶和蜂蜜。我新妇妹子，,盡情享受酒奶和蜂蜜。我新婦妹子，,盡情享受酒奶和蜂蜜。我新婦妹子，
lyrics_bb_text/bb301.txt,28,尽,我到了我的园子，尽情享受酒奶和蜂蜜’。,我到了我的園子，盡情享受酒奶和蜂蜜’。,我到了我的園子，盡情享受酒奶和蜂蜜’。
lyrics_bb_text/bb303.txt,17,复,能效法你的死，复活，没药乳香显出。,能效法你的死，復活，沒藥乳香顯出。,能效法你的死，復活，沒藥乳香顯出。
lyrics_bb_text/bb303.txt,28,历,我就愿意从利巴嫩，经历你那升天的超越，,我就願意從利巴嫩，經歷你那升天的超越，,我就願意從利巴嫩，經歷你那升天的超越，
lyrics_bb_text/bb303.txt,37,发,北风南风快快兴起，使我心园能发出香气，,北風南風快快興起，使我心園能發出香氣，,北風南風快快興起，使我心園能發出香氣，
lyrics_bb_text/bb304.txt,8,里,来吧，我们同往田间去；我们要在爱里，,來吧，我們同往田間去；我們要在愛裏，,來吧，我們同往田間去；我們要在愛裏，
lyrics_bb_text/bb304.txt,14,里,石榴是否放蕊，我在那里将爱给你。,石榴是否放蕊，我在那裏將愛給你。,石榴是否放蕊，我在那裏將愛給你。
lyrics_bb_text/bb305.txt,9,只,脱离宗教的义务，只让我永远享你同在。,脫離宗教的義務，只讓我永遠享你同在。,脱離宗教的義務，只讓我永遠享你同在。
lyrics_bb_text/bb305.txt,18,发,以神的火焰烧我，直等我因你灼灼发亮！,以神的火焰燒我，直等我因你灼灼發亮！,以神的火焰燒我，直等我因你灼灼發亮！
lyrics_bb_text/bb305.txt,22,里,品尝你名里一切肥甘。 ,品嘗你名裏一切肥甘。 ,品嘗你名裏一切肥甘。 
lyrics_bb_text/bb305.txt,35,面,我切慕与你早面对面。主，请喝,我切慕與你早面對面。主，請喝,我切慕與你早面對面。主，請喝
lyrics_bb_text/bb308.txt,23,只,只望能爱到底，坚定不移…… ,只望能愛到底，堅定不移…… ,只望能愛到底，堅定不移…… 
lyrics_bb_text/bb309.txt,8,恶,这世代都卧恶者手中，但我属我的父，,這世代都臥惡者手中，但我屬我的父，,這世代都卧惡者手中，但我屬我的父，
lyrics_bb_text/bb309.txt,12,历,生命的流我愿时刻经历；耶稣，耶稣，,生命的流我願時刻經歷；耶穌，耶穌，,生命的流我願時刻經歷；耶穌，耶穌，
lyrics_bb_text/bb309.txt,24,于,若无你光照亮，我怎能属于你。,若無你光照亮，我怎能屬於你。,若無你光照亮，我怎能屬於你。
lyrics_bb_text/bb309.txt,29,里,使我里外清洁，活水涌流无阻。,使我裏外清潔，活水湧流無阻。,使我裏外清潔，活水湧流無阻。
lyrics_bb_text/bb31.txt,7,于,哦主，你是平安祭，我们按手于你；,哦主，你是平安祭，我們按手於你；,哦主，你是平安祭，我們按手於你；
lyrics_bb_text/bb31.txt,8,历,你的事实我经历，因为你我是一。,你的事實我經歷，因為你我是一。,你的事實我經歷，因為你我是一。
lyrics_bb_text/bb31.txt,9,里,众圣欢聚会幕里，以你向神献祭；,眾聖歡聚會幕裏，以你向神獻祭；,眾聖歡聚會幕裏，以你向神獻祭；
lyrics_bb_text/bb31.txt,13,于,血洒于坛何有能，神圣平安得成；,血灑於壇何有能，神聖平安得成；,血灑於壇何有能，神聖平安得成；
lyrics_bb_text/bb31.txt,31,复表,胸作摇祭何丰富，预表复活基督，,胸作搖祭何豐富，預表復活基督，,胸作搖祭何豐富，預表復活基督，
lyrics_bb_text/bb31.txt,34,历,使我有能历世途，活出祂命无误。,使我有能歷世途，活出祂命無誤。,使我有能歷世途，活出祂命無誤。
lyrics_bb_text/bb310.txt,19,里,哦，阿利路亚在我里！ ,哦，阿利路亞在我裏！ ,哦，阿利路亞在我裏！ 
lyrics_bb_text/bb311.txt,2,里,沉醉在你爱里,沉醉在你愛裏,沉醉在你愛裏
lyrics_bb_text/bb311.txt,6,里,沉醉在你爱里，滋润新鲜，,沉醉在你愛裏，滋潤新鮮，,沉醉在你愛裏，滋潤新鮮，
lyrics_bb_text/bb311.txt,10,里,我切慕，哦主，筵宴你爱里，,我切慕，哦主，筵宴你愛裏，,我切慕，哦主，筵宴你愛裏，
lyrics_bb_text/bb312.txt,2,里,浸透在他爱里,浸透在他愛裏,浸透在他愛裏
lyrics_bb_text/bb312.txt,6,尽里,当我浸透在他爱里，追求思虑尽消失；,當我浸透在他愛裏，追求思慮盡消失；,當我浸透在他愛裏，追求思慮盡消失；
lyrics_bb_text/bb312.txt,7,里,他爱四围把我覆庇，引我失去在他里。,他愛四圍把我覆庇，引我失去在他裏。,他愛四圍把我覆庇，引我失去在他裏。
lyrics_bb_text/bb312.txt,8,发,当我瞻仰他的荣美，发光的脸何可亲；,當我瞻仰他的榮美，發光的臉何可親；,當我瞻仰他的榮美，發光的臉何可親；
lyrics_bb_text/bb312.txt,10,尽里,当我浸透在他爱里，追求思虑尽消失；,當我浸透在他愛裏，追求思慮盡消失；,當我浸透在他愛裏，追求思慮盡消失；
lyrics_bb_text/bb312.txt,11,里,他爱四围把我覆庇，引我失去在他里。,他愛四圍把我覆庇，引我失去在他裏。,他愛四圍把我覆庇，引我失去在他裏。
lyrics_bb_text/bb312.txt,14,里,当我们同活他爱里，彼此交通又相依；,當我們同活他愛裏，彼此交通又相依；,當我們同活他愛裏，彼此交通又相依；
lyrics_bb_text/bb312.txt,15,系,他爱是我们的联系，‘爱’使我们永不离。,他愛是我們的聯繫，‘愛’使我們永不離。,他愛是我們的聯繫，‘愛’使我們永不離。
lyrics_bb_text/bb312.txt,17,里,我们就同活在爱里，心心相联在一起。,我們就同活在愛裏，心心相聯在一起。,我們就同活在愛裏，心心相聯在一起。
lyrics_bb_text/bb312.txt,18,里,当我们同活在他爱里，彼此交通又相依；,當我們同活在他愛裏，彼此交通又相依；,當我們同活在他愛裏，彼此交通又相依；
lyrics_bb_text/bb312.txt,19,系,他爱是我们的联系，‘爱’使我们永不离。,他愛是我們的聯繫，‘愛’使我們永不離。,他愛是我們的聯繫，‘愛’使我們永不離。
lyrics_bb_text/bb313.txt,12,只,可爱的生命救主，让万事逝去，只要我能够,可愛的生命救主，讓萬事逝去，只要我能夠,可愛的生命救主，讓萬事逝去，只要我能夠
lyrics_bb_text/bb313.txt,16,复,（重复） ,（重複） ,（重複） 
lyrics_bb_text/bb314.txt,13,里,灵里释放唱新歌，阿利路亚向你唱新歌。,靈裏釋放唱新歌，阿利路亞向你唱新歌。,靈裏釋放唱新歌，阿利路亞向你唱新歌。
lyrics_bb_text/bb315.txt,2,于,一切在于爱耶稣,一切在於愛耶穌,一切在於愛耶穌
lyrics_bb_text/bb315.txt,7,于,爱他虽然信微弱，一切在于爱耶稣！,愛他雖然信微弱，一切在於愛耶穌！,愛他雖然信微弱，一切在於愛耶穌！
lyrics_bb_text/bb315.txt,10,于,爱他无论何事临，一切在于爱耶稣！,愛他無論何事臨，一切在於愛耶穌！,愛他無論何事臨，一切在於愛耶穌！
lyrics_bb_text/bb315.txt,14,于,当他引导我稳固，一切在于爱耶稣！,當他引導我穩固，一切在於愛耶穌！,當他引導我穩固，一切在於愛耶穌！
lyrics_bb_text/bb315.txt,18,于,惊险临到我呼求，一切在于爱耶稣！,驚險臨到我呼求，一切在於愛耶穌！,驚險臨到我呼求，一切在於愛耶穌！
lyrics_bb_text/bb315.txt,22,于,爱他直到他回来，一切在于爱耶稣！,愛他直到他回來，一切在於愛耶穌！,愛他直到他回來，一切在於愛耶穌！
lyrics_bb_text/bb316.txt,7,里,当你爱充满我心，我在爱里得安息。,當你愛充滿我心，我在愛裏得安息。,當你愛充滿我心，我在愛裏得安息。
lyrics_bb_text/bb316.txt,18,只,我心单纯的祈求，只望全人充满你。,我心單純的祈求，只望全人充滿你。,我心單純的祈求，只望全人充滿你。
lyrics_bb_text/bb316.txt,20,里,当你爱充满我心，我在爱里得安息。,當你愛充滿我心，我在愛裏得安息。,當你愛充滿我心，我在愛裏得安息。
lyrics_bb_text/bb317.txt,9,里面,直等到我进了神的圣所里面，,直等到我進了神的聖所裏面，,直等到我進了神的聖所裏面，
lyrics_bb_text/bb317.txt,11,里面,我进了神的圣所里面，才看出他们的结局。,我進了神的聖所裏面，纔看出他們的結局。,我進了神的聖所裏面，纔看出他們的結局。
lyrics_bb_text/bb317.txt,12,恶,恶人和狂傲人反倒享平安；,惡人和狂傲人反倒享平安；,惡人和狂傲人反倒享平安；
lyrics_bb_text/bb317.txt,13,于,至于我，我脚几乎失闪；我思索不明白，,至於我，我腳幾乎失閃；我思索不明白，,至於我，我腳幾乎失閃；我思索不明白，
lyrics_bb_text/bb317.txt,14,面,眼看实为难！（接上面副歌）,眼看實為難！（接上面副歌）,眼看實為難！（接上面副歌）
lyrics_bb_text/bb317.txt,21,发里,因而我的心里发酸，肺腑被刺，,因而我的心裏發酸，肺腑被刺，,因而我的心裏發酸，肺腑被刺，
lyrics_bb_text/bb317.txt,22,后复,我竟这样愚昧无知。（重复最后两行，下同）,我竟這樣愚昧無知。（重複最後兩行，下同）,我竟這樣愚昧無知。（重複最後兩行，下同）
lyrics_bb_text/bb317.txt,30,后,以后必接我到荣耀。 ,以後必接我到榮耀。 ,以後必接我到榮耀。 
lyrics_bb_text/bb318.txt,7,里,阿利路亚，喜乐满溢，主耶稣充满在我里。,阿利路亞，喜樂滿溢，主耶穌充滿在我裏。,阿利路亞，喜樂滿溢，主耶穌充滿在我裏。
lyrics_bb_text/bb319.txt,6,里,你，你，你常在我心中，梦，梦，梦里萦绕；,你，你，你常在我心中，夢，夢，夢裏縈繞；,你，你，你常在我心中，夢，夢，夢裏縈繞；
lyrics_bb_text/bb32.txt,14,里,─无论起何风暴，祂安居神里。,─無論起何風暴，祂安居神裏。,─無論起何風暴，祂安居神裏。
lyrics_bb_text/bb32.txt,32,只,─祂在一切事上只拣选父神。,─祂在一切事上只揀選父神。,─祂在一切事上只揀選父神。
lyrics_bb_text/bb32.txt,34,只,祂己全然弃绝，只活出神命。,祂己全然棄絕，只活出神命。,祂己全然棄絕，只活出神命。
lyrics_bb_text/bb32.txt,40,复,祂的肉身安居，复活显神前。,祂的肉身安居，復活顯神前。,祂的肉身安居，復活顯神前。
lyrics_bb_text/bb32.txt,43,复,神已使祂复起，赐祂荣耀冕，,神已使祂復起，賜祂榮耀冕，,神已使祂復起，賜祂榮耀冕，
lyrics_bb_text/bb32.txt,46,尽,享受无穷无尽无终的福乐。,享受無窮無盡無終的福樂。,享受無窮無盡無終的福樂。
lyrics_bb_text/bb320.txt,7,历尽,知你是包容无限，我一生经历不尽。,知你是包容無限，我一生經歷不盡。,知你是包容無限，我一生經歷不盡。
lyrics_bb_text/bb320.txt,10,后,哦，愿你听我轻诉，从此后我无别主，,哦，願你聽我輕訴，從此後我無別主，,哦，願你聽我輕訴，從此後我無別主，
lyrics_bb_text/bb321.txt,8,只,万事都要逝去，只有爱永不移，,萬事都要逝去，只有愛永不移，,萬事都要逝去，只有愛永不移，
lyrics_bb_text/bb321.txt,13,里,当他爱的泉源，涌流我里；,當他愛的泉源，湧流我裏；,當他愛的泉源，湧流我裏；
lyrics_bb_text/bb321.txt,14,复,将我全人浸透，使我全人复苏，,將我全人浸透，使我全人復甦，,將我全人浸透，使我全人復甦，
lyrics_bb_text/bb322.txt,10,只,我只望单单纯纯爱你，求你住我心内。,我只望單單純純愛你，求你住我心內。,我只望單單純純愛你，求你住我心內。
lyrics_bb_text/bb322.txt,11,只,我只望单单纯纯爱你，求你住我心内。,我只望單單純純愛你，求你住我心內。,我只望單單純純愛你，求你住我心內。
lyrics_bb_text/bb322.txt,14,里,主你是活活泼泼人位，时刻活在我里。,主你是活活潑潑人位，時刻活在我裏。,主你是活活潑潑人位，時刻活在我裏。
lyrics_bb_text/bb322.txt,15,里,主你是活活泼泼人位，时刻活在我里。,主你是活活潑潑人位，時刻活在我裏。,主你是活活潑潑人位，時刻活在我裏。
lyrics_bb_text/bb323.txt,7,于只,转，转，流浪的心，只能满足于你爱情！,轉，轉，流浪的心，只能滿足於你愛情！,轉，轉，流浪的心，只能滿足於你愛情！
lyrics_bb_text/bb324.txt,8,尽,如何能倾诉得尽，如何能倾诉得尽。,如何能傾訴得盡，如何能傾訴得盡。,如何能傾訴得盡，如何能傾訴得盡。
lyrics_bb_text/bb324.txt,12,里,我的爱语，叹息，都能在你里震动你情心，,我的愛語，歎息，都能在你裏震動你情心，,我的愛語，歎息，都能在你裏震動你情心，
lyrics_bb_text/bb324.txt,13,尽,却不能震动得尽，却不能震动得尽。,卻不能震動得盡，卻不能震動得盡。,卻不能震動得盡，卻不能震動得盡。
lyrics_bb_text/bb324.txt,16,表,主，愿我向你所表情心，都能经你手的炼净，,主，願我向你所表情心，都能經你手的煉淨，,主，願我向你所表情心，都能經你手的煉淨，
lyrics_bb_text/bb324.txt,17,于,使我全人全心，全都注于你，,使我全人全心，全都注於你，,使我全人全心，全都注於你，
lyrics_bb_text/bb324.txt,18,历尽,经历你爱情，至终能经历得尽，,經歷你愛情，至終能經歷得盡，,經歷你愛情，至終能經歷得盡，
lyrics_bb_text/bb324.txt,19,历尽,至终能经历得尽。 ,至終能經歷得盡。 ,至終能經歷得盡。 
lyrics_bb_text/bb325.txt,9,里,当我浸润在你不移爱里。,當我浸潤在你不移愛裏。,當我浸潤在你不移愛裏。
lyrics_bb_text/bb325.txt,17,里,我怎能不深深坠入爱里；,我怎能不深深墜入愛裏；,我怎能不深深墜入愛裏；
lyrics_bb_text/bb326.txt,7,恶,当我们正堕落罪恶境；,當我們正墮落罪惡境；,當我們正墮落罪惡境；
lyrics_bb_text/bb326.txt,25,里,化成为灵，住在我灵里；,化成為靈，住在我靈裏；,化成為靈，住在我靈裏；
lyrics_bb_text/bb326.txt,35,里面,在我心里多面的作为；,在我心裏多面的作為；,在我心裏多面的作為；
lyrics_bb_text/bb326.txt,37,里,无非因你爱里的花费！,無非因你愛裏的花費！,無非因你愛裏的花費！
lyrics_bb_text/bb326.txt,38,里,为何我能享受在家里？,為何我能享受在家裏？,為何我能享受在家裏？
lyrics_bb_text/bb326.txt,50,里,求你浇我，浸透你爱里，,求你澆我，浸透你愛裏，,求你澆我，浸透你愛裏，
lyrics_bb_text/bb326.txt,51,余里,使我余生失去在你里。,使我餘生失去在你裏。,使我餘生失去在你裏。
lyrics_bb_text/bb327.txt,8,尽,极其引人着迷，你的丰富追测不尽。,極其引人著迷，你的豐富追測不盡。,極其引人着迷，你的豐富追測不盡。
lyrics_bb_text/bb327.txt,11,于,联结调和于你，神人合并为一，,聯結調和於你，神人合併為一，,聯結調和於你，神人合併為一，
lyrics_bb_text/bb328.txt,8,里,若非是你，我怎得以在这罗曼史里像你？,若非是你，我怎得以在這羅曼史裏像你？,若非是你，我怎得以在這羅曼史裏像你？
lyrics_bb_text/bb328.txt,19,恶,因那恶者阴谋、诡计，我被罪恶败坏至极；,因那惡者陰謀、詭計，我被罪惡敗壞至極；,因那惡者陰謀、詭計，我被罪惡敗壞至極；
lyrics_bb_text/bb328.txt,25,复里,在复活里，我成童女，许配给你─我王！,在復活裏，我成童女，許配給你─我王！,在復活裏，我成童女，許配給你─我王！
lyrics_bb_text/bb328.txt,26,复,死而复活，你进我灵，使我得有你的神性；,死而復活，你進我靈，使我得有你的神性；,死而復活，你進我靈，使我得有你的神性；
lyrics_bb_text/bb328.txt,29,于,我得属于你；主，我不属于自己，,我得屬於你；主，我不屬於自己，,我得屬於你；主，我不屬於自己，
lyrics_bb_text/bb328.txt,30,只,我只属你而已。被你爱吸引，,我只屬你而已。被你愛吸引，,我只屬你而已。被你愛吸引，
lyrics_bb_text/bb328.txt,35,里,主，在这亲密交通里，我得与你倾心吐意；,主，在這親密交通裏，我得與你傾心吐意；,主，在這親密交通裏，我得與你傾心吐意；
lyrics_bb_text/bb328.txt,36,系,与你个人情深关系，是何等的甜蜜！,與你個人情深關係，是何等的甜蜜！,與你個人情深關係，是何等的甜蜜！
lyrics_bb_text/bb328.txt,37,志,逐日改变我之所是，主，占有我全心、全志；,逐日改變我之所是，主，佔有我全心、全志；,逐日改變我之所是，主，佔有我全心、全志；
lyrics_bb_text/bb329.txt,2,里,惟见荣耀里的基督,惟見榮耀裏的基督,惟見榮耀裏的基督
lyrics_bb_text/bb329.txt,7,里,一无所是，一无所见，惟见荣耀里的基督；,一無所是，一無所見，惟見榮耀裏的基督；,一無所是，一無所見，惟見榮耀裏的基督；
lyrics_bb_text/bb33.txt,21,谷,我虽行过死荫的幽谷，,我雖行過死蔭的幽谷，,我雖行過死蔭的幽谷，
lyrics_bb_text/bb33.txt,31,里,我今安住在我神殿里，,我今安住在我神殿裏，,我今安住在我神殿裏，
lyrics_bb_text/bb330.txt,2,后,让我伫立你背后,讓我佇立你背後,讓我佇立你背後
lyrics_bb_text/bb330.txt,6,后,让我伫立你背后，主！让我挨着你的脚哭，,讓我佇立你背後，主！讓我挨著你的腳哭，,讓我佇立你背後，主！讓我挨着你的腳哭，
lyrics_bb_text/bb330.txt,7,发,让我头发擦拭你足，让我香膏，为着你全然倒出。,讓我頭髮擦拭你足，讓我香膏，為著你全然倒出。,讓我頭髮擦拭你足，讓我香膏，為着你全然倒出。
lyrics_bb_text/bb332.txt,7,后,让我再听你慈声，最后选择不变更，向我爱语陈，我就枉费你身，,讓我再聽你慈聲，最後選擇不變更，向我愛語陳，我就枉費你身，,讓我再聽你慈聲，最後選擇不變更，向我愛語陳，我就枉費你身，
lyrics_bb_text/bb332.txt,24,里,今我悔改归向神，求让我心为你焚！愿你这热火，我里真实烧着。,今我悔改歸向神，求讓我心為你焚！願你這熱火，我裏真實燒著。,今我悔改歸向神，求讓我心為你焚！願你這熱火，我裏真實燒着。
lyrics_bb_text/bb332.txt,25,里,今我悔改归向神，求让我心为你焚！愿你这热火，我里真实烧着。,今我悔改歸向神，求讓我心為你焚！願你這熱火，我裏真實燒著。,今我悔改歸向神，求讓我心為你焚！願你這熱火，我裏真實燒着。
lyrics_bb_text/bb332.txt,28,后复, （重复最后两行）, （重複最後兩行）, （重複最後兩行）
lyrics_bb_text/bb333.txt,9,里,这爱全然属你，使我活在你里。,這愛全然屬你，使我活在你裏。,這愛全然屬你，使我活在你裏。
lyrics_bb_text/bb333.txt,10,历,我一无所有，却欢然经历，,我一無所有，卻歡然經歷，,我一無所有，卻歡然經歷，
lyrics_bb_text/bb333.txt,11,里,倒空，消失，浸没在你爱里。,倒空，消失，浸沒在你愛裏。,倒空，消失，浸沒在你愛裏。
lyrics_bb_text/bb333.txt,15,里,我心别无所愿；住在你里，,我心別無所願；住在你裏，,我心別無所願；住在你裏，
lyrics_bb_text/bb333.txt,16,历,经历祝福江河，从你涌流无间。,經歷祝福江河，從你湧流無間。,經歷祝福江河，從你湧流無間。
lyrics_bb_text/bb334.txt,13,面,在你面光中，纯一来仰望，信靠你，犹似百合。,在你面光中，純一來仰望，信靠你，猶似百合。,在你面光中，純一來仰望，信靠你，猶似百合。
lyrics_bb_text/bb334.txt,20,复,”百鸟鸣叫，地上百花开放，复活的丰富何繁茂，,”百鳥鳴叫，地上百花開放，復活的豐富何繁茂，,”百鳥鳴叫，地上百花開放，復活的豐富何繁茂，
lyrics_bb_text/bb334.txt,25,里面,让我见你面，得听你声音─我死里你当留驻。,讓我見你面，得聽你聲音─我死裏你當留駐。,讓我見你面，得聽你聲音─我死裏你當留駐。
lyrics_bb_text/bb334.txt,26,复里面,声音柔和，面貌更显秀美─复活里新造何饶优！,聲音柔和，面貌更顯秀美─復活裏新造何饒優！,聲音柔和，面貌更顯秀美─復活裏新造何饒優！
lyrics_bb_text/bb334.txt,36,只,我愿成为关锁的园子，只供良人你享乐；,我願成為關鎖的園子，只供良人你享樂；,我願成為關鎖的園子，只供良人你享樂；
lyrics_bb_text/bb334.txt,37,干里,又如利巴嫩，在你升天里，流出溪水解干渴。,又如利巴嫩，在你升天裏，流出溪水解乾渴。,又如利巴嫩，在你升天裏，流出溪水解乾渴。
lyrics_bb_text/bb334.txt,42,于只,亲爱良人，我只属于你，爱中联调永不移，,親愛良人，我只屬於你，愛中聯調永不移，,親愛良人，我只屬於你，愛中聯調永不移，
lyrics_bb_text/bb334.txt,45,尽,直到永世仍要唱不尽，你我情深联结！,直到永世仍要唱不盡，你我情深聯結！,直到永世仍要唱不盡，你我情深聯結！
lyrics_bb_text/bb335.txt,15,发,你的荣脸，明亮辉煌，发光照耀永无已；,你的榮臉，明亮輝煌，發光照耀永無已；,你的榮臉，明亮輝煌，發光照耀永無已；
lyrics_bb_text/bb335.txt,23,里,保守我心忠诚向你，使我同你藏神里，,保守我心忠誠向你，使我同你藏神裏，,保守我心忠誠向你，使我同你藏神裏，
lyrics_bb_text/bb335.txt,24,历,在世一切所经所历，让你荣耀留足迹。,在世一切所經所歷，讓你榮耀留足跡。,在世一切所經所歷，讓你榮耀留足跡。
lyrics_bb_text/bb336.txt,7,只,只留下空墓。哦！有人已将祂移出，祂在何处？,只留下空墓。哦！有人已將祂移出，祂在何處？,只留下空墓。哦！有人已將祂移出，祂在何處？
lyrics_bb_text/bb336.txt,23,复,转过身来，看见复活耶稣；以为是园丁，,轉過身來，看見復活耶穌；以為是園丁，,轉過身來，看見復活耶穌；以為是園丁，
lyrics_bb_text/bb337.txt,15,复,摘自圣经恢复本马太二十六章八节第一注。,摘自聖經恢復本馬太二十六章八節第一注。,摘自聖經恢復本馬太二十六章八節第一注。
lyrics_bb_text/bb338.txt,11,发,当你发出呼声，我愿意向你忠诚。,當你發出呼聲，我願意向你忠誠。,當你發出呼聲，我願意向你忠誠。
lyrics_bb_text/bb338.txt,16,里,荣耀神，今愿在这里，向你区膝：,榮耀神，今願在這裏，向你區膝：,榮耀神，今願在這裏，向你區膝：
lyrics_bb_text/bb338.txt,18,只,这一生只愿投身你神圣经纶，,這一生只願投身你神聖經綸，,這一生只願投身你神聖經綸，
lyrics_bb_text/bb338.txt,19,只,只为你永远的心意：基督身体。,只為你永遠的心意：基督身體。,只為你永遠的心意：基督身體。
lyrics_bb_text/bb338.txt,20,里,在我调和灵里，带我进身体实际，,在我調和靈裏，帶我進身體實際，,在我調和靈裏，帶我進身體實際，
lyrics_bb_text/bb339.txt,7,后面,绝不稍退后，时见你面容。,絕不稍退後，時見你面容。,絕不稍退後，時見你面容。
lyrics_bb_text/bb339.txt,8,只面,一心单纯、清洁，只愿面见你；,一心單純、清潔，只願面見你；,一心單純、清潔，只願面見你；
lyrics_bb_text/bb339.txt,9,只,一心只爱你，只宝贝你自己。,一心只愛你，只寶貝你自己。,一心只愛你，只寶貝你自己。
lyrics_bb_text/bb339.txt,26,只,主，我爱你！亲爱主！我只愿深爱你。,主，我愛你！親愛主！我只願深愛你。,主，我愛你！親愛主！我只願深愛你。
lyrics_bb_text/bb34.txt,14,里,神圣生命注入人里，供应救恩时刻不息。,神聖生命注入人裏，供應救恩時刻不息。,神聖生命注入人裏，供應救恩時刻不息。
lyrics_bb_text/bb34.txt,16,里,带领众子进荣耀里。,帶領眾子進榮耀裏。,帶領眾子進榮耀裏。
lyrics_bb_text/bb34.txt,20,里,神的生命就在祂里，拯救世人脱罪胜己；,神的生命就在祂裏，拯救世人脫罪勝己；,神的生命就在祂裏，拯救世人脱罪勝己；
lyrics_bb_text/bb34.txt,27,于,祂受试验屹立不摇，终于十架始自马槽；,祂受試驗屹立不搖，終於十架始自馬槽；,祂受試驗屹立不搖，終於十架始自馬槽；
lyrics_bb_text/bb34.txt,39,于,长远活着，立于神前，代求满足神、人心愿；,長遠活著，立於神前，代求滿足神、人心願；,長遠活着，立於神前，代求滿足神、人心願；
lyrics_bb_text/bb34.txt,44,尽,来到神前，得着生命，各尽功用，不作婴孩；,來到神前，得著生命，各盡功用，不作嬰孩；,來到神前，得着生命，各盡功用，不作嬰孩；
lyrics_bb_text/bb340.txt,11,余,我每忆过往其余年日，虚空、心痛、并潸然泪流。（接副歌）,我每憶過往其餘年日，虛空、心痛、並潸然淚流。（接副歌）,我每憶過往其餘年日，虛空、心痛、並潸然淚流。（接副歌）
lyrics_bb_text/bb340.txt,14,干,哦，干渴吞噬我心深处，驱使我寻求以得满足。,哦，乾渴吞噬我心深處，驅使我尋求以得滿足。,哦，乾渴吞噬我心深處，驅使我尋求以得滿足。
lyrics_bb_text/bb340.txt,15,干,哦，我曾尝试许多事物，却仍干渴且不得满足。,哦，我曾嘗試許多事物，卻仍乾渴且不得滿足。,哦，我曾嘗試許多事物，卻仍乾渴且不得滿足。
lyrics_bb_text/bb340.txt,19,于,你是那灵，作我的一切，你灵于我灵洋溢不住。（接副歌）,你是那靈，作我的一切，你靈於我靈洋溢不住。（接副歌）,你是那靈，作我的一切，你靈於我靈洋溢不住。（接副歌）
lyrics_bb_text/bb340.txt,26,里,何感谢！主，你进入我灵，今在我里你不断扩展。,何感謝！主，你進入我靈，今在我裏你不斷擴展。,何感謝！主，你進入我靈，今在我裏你不斷擴展。
lyrics_bb_text/bb340.txt,27,里面,何宝贝！主安家我心房，将我里面各部分充满。（接副歌）,何寶貝！主安家我心房，將我裏面各部分充滿。（接副歌）,何寶貝！主安家我心房，將我裏面各部分充滿。（接副歌）
lyrics_bb_text/bb340.txt,29,历,主，我真爱你，日益深挚。主，我真爱你，历久弥新无止。,主，我真愛你，日益深摯。主，我真愛你，歷久彌新無止。,主，我真愛你，日益深摯。主，我真愛你，歷久彌新無止。
lyrics_bb_text/bb341.txt,6,恶,从前沉溺罪恶地，良心终日无安息，,從前沉溺罪惡地，良心終日無安息，,從前沉溺罪惡地，良心終日無安息，
lyrics_bb_text/bb342.txt,12,里面,蓦然醒悟，失去你面，身体里将你寻见；,驀然醒悟，失去你面，身體裏將你尋見；,驀然醒悟，失去你面，身體裏將你尋見；
lyrics_bb_text/bb342.txt,29,里,主阿，在你与我爱的交通里，你天天吸引，,主阿，在你與我愛的交通裏，你天天吸引，,主阿，在你與我愛的交通裏，你天天吸引，
lyrics_bb_text/bb343.txt,14,里,单一里注视你如良鸽，荆棘中信靠如百合。,單一裏注視你如良鴿，荊棘中信靠如百合。,單一裏注視你如良鴿，荊棘中信靠如百合。
lyrics_bb_text/bb343.txt,21,于只,良人阿！我只属于你。佳偶阿！你何等美丽。,良人阿！我只屬於你。佳偶阿！你何等美麗。,良人阿！我只屬於你。佳偶阿！你何等美麗。
lyrics_bb_text/bb343.txt,22,里,你我生命、性情是一，爱里联结永不分离。,你我生命、性情是一，愛裏聯結永不分離。,你我生命、性情是一，愛裏聯結永不分離。
lyrics_bb_text/bb344.txt,7,历尽,使我能得祂生命，经历祂，享受不尽。,使我能得祂生命，經歷祂，享受不盡。,使我能得祂生命，經歷祂，享受不盡。
lyrics_bb_text/bb344.txt,8,里,哦，我主，我真爱你，不自禁消失你里；,哦，我主，我真愛你，不自禁消失你裏；,哦，我主，我真愛你，不自禁消失你裏；
lyrics_bb_text/bb344.txt,21,历面,面对仇敌享你筵席，真经历福杯满溢。,面對仇敵享你筵席，真經歷福杯滿溢。,面對仇敵享你筵席，真經歷福杯滿溢。
lyrics_bb_text/bb344.txt,25,里,体贴你心中美意，永远活在经纶里。,體貼你心中美意，永遠活在經綸裏。,體貼你心中美意，永遠活在經綸裏。
lyrics_bb_text/bb344.txt,27,里,愿永住在你的殿里，彰显你荣耀身体。,願永住在你的殿裏，彰顯你榮耀身體。,願永住在你的殿裏，彰顯你榮耀身體。
lyrics_bb_text/bb345.txt,8,里,真渴望消失在你里，当你柔声入我心底；,真渴望消失在你裏，當你柔聲入我心底；,真渴望消失在你裏，當你柔聲入我心底；
lyrics_bb_text/bb345.txt,9,只,前我所眷恋，今欢然撇弃，只愿爱你─全心全意。,前我所眷戀，今歡然撇棄，只願愛你─全心全意。,前我所眷戀，今歡然撇棄，只願愛你─全心全意。
lyrics_bb_text/bb345.txt,13,只,今放下一切，你前来侍立，只愿像你那样无己。,今放下一切，你前來侍立，只願像你那樣無己。,今放下一切，你前來侍立，只願像你那樣無己。
lyrics_bb_text/bb345.txt,15,只尽,与你心合拍，只要你所喜；挣扎全停，尽是安息。,與你心合拍，只要你所喜；掙扎全停，盡是安息。,與你心合拍，只要你所喜；掙扎全停，盡是安息。
lyrics_bb_text/bb345.txt,24,里,哦，圣中之圣，你竟住我里；主耶稣，我深深爱你！,哦，聖中之聖，你竟住我裏；主耶穌，我深深愛你！,哦，聖中之聖，你竟住我裏；主耶穌，我深深愛你！
lyrics_bb_text/bb345.txt,25,只,不愿再受欺，不愿再任意；惟愿脱自己，只被你充溢；,不願再受欺，不願再任意；惟願脫自己，只被你充溢；,不願再受欺，不願再任意；惟願脱自己，只被你充溢；
lyrics_bb_text/bb346.txt,15,云,虽然所行路，是凄酸多云雾，,雖然所行路，是悽酸多雲霧，,雖然所行路，是悽酸多雲霧，
lyrics_bb_text/bb346.txt,16,后,但主手领我，仍前进不后顾。,但主手領我，仍前進不後顧。,但主手領我，仍前進不後顧。
lyrics_bb_text/bb346.txt,20,表,表示我愿意，一直走此窄路。,表示我願意，一直走此窄路。,表示我願意，一直走此窄路。
lyrics_bb_text/bb346.txt,27,谷,虽然所经过，是伤心流泪谷，,雖然所經過，是傷心流淚谷，,雖然所經過，是傷心流淚谷，
lyrics_bb_text/bb347.txt,19,历尽,昔日恩主所行路，更是历尽苦忧。,昔日恩主所行路，更是歷盡苦憂。,昔日恩主所行路，更是歷盡苦憂。
lyrics_bb_text/bb347.txt,30,于只,我只怕心偏于邪，失去纯一清洁，,我只怕心偏於邪，失去純一清潔，,我只怕心偏於邪，失去純一清潔，
lyrics_bb_text/bb348.txt,19,松,但你细细部署，不肯松手，仍来领我脚步，向你倚投。,但你細細部署，不肯鬆手，仍來領我腳步，向你倚投。,但你細細部署，不肯鬆手，仍來領我腳步，向你倚投。
lyrics_bb_text/bb348.txt,27,尽,在我每一今日，尚有微力，仍然我要尽力，一生爱你。,在我每一今日，尚有微力，仍然我要盡力，一生愛你。,在我每一今日，尚有微力，仍然我要盡力，一生愛你。
lyrics_bb_text/bb348.txt,31,只,如果是你许可，宁愿等候，只要是你拣选，欢然行走。,如果是你許可，寧願等候，只要是你揀選，歡然行走。,如果是你許可，寧願等候，只要是你揀選，歡然行走。
lyrics_bb_text/bb349.txt,19,复,园内所产复活果品，经过变化成珍宝，,園內所產復活果品，經過變化成珍寶，,園內所產復活果品，經過變化成珍寶，
lyrics_bb_text/bb349.txt,26,里,且是军队刚强有能，在得胜里向前行。,且是軍隊剛強有能，在得勝裏向前行。,且是軍隊剛強有能，在得勝裏向前行。
lyrics_bb_text/bb35.txt,9,谷,流泪谷变泉源之地；秋雨之福，盖满这谷。,流淚谷變泉源之地；秋雨之福，蓋滿這谷。,流淚谷變泉源之地；秋雨之福，蓋滿這谷。
lyrics_bb_text/bb35.txt,11,面,求你垂顾我们盾牌；观看受膏者面。,求你垂顧我們盾牌；觀看受膏者面。,求你垂顧我們盾牌；觀看受膏者面。
lyrics_bb_text/bb36.txt,6,面,你将我们的罪孽摆在你面前，,你將我們的罪孽擺在你面前，,你將我們的罪孽擺在你面前，
lyrics_bb_text/bb36.txt,7,面,将我们隐藏的罪摆在你面光之中。,將我們隱藏的罪擺在你面光之中。,將我們隱藏的罪擺在你面光之中。
lyrics_bb_text/bb36.txt,9,尽,我们度尽的年岁，好像一声叹息。,我們度盡的年歲，好像一聲歎息。,我們度盡的年歲，好像一聲歎息。
lyrics_bb_text/bb37.txt,20,于,祂独爱锡安，倾福于其上。,祂獨愛錫安，傾福於其上。,祂獨愛錫安，傾福於其上。
lyrics_bb_text/bb37.txt,29,面,必须手洁心清，寻求主面光；,必須手潔心清，尋求主面光；,必須手潔心清，尋求主面光；
lyrics_bb_text/bb37.txt,31,面,让我们抬头，寻求主面光，,讓我們抬頭，尋求主面光，,讓我們抬頭，尋求主面光，
lyrics_bb_text/bb401.txt,8,里面,从我里面将我推动，生命之光照我心中。,從我裏面將我推動，生命之光照我心中。,從我裏面將我推動，生命之光照我心中。
lyrics_bb_text/bb401.txt,11,里,主，何希奇，你在我里，不必天上阴间寻你，,主，何希奇，你在我裏，不必天上陰間尋你，,主，何希奇，你在我裏，不必天上陰間尋你，
lyrics_bb_text/bb401.txt,12,里,一回灵里就得见你，灵灵接触毫无距离。,一回靈裏就得見你，靈靈接觸毫無距離。,一回靈裏就得見你，靈靈接觸毫無距離。
lyrics_bb_text/bb401.txt,20,尽,求主眷怜、吹气、推动，使我全人都尽功用。,求主眷憐、吹氣、推動，使我全人都盡功用。,求主眷憐、吹氣、推動，使我全人都盡功用。
lyrics_bb_text/bb401.txt,23,里,当我灵里憋气，下沉，难将你恩向人言陈，,當我靈裏憋氣，下沉，難將你恩向人言陳，,當我靈裏憋氣，下沉，難將你恩向人言陳，
lyrics_bb_text/bb401.txt,24,里面,求你从我里面吹气，使我完全充满了你。,求你從我裏面吹氣，使我完全充滿了你。,求你從我裏面吹氣，使我完全充滿了你。
lyrics_bb_text/bb403.txt,7,里,多又多，多又多，你长大在我里。,多又多，多又多，你長大在我裏。,多又多，多又多，你長大在我裏。
lyrics_bb_text/bb404.txt,2,只,全心只有主,全心只有主,全心只有主
lyrics_bb_text/bb404.txt,6,恶,可恶世界一直骗我，我还以为是好友；,可惡世界一直騙我，我還以為是好友；,可惡世界一直騙我，我還以為是好友；
lyrics_bb_text/bb404.txt,14,只,现在我要疯狂爱主，爱到全心只有主！,現在我要瘋狂愛主，愛到全心只有主！,現在我要瘋狂愛主，愛到全心只有主！
lyrics_bb_text/bb405.txt,12,里,主的灵若是在那里，,主的靈若是在那裏，,主的靈若是在那裏，
lyrics_bb_text/bb405.txt,13,里,那里就得以释放自由。,那裏就得以釋放自由。,那裏就得以釋放自由。
lyrics_bb_text/bb406.txt,11,于,直到全新于我主。 ,直到全新於我主。 ,直到全新於我主。 
lyrics_bb_text/bb406.txt,14,里面,更高，更高，在主生命里面；,更高，更高，在主生命裏面；,更高，更高，在主生命裏面；
lyrics_bb_text/bb406.txt,16,面,更高─更高往上面。哦主，我求更高，,更高─更高往上面。哦主，我求更高，,更高─更高往上面。哦主，我求更高，
lyrics_bb_text/bb406.txt,21,里,长大，长大，主在我里长大，,長大，長大，主在我裏長大，,長大，長大，主在我裏長大，
lyrics_bb_text/bb406.txt,23,里,这是祂所愿。哦主，长在我里，,這是祂所願。哦主，長在我裏，,這是祂所願。哦主，長在我裏，
lyrics_bb_text/bb406.txt,30,里面,一切事─祂都在里面。每日活出基督，,一切事─祂都在裏面。每日活出基督，,一切事─祂都在裏面。每日活出基督，
lyrics_bb_text/bb406.txt,36,里,今住在我里。祂是我的口味，,今住在我裏。祂是我的口味，,今住在我裏。祂是我的口味，
lyrics_bb_text/bb406.txt,45,面,召会乃是基督各方面的显出；,召會乃是基督各方面的顯出；,召會乃是基督各方面的顯出；
lyrics_bb_text/bb406.txt,50,历,靠经历基督；唯有如此才会产生建造，,靠經歷基督；唯有如此纔會產生建造，,靠經歷基督；唯有如此纔會產生建造，
lyrics_bb_text/bb406.txt,57,准,娶祂的新妇；在召会中我们准备等候，,娶祂的新婦；在召會中我們準備等候，,娶祂的新婦；在召會中我們準備等候，
lyrics_bb_text/bb407.txt,6,后,哦，让我们将昨日的事丢背后，,哦，讓我們將昨日的事丟背後，,哦，讓我們將昨日的事丟背後，
lyrics_bb_text/bb407.txt,7,面,努力面前向着标竿一直跑！,努力面前向著標竿一直跑！,努力面前向着標竿一直跑！
lyrics_bb_text/bb407.txt,9,复,为着主的恢复答应主呼召。,為著主的恢復答應主呼召。,為着主的恢復答應主呼召。
lyrics_bb_text/bb408.txt,8,里,挖去我心里所有硬石头！所有罪，皆脱落，,挖去我心裏所有硬石頭！所有罪，皆脫落，,挖去我心裏所有硬石頭！所有罪，皆脱落，
lyrics_bb_text/bb408.txt,10,里,挖透我，挖去我心里所有硬石头！,挖透我，挖去我心裏所有硬石頭！,挖透我，挖去我心裏所有硬石頭！
lyrics_bb_text/bb408.txt,26,志里,挖去所有意志里的悖逆！己所愿，须平息，,挖去所有意志裏的悖逆！己所願，須平息，,挖去所有意志裏的悖逆！己所願，須平息，
lyrics_bb_text/bb408.txt,28,志里,挖透我，挖去所有意志里的背逆！,挖透我，挖去所有意志裏的背逆！,挖透我，挖去所有意志裏的背逆！
lyrics_bb_text/bb409.txt,6,历里,有一生命比心思更深，在我灵里可经历，,有一生命比心思更深，在我靈裏可經歷，,有一生命比心思更深，在我靈裏可經歷，
lyrics_bb_text/bb409.txt,8,于,充满了神荣耀，阔长深高过于人所能测度。,充滿了神榮耀，闊長深高過於人所能測度。,充滿了神榮耀，闊長深高過於人所能測度。
lyrics_bb_text/bb409.txt,14,里面,你进我们里面用意，都是为这流！,你進我們裏面用意，都是為這流！,你進我們裏面用意，都是為這流！
lyrics_bb_text/bb409.txt,20,里面,在我们里面；不是外面的挣扎，,在我們裏面；不是外面的掙扎，,在我們裏面；不是外面的掙扎，
lyrics_bb_text/bb409.txt,24,后,丢背后全弃绝，直到召会,丟背後全棄絕，直到召會,丟背後全棄絕，直到召會
lyrics_bb_text/bb409.txt,31,里面,当我转到灵里享安息，里面的人,當我轉到靈裏享安息，裏面的人,當我轉到靈裏享安息，裏面的人
lyrics_bb_text/bb410.txt,7,里,从我灵里深处，有生命水涌流，,從我靈裏深處，有生命水湧流，,從我靈裏深處，有生命水湧流，
lyrics_bb_text/bb410.txt,8,里面,是三一神在我里面流。父神乃是源头，,是三一神在我裏面流。父神乃是源頭，,是三一神在我裏面流。父神乃是源頭，
lyrics_bb_text/bb410.txt,19,里,徒然自讨苦吃，在流里我就全然蒙福！,徒然自討苦喫，在流裏我就全然蒙福！,徒然自討苦喫，在流裏我就全然蒙福！
lyrics_bb_text/bb410.txt,23,于面,活在他面前─联于源头。阿利路亚，他说，,活在他面前─聯於源頭。阿利路亞，他說，,活在他面前─聯於源頭。阿利路亞，他説，
lyrics_bb_text/bb410.txt,24,里,切不可离开我，当住我里头─一直交流。,切不可離開我，當住我裏頭─一直交流。,切不可離開我，當住我裏頭─一直交流。
lyrics_bb_text/bb411.txt,22,只,只要用宝血。只要用宝血，,只要用寶血。只要用寶血，,只要用寶血。只要用寶血，
lyrics_bb_text/bb411.txt,23,只,只要用宝血，我们容易作正常基督徒，,只要用寶血，我們容易作正常基督徒，,只要用寶血，我們容易作正常基督徒，
lyrics_bb_text/bb411.txt,24,只,只要用宝血。 ,只要用寶血。 ,只要用寶血。 
lyrics_bb_text/bb411.txt,27,复,靠着宝血我们恢复交通，我们恢复交通，,靠著寶血我們恢復交通，我們恢復交通，,靠着寶血我們恢復交通，我們恢復交通，
lyrics_bb_text/bb411.txt,28,复,我们恢复交通；靠着宝血我们恢复交通，,我們恢復交通；靠著寶血我們恢復交通，,我們恢復交通；靠着寶血我們恢復交通，
lyrics_bb_text/bb411.txt,30,复,不必等时间，靠着宝血我们恢复交通，,不必等時間，靠著寶血我們恢復交通，,不必等時間，靠着寶血我們恢復交通，
lyrics_bb_text/bb412.txt,2,里,在话的水里泡,在話的水裏泡,在話的水裏泡
lyrics_bb_text/bb412.txt,7,里,不是受强迫！ 在话的水里泡，,不是受強迫！ 在話的水裏泡，,不是受強迫！ 在話的水裏泡，
lyrics_bb_text/bb412.txt,10,后,经常来祷读就不退后，,經常來禱讀就不退後，,經常來禱讀就不退後，
lyrics_bb_text/bb412.txt,13,发,烧到全人发热；,燒到全人發熱；,燒到全人發熱；
lyrics_bb_text/bb412.txt,14,后,无论我们环境多难受， 不退后！ ,無論我們環境多難受， 不退後！ ,無論我們環境多難受， 不退後！ 
lyrics_bb_text/bb414.txt,7,制,你若要脱离世界的辖制，阿们神的话语！,你若要脫離世界的轄制，阿們神的話語！,你若要脱離世界的轄制，阿們神的話語！
lyrics_bb_text/bb414.txt,8,历,你若要经历属灵的实际，阿们神的话语！,你若要經歷屬靈的實際，阿們神的話語！,你若要經歷屬靈的實際，阿們神的話語！
lyrics_bb_text/bb414.txt,14,恶,你若要脱离罪恶与自己，阿们神的话语！,你若要脫離罪惡與自己，阿們神的話語！,你若要脱離罪惡與自己，阿們神的話語！
lyrics_bb_text/bb415.txt,8,冲复,祂已冲破了死亡捆绑，复活升天得荣耀！,祂已衝破了死亡捆綁，復活升天得榮耀！,祂已衝破了死亡捆綁，復活升天得榮耀！
lyrics_bb_text/bb415.txt,12,里,施恩宝座虽然在天上，藉祂天梯通到我灵里；,施恩寶座雖然在天上，藉祂天梯通到我靈裏；,施恩寶座雖然在天上，藉祂天梯通到我靈裏；
lyrics_bb_text/bb415.txt,13,里,所以我不在魂里游荡，时时全人转回灵里。,所以我不在魂裏遊蕩，時時全人轉回靈裏。,所以我不在魂裏遊蕩，時時全人轉回靈裏。
lyrics_bb_text/bb415.txt,21,历,何等释放得享自由，经历祂完全救恩！,何等釋放得享自由，經歷祂完全救恩！,何等釋放得享自由，經歷祂完全救恩！
lyrics_bb_text/bb416.txt,8,里面,在灵里面一同相聚，,在靈裏面一同相聚，,在靈裏面一同相聚，
lyrics_bb_text/bb416.txt,14,于,开始于外院子，也经过了圣所。,開始於外院子，也經過了聖所。,開始於外院子，也經過了聖所。
lyrics_bb_text/bb416.txt,15,恶,世界丢弃，罪恶消除，,世界丟棄，罪惡消除，,世界丟棄，罪惡消除，
lyrics_bb_text/bb416.txt,17,复,（重复末句，下同） ,（重複末句，下同） ,（重複末句，下同） 
lyrics_bb_text/bb416.txt,28,里,在我灵里联着三者─,在我靈裏聯著三者─,在我靈裏聯着三者─
lyrics_bb_text/bb416.txt,33,只,只要投入身体，勿再单独思虑。,只要投入身體，勿再單獨思慮。,只要投入身體，勿再單獨思慮。
lyrics_bb_text/bb417.txt,22,尽,但是黑影笼罩愈深；双手尽伸出，,但是黑影籠罩愈深；雙手盡伸出，,但是黑影籠罩愈深；雙手盡伸出，
lyrics_bb_text/bb417.txt,27,志,雄心和壮志，皆已随风而去，,雄心和壯志，皆已隨風而去，,雄心和壯志，皆已隨風而去，
lyrics_bb_text/bb418.txt,13,历,也无任何经历让我满足。,也無任何經歷讓我滿足。,也無任何經歷讓我滿足。
lyrics_bb_text/bb418.txt,25,只,常常昧着良心，只为淘金；,常常昧著良心，只為淘金；,常常昧着良心，只為淘金；
lyrics_bb_text/bb418.txt,26,发,看你发苍胃溃，金银何补？,看你發蒼胃潰，金銀何補？,看你發蒼胃潰，金銀何補？
lyrics_bb_text/bb418.txt,43,发,我是宁愿发光，知道不多。,我是寧願發光，知道不多。,我是寧願發光，知道不多。
lyrics_bb_text/bb418.txt,55,只,只是百合不惯闷闷不乐；,只是百合不慣悶悶不樂；,只是百合不慣悶悶不樂；
lyrics_bb_text/bb419.txt,6,面,求主不要向我掩面，使我得以走正路；,求主不要向我掩面，使我得以走正路；,求主不要向我掩面，使我得以走正路；
lyrics_bb_text/bb419.txt,7,尽,求主不断向我显现，使我能以尽旅途。,求主不斷向我顯現，使我能以盡旅途。,求主不斷向我顯現，使我能以盡旅途。
lyrics_bb_text/bb419.txt,8,面,唯有你的面光指引，我才能放胆不畏惧；,唯有你的面光指引，我纔能放膽不畏懼；,唯有你的面光指引，我纔能放膽不畏懼；
lyrics_bb_text/bb419.txt,9,里面,所以求主你的面光，照耀我里常明亮。,所以求主你的面光，照耀我裏常明亮。,所以求主你的面光，照耀我裏常明亮。
lyrics_bb_text/bb419.txt,19,历,当我要行你的旨意，我才经历无能力。,當我要行你的旨意，我纔經歷無能力。,當我要行你的旨意，我纔經歷無能力。
lyrics_bb_text/bb419.txt,20,里,唯有你的荣耀自己，使我能消失在你里；,唯有你的榮耀自己，使我能消失在你裏；,唯有你的榮耀自己，使我能消失在你裏；
lyrics_bb_text/bb419.txt,24,只志,求主赐我一个心志，只要得着你自己；,求主賜我一個心志，只要得著你自己；,求主賜我一個心志，只要得着你自己；
lyrics_bb_text/bb419.txt,26,里,哦我的主，我今求你，紧紧拥我在你怀里；,哦我的主，我今求你，緊緊擁我在你懷裏；,哦我的主，我今求你，緊緊擁我在你懷裏；
lyrics_bb_text/bb420.txt,2,于,望断以及于耶稣,望斷以及於耶穌,望斷以及於耶穌
lyrics_bb_text/bb420.txt,6,面,我们奔那前面的路，脱去缠累，放下重负，,我們奔那前面的路，脫去纏累，放下重負，,我們奔那前面的路，脱去纏累，放下重負，
lyrics_bb_text/bb420.txt,7,于,来望断，来望断，来望断及于主。,來望斷，來望斷，來望斷及於主。,來望斷，來望斷，來望斷及於主。
lyrics_bb_text/bb420.txt,8,冲,荣耀在望，欢然冲刺，主必加力，主必扶持；,榮耀在望，歡然衝刺，主必加力，主必扶持；,榮耀在望，歡然衝刺，主必加力，主必扶持；
lyrics_bb_text/bb420.txt,9,于,当望断，当望断，当望断及于主。,當望斷，當望斷，當望斷及於主。,當望斷，當望斷，當望斷及於主。
lyrics_bb_text/bb420.txt,12,于,望断，望断，望断以及于耶稣，,望斷，望斷，望斷以及於耶穌，,望斷，望斷，望斷以及於耶穌，
lyrics_bb_text/bb420.txt,13,于,望断，望断，望断以及于耶稣。,望斷，望斷，望斷以及於耶穌。,望斷，望斷，望斷以及於耶穌。
lyrics_bb_text/bb421.txt,6,只志,我只有一个心志，向着标竿一直跑，,我只有一個心志，向著標竿一直跑，,我只有一個心志，向着標竿一直跑，
lyrics_bb_text/bb421.txt,7,后面,要得上面奖赏；背后一切都忘记，,要得上面獎賞；背後一切都忘記，,要得上面獎賞；背後一切都忘記，
lyrics_bb_text/bb421.txt,10,复,为要认识这位复活的基督。,為要認識這位復活的基督。,為要認識這位復活的基督。
lyrics_bb_text/bb422.txt,10,后,永不退后永不倒！向标竿，预备，,永不退後永不倒！向標竿，預備，,永不退後永不倒！向標竿，預備，
lyrics_bb_text/bb423.txt,18,历复,向前直跑！认识基督，经历复活高超，,向前直跑！認識基督，經歷復活高超，,向前直跑！認識基督，經歷復活高超，
lyrics_bb_text/bb423.txt,22,只后,向前直跑！只有一事：就是忘记背后，,向前直跑！只有一事：就是忘記背後，,向前直跑！只有一事：就是忘記背後，
lyrics_bb_text/bb424.txt,2,尽,一路跑尽,一路跑盡,一路跑盡
lyrics_bb_text/bb424.txt,8,尽,当一路跑尽，莫停下！对所有在跑的人，,當一路跑盡，莫停下！對所有在跑的人，,當一路跑盡，莫停下！對所有在跑的人，
lyrics_bb_text/bb424.txt,10,于,‘当望断及于他’！,‘當望斷及於他’！,‘當望斷及於他’！
lyrics_bb_text/bb424.txt,12,于尽,当望断以及于他！一路跑尽，莫停下！,當望斷以及於他！一路跑盡，莫停下！,當望斷以及於他！一路跑盡，莫停下！
lyrics_bb_text/bb424.txt,14,于,当望断一切及于他！ ,當望斷一切及於他！ ,當望斷一切及於他！ 
lyrics_bb_text/bb424.txt,19,于,阿利路亚！当望断一切及于他！,阿利路亞！當望斷一切及於他！,阿利路亞！當望斷一切及於他！
lyrics_bb_text/bb424.txt,24,于,阿利路亚！当望断一切及于他！,阿利路亞！當望斷一切及於他！,阿利路亞！當望斷一切及於他！
lyrics_bb_text/bb424.txt,27,后,望断背后的一切，阿利路亚！,望斷背後的一切，阿利路亞！,望斷背後的一切，阿利路亞！
lyrics_bb_text/bb424.txt,29,于,阿利路亚！当望断一切及于他！,阿利路亞！當望斷一切及於他！,阿利路亞！當望斷一切及於他！
lyrics_bb_text/bb424.txt,34,于,阿利路亚！当望断一切及于他！,阿利路亞！當望斷一切及於他！,阿利路亞！當望斷一切及於他！
lyrics_bb_text/bb425.txt,9,尽,饥渴尽除，全人明亮，赞美主，恩典够我用！,飢渴盡除，全人明亮，讚美主，恩典夠我用！,飢渴盡除，全人明亮，讚美主，恩典夠我用！
lyrics_bb_text/bb425.txt,12,复,黎明即起，受主喂养，我得复兴在清晨，,黎明即起，受主餵養，我得復興在清晨，,黎明即起，受主餵養，我得復興在清晨，
lyrics_bb_text/bb426.txt,7,里面,里面含有大能的生命，,裏面含有大能的生命，,裏面含有大能的生命，
lyrics_bb_text/bb426.txt,8,制,经过死的破碎、限制，,經過死的破碎、限制，,經過死的破碎、限制，
lyrics_bb_text/bb426.txt,9,复,就要显出复活的荣景；,就要顯出復活的榮景；,就要顯出復活的榮景；
lyrics_bb_text/bb426.txt,10,于只,只要埋下，置魂生命于十架，,只要埋下，置魂生命於十架，,只要埋下，置魂生命於十架，
lyrics_bb_text/bb426.txt,13,里面,里面含有大能的生命，,裏面含有大能的生命，,裏面含有大能的生命，
lyrics_bb_text/bb426.txt,14,制,经过死的破碎、限制，,經過死的破碎、限制，,經過死的破碎、限制，
lyrics_bb_text/bb426.txt,15,复,就要显出复活的荣景。,就要顯出復活的榮景。,就要顯出復活的榮景。
lyrics_bb_text/bb426.txt,22,复,将我种下，直到复活的萌芽，,將我種下，直到復活的萌芽，,將我種下，直到復活的萌芽，
lyrics_bb_text/bb427.txt,6,里,主呼召我们在这里，是为神永远的经纶，,主呼召我們在這裏，是為神永遠的經綸，,主呼召我們在這裏，是為神永遠的經綸，
lyrics_bb_text/bb427.txt,9,复里,祂钉死、复活成为那灵，今在我灵里作我分。,祂釘死、復活成為那靈，今在我靈裏作我分。,祂釘死、復活成為那靈，今在我靈裏作我分。
lyrics_bb_text/bb427.txt,12,发里,光照我，使我灵里发旺，更刚强，,光照我，使我靈裏發旺，更剛強，,光照我，使我靈裏發旺，更剛強，
lyrics_bb_text/bb427.txt,18,里,留在基督这美地里，享受基督作实际；,留在基督這美地裏，享受基督作實際；,留在基督這美地裏，享受基督作實際；
lyrics_bb_text/bb427.txt,23,里,站在这异象的高峰，心里真欢欣，灵却重：,站在這異象的高峰，心裏真歡欣，靈卻重：,站在這異象的高峯，心裏真歡欣，靈卻重：
lyrics_bb_text/bb427.txt,24,复,我需要复活的大能，需要真实的复兴；,我需要復活的大能，需要真實的復興；,我需要復活的大能，需要真實的復興；
lyrics_bb_text/bb427.txt,32,于,与众圣徒过神人生活，同基督显于神的国。,與眾聖徒過神人生活，同基督顯於神的國。,與眾聖徒過神人生活，同基督顯於神的國。
lyrics_bb_text/bb428.txt,7,尽,让我尽力而不被人记，让我受苦而不被人睹。,讓我盡力而不被人記，讓我受苦而不被人睹。,讓我盡力而不被人記，讓我受苦而不被人睹。
lyrics_bb_text/bb428.txt,8,只,只知倾酒不知饮酒，只想擘饼不想留饼；,只知傾酒不知飲酒，只想擘餅不想留餅；,只知傾酒不知飲酒，只想擘餅不想留餅；
lyrics_bb_text/bb428.txt,15,里,因为当你活在这里时，你也是如此过日子。,因為當你活在這裏時，你也是如此過日子。,因為當你活在這裏時，你也是如此過日子。
lyrics_bb_text/bb428.txt,22,干,擦干我一切暗中的眼泪；,擦乾我一切暗中的眼淚；,擦乾我一切暗中的眼淚；
lyrics_bb_text/bb429.txt,2,里,主到我这里来,主到我這裏來,主到我這裏來
lyrics_bb_text/bb429.txt,8,里,在我的日子里，你忽来到我的生命。,在我的日子裏，你忽來到我的生命。,在我的日子裏，你忽來到我的生命。
lyrics_bb_text/bb429.txt,15,谷,时走在山谷间，智慧领路暂时离开；,時走在山谷間，智慧領路暫時離開；,時走在山谷間，智慧領路暫時離開；
lyrics_bb_text/bb429.txt,22,于,每天非我所愿，日子多么富于挑战，,每天非我所願，日子多麼富於挑戰，,每天非我所願，日子多麼富於挑戰，
lyrics_bb_text/bb429.txt,32,复,似乎即将丧命，却是复活，欢呼得生。,似乎即將喪命，卻是復活，歡呼得生。,似乎即將喪命，卻是復活，歡呼得生。
lyrics_bb_text/bb429.txt,33,里面,在己里有痛楚，在你里面无量丰富；,在己裏有痛楚，在你裏面無量豐富；,在己裏有痛楚，在你裏面無量豐富；
lyrics_bb_text/bb429.txt,34,里,瓦器里有宝贝，天天羞辱，天天荣耀，,瓦器裏有寶貝，天天羞辱，天天榮耀，,瓦器裏有寶貝，天天羞辱，天天榮耀，
lyrics_bb_text/bb429.txt,35,里,瓦器里有宝贝，天天羞辱，天天荣耀。,瓦器裏有寶貝，天天羞辱，天天榮耀。,瓦器裏有寶貝，天天羞辱，天天榮耀。
lyrics_bb_text/bb429.txt,41,里,是你极大怜悯，今生到我这里来过；,是你極大憐憫，今生到我這裏來過；,是你極大憐憫，今生到我這裏來過；
lyrics_bb_text/bb429.txt,42,里,哦，主阿，谢谢你，今生到我这里来过，,哦，主阿，謝謝你，今生到我這裏來過，,哦，主阿，謝謝你，今生到我這裏來過，
lyrics_bb_text/bb429.txt,43,里,哦，主阿，谢谢你，今生到我这里来过。,哦，主阿，謝謝你，今生到我這裏來過。,哦，主阿，謝謝你，今生到我這裏來過。
lyrics_bb_text/bb430.txt,8,于,奉献一切于你；你的可畏我能久抗，,奉獻一切於你；你的可畏我能久抗，,奉獻一切於你；你的可畏我能久抗，
lyrics_bb_text/bb430.txt,13,征,我仍固执不悔；但你怜悯征服我心，,我仍固執不悔；但你憐憫征服我心，,我仍固執不悔；但你憐憫征服我心，
lyrics_bb_text/bb430.txt,14,恶,当我见主流血情景，我今恨恶我罪！,當我見主流血情景，我今恨惡我罪！,當我見主流血情景，我今恨惡我罪！
lyrics_bb_text/bb430.txt,17,于只,主，我羡慕只属于你；速来释放我这容器，,主，我羨慕只屬於你；速來釋放我這容器，,主，我羨慕只屬於你；速來釋放我這容器，
lyrics_bb_text/bb431.txt,7,只,只要相信耶稣的大名，在信的人凡事都能；,只要相信耶穌的大名，在信的人凡事都能；,只要相信耶穌的大名，在信的人凡事都能；
lyrics_bb_text/bb431.txt,9,只,只要对你坚信确定，在信的人凡事都能。,只要對你堅信確定，在信的人凡事都能。,只要對你堅信確定，在信的人凡事都能。
lyrics_bb_text/bb431.txt,12,恶,罪恶权势纠缠不已，我欲挣脱，毫无能力；,罪惡權勢糾纏不已，我欲掙脫，毫無能力；,罪惡權勢糾纏不已，我欲掙脱，毫無能力；
lyrics_bb_text/bb431.txt,18,恶,罪恶锁炼纵然顽强，主能打碎，将人释放。,罪惡鎖煉縱然頑強，主能打碎，將人釋放。,罪惡鎖煉縱然頑強，主能打碎，將人釋放。
lyrics_bb_text/bb431.txt,23,于里,祂是“神能”显于人身，我在祂里全人更新，,祂是“神能”顯於人身，我在祂裏全人更新，,祂是“神能”顯於人身，我在祂裏全人更新，
lyrics_bb_text/bb431.txt,24,恶,罪恶权势不再得逞，在信的人凡事都能。,罪惡權勢不再得逞，在信的人凡事都能。,罪惡權勢不再得逞，在信的人凡事都能。
lyrics_bb_text/bb431.txt,27,里,哦主，你这神的大能，求在我里开展、扩增，,哦主，你這神的大能，求在我裏開展、擴增，,哦主，你這神的大能，求在我裏開展、擴增，
lyrics_bb_text/bb432.txt,7,里面,奇妙秘诀我已学会，就是住在主里面；,奇妙祕訣我已學會，就是住在主裏面；,奇妙祕訣我已學會，就是住在主裏面；
lyrics_bb_text/bb432.txt,10,里面,败坏的“己”日渐消逝，当我浸没祂里面。,敗壞的“己”日漸消逝，當我浸沒祂裏面。,敗壞的“己”日漸消逝，當我浸沒祂裏面。
lyrics_bb_text/bb432.txt,15,于志,当我意志降服于祂，祂灵掌权我心内；,當我意志降服於祂，祂靈掌權我心內；,當我意志降服於祂，祂靈掌權我心內；
lyrics_bb_text/bb432.txt,30,里面,我今住在主里面，相信祂可靠圣言；,我今住在主裏面，相信祂可靠聖言；,我今住在主裏面，相信祂可靠聖言；
lyrics_bb_text/bb432.txt,32,里面,是的，住在主里面，相信祂可靠圣言；,是的，住在主裏面，相信祂可靠聖言；,是的，住在主裏面，相信祂可靠聖言；
lyrics_bb_text/bb433.txt,15,恶里,虽有恶者火箭攻击，我要安坐诸天界里；,雖有惡者火箭攻擊，我要安坐諸天界裏；,雖有惡者火箭攻擊，我要安坐諸天界裏；
lyrics_bb_text/bb433.txt,16,发,信心听见乐歌洋溢，发自最美、最高之地。,信心聽見樂歌洋溢，發自最美、最高之地。,信心聽見樂歌洋溢，發自最美、最高之地。
lyrics_bb_text/bb433.txt,19,只,登上山巅，只看见你，荣光将我心眼开启；,登上山巔，只看見你，榮光將我心眼開啟；,登上山巔，只看見你，榮光將我心眼開啓；
lyrics_bb_text/bb434.txt,2,余,总是丰富有盈余,總是豐富有盈餘,總是豐富有盈餘
lyrics_bb_text/bb434.txt,7,余,每当我们尝主美善，总是丰富有盈余；,每當我們嘗主美善，總是豐富有盈餘；,每當我們嘗主美善，總是豐富有盈餘；
lyrics_bb_text/bb434.txt,14,余,每当我们从父领受，总是丰富有盈余；,每當我們從父領受，總是豐富有盈餘；,每當我們從父領受，總是豐富有盈餘；
lyrics_bb_text/bb434.txt,21,余,每当我们饱尝主爱，总是丰富有盈余；,每當我們飽嘗主愛，總是豐富有盈餘；,每當我們飽嘗主愛，總是豐富有盈餘；
lyrics_bb_text/bb434.txt,22,只,阔、长、高、深无法测度，岂只应付我所需？,闊、長、高、深無法測度，豈只應付我所需？,闊、長、高、深無法測度，豈只應付我所需？
lyrics_bb_text/bb434.txt,23,尽,无人言语能以尽述，祂的甘美和富庶；,無人言語能以盡述，祂的甘美和富庶；,無人言語能以盡述，祂的甘美和富庶；
lyrics_bb_text/bb434.txt,24,只,我们只有希奇感戴，祂名泱漭且全足，,我們只有希奇感戴，祂名泱漭且全足，,我們只有希奇感戴，祂名泱漭且全足，
lyrics_bb_text/bb435.txt,20,尽,在我却已尽失权势，因有十架隔阻。,在我卻已盡失權勢，因有十架隔阻。,在我卻已盡失權勢，因有十架隔阻。
lyrics_bb_text/bb435.txt,32,面,恩主面光我所欣羡，其它亮光无需。,恩主面光我所欣羨，其它亮光無需。,恩主面光我所欣羨，其它亮光無需。
lyrics_bb_text/bb435.txt,33,于,今世荣华任其消逝，得失于我无差；,今世榮華任其消逝，得失於我無差；,今世榮華任其消逝，得失於我無差；
lyrics_bb_text/bb435.txt,34,恶,羞惭舍却罪恶、自己，唯夸荣耀十架。,羞慚舍卻罪惡、自己，唯誇榮耀十架。,羞慚舍卻罪惡、自己，唯誇榮耀十架。
lyrics_bb_text/bb436.txt,9,于,答案明示于祂圣言：“基督是我们生命；,答案明示於祂聖言：“基督是我們生命；,答案明示於祂聖言：“基督是我們生命；
lyrics_bb_text/bb436.txt,10,只,”只要向祂敞开心怀，凭信取用祂丰盛。,”只要向祂敞開心懷，憑信取用祂豐盛。,”只要向祂敞開心懷，憑信取用祂豐盛。
lyrics_bb_text/bb436.txt,14,复里,在你里外显祂能力，日复一日时加添。,在你裏外顯祂能力，日復一日時加添。,在你裏外顯祂能力，日復一日時加添。
lyrics_bb_text/bb436.txt,19,里面,神的丰满住祂里面，你在祂里得丰盛；,神的豐滿住祂裏面，你在祂裏得豐盛；,神的豐滿住祂裏面，你在祂裏得豐盛；
lyrics_bb_text/bb436.txt,21,只,全是恩典，绝不迟误，只要赞美来领受；,全是恩典，絕不遲誤，只要讚美來領受；,全是恩典，絕不遲誤，只要讚美來領受；
lyrics_bb_text/bb437.txt,9,尽,你话又如深处宝矿，稀有珍物尽藏；,你話又如深處寶礦，稀有珍物盡藏；,你話又如深處寶礦，稀有珍物盡藏；
lyrics_bb_text/bb437.txt,13,发,你话犹如众星发亮，光芒四射辉煌；,你話猶如眾星發亮，光芒四射輝煌；,你話猶如眾星發亮，光芒四射輝煌；
lyrics_bb_text/bb437.txt,19,尽,愿我宝爱你的圣言，尽享矿藏富源；,願我寶愛你的聖言，盡享礦藏富源；,願我寶愛你的聖言，盡享礦藏富源；
lyrics_bb_text/bb438.txt,2,里,愿你长在我里,願你長在我裏,願你長在我裏
lyrics_bb_text/bb438.txt,8,里,每日简单将你圣名求告。主，愿你长在我里。,每日簡單將你聖名求告。主，願你長在我裏。,每日簡單將你聖名求告。主，願你長在我裏。
lyrics_bb_text/bb438.txt,12,里面,在我里面完成所动善工。主，愿你长在我里。,在我裏面完成所動善工。主，願你長在我裏。,在我裏面完成所動善工。主，願你長在我裏。
lyrics_bb_text/bb438.txt,16,里,翻动我心，除去硬石阻拦。主，愿你长在我里。,翻動我心，除去硬石阻攔。主，願你長在我裏。,翻動我心，除去硬石阻攔。主，願你長在我裏。
lyrics_bb_text/bb438.txt,20,发里,生命种子必定发苗生长。主，愿你长在我里。,生命種子必定發苗生長。主，願你長在我裏。,生命種子必定發苗生長。主，願你長在我裏。
lyrics_bb_text/bb438.txt,23,里,主，倒空我所有─灵里贫穷，毫无保留；愿你生命涌流，,主，倒空我所有─靈裏貧窮，毫無保留；願你生命湧流，,主，倒空我所有─靈裏貧窮，毫無保留；願你生命湧流，
lyrics_bb_text/bb438.txt,24,里,将我浸透，生命达到成熟。主，愿你长在我里。,將我浸透，生命達到成熟。主，願你長在我裏。,將我浸透，生命達到成熟。主，願你長在我裏。
lyrics_bb_text/bb438.txt,28,志里,心思、情感、意志更新不歇。主，愿你长在我里。,心思、情感、意志更新不歇。主，願你長在我裏。,心思、情感、意志更新不歇。主，願你長在我裏。
lyrics_bb_text/bb438.txt,32,里,生命种子带进国度显彰。主，愿你长在我里。,生命種子帶進國度顯彰。主，願你長在我裏。,生命種子帶進國度顯彰。主，願你長在我裏。
lyrics_bb_text/bb438.txt,35,里,主，你长在我里！生命力量无可匹敌，必拯救我到底，,主，你長在我裏！生命力量無可匹敵，必拯救我到底，,主，你長在我裏！生命力量無可匹敵，必拯救我到底，
lyrics_bb_text/bb438.txt,36,里,以你生命将我更新不已。主，愿你长在我里。,以你生命將我更新不已。主，願你長在我裏。,以你生命將我更新不已。主，願你長在我裏。
lyrics_bb_text/bb440.txt,8,里,愿你宝贵人位扩展在我衷里，,願你寶貴人位擴展在我衷裏，,願你寶貴人位擴展在我衷裏，
lyrics_bb_text/bb440.txt,28,只,只需吃饱喝足，变化自然显出。,只需喫飽喝足，變化自然顯出。,只需喫飽喝足，變化自然顯出。
lyrics_bb_text/bb440.txt,32,尽,天然洗涤净尽。,天然洗滌淨盡。,天然洗滌淨盡。
lyrics_bb_text/bb440.txt,42,尽,，冷淡、死沉全都驱尽。,，冷淡、死沉全都驅盡。,，冷淡、死沉全都驅盡。
lyrics_bb_text/bb440.txt,46,里,哦主，荣化我们，藉你内里运行；,哦主，榮化我們，藉你內裏運行；,哦主，榮化我們，藉你內裏運行；
lyrics_bb_text/bb441.txt,2,历,羡慕看见并经历,羨慕看見並經歷,羨慕看見並經歷
lyrics_bb_text/bb441.txt,19,历,求主使我更深经历，生活、工作全凭你，,求主使我更深經歷，生活、工作全憑你，,求主使我更深經歷，生活、工作全憑你，
lyrics_bb_text/bb441.txt,20,于只,言语、行动、态度、定意，只求单单出于你。,言語、行動、態度、定意，只求單單出於你。,言語、行動、態度、定意，只求單單出於你。
lyrics_bb_text/bb441.txt,28,只,今我只愿照你心意，活你─永远的“我是”。,今我只願照你心意，活你─永遠的“我是”。,今我只願照你心意，活你─永遠的“我是”。
lyrics_bb_text/bb441.txt,34,复,生命供应无以复加，全备、充足我所夸,生命供應無以復加，全備、充足我所誇,生命供應無以復加，全備、充足我所誇
lyrics_bb_text/bb443.txt,8,里,住主里，让祂内住，生命流通永不止。,住主裏，讓祂內住，生命流通永不止。,住主裏，讓祂內住，生命流通永不止。
lyrics_bb_text/bb443.txt,12,历发,神圣发言儆醒倾听，“互住”经历才真实。,神聖發言儆醒傾聽，“互住”經歷纔真實。,神聖發言儆醒傾聽，“互住”經歷纔真實。
lyrics_bb_text/bb443.txt,16,里,如此必能实际、深入，居住祂里享富足。,如此必能實際、深入，居住祂裏享富足。,如此必能實際、深入，居住祂裏享富足。
lyrics_bb_text/bb443.txt,19,里面,祂爱住在我们里面，我们也住祂爱里；,祂愛住在我們裏面，我們也住祂愛裏；,祂愛住在我們裏面，我們也住祂愛裏；
lyrics_bb_text/bb444.txt,6,里,神是光，在祂里毫无黑暗污秽；,神是光，在祂裏毫無黑暗污穢；,神是光，在祂裏毫無黑暗污穢；
lyrics_bb_text/bb444.txt,7,于面,交通于祂面光，何等甘美。光中行，,交通於祂面光，何等甘美。光中行，,交通於祂面光，何等甘美。光中行，
lyrics_bb_text/bb445.txt,15,后,魂的旷野不再留恋，圣所已在身后；,魂的曠野不再留戀，聖所已在身後；,魂的曠野不再留戀，聖所已在身後；
lyrics_bb_text/bb445.txt,22,里,对神认识深刻、主观，惟凭内里生命。,對神認識深刻、主觀，惟憑內裏生命。,對神認識深刻、主觀，惟憑內裏生命。
lyrics_bb_text/bb447.txt,20,后,同蒙召，成后嗣，世界甘埋葬；,同蒙召，成後嗣，世界甘埋葬；,同蒙召，成後嗣，世界甘埋葬；
lyrics_bb_text/bb447.txt,26,尽,来搜寻，来焚烧，渣滓都除尽；,來搜尋，來焚燒，渣滓都除盡；,來搜尋，來焚燒，渣滓都除盡；
lyrics_bb_text/bb448.txt,7,系,神的旨意在这宇宙，全在祂与人关系；,神的旨意在這宇宙，全在祂與人關係；,神的旨意在這宇宙，全在祂與人關係；
lyrics_bb_text/bb448.txt,12,志里,人里有一比心思、情感、意志更深之地，,人裏有一比心思、情感、意志更深之地，,人裏有一比心思、情感、意志更深之地，
lyrics_bb_text/bb448.txt,14,里,祂且要从人灵里涌出，像江河无止息─调和是神心意。,祂且要從人靈裏湧出，像江河無止息─調和是神心意。,祂且要從人靈裏湧出，像江河無止息─調和是神心意。
lyrics_bb_text/bb448.txt,17,复,在主恢复中，我们已看见神永远心意，,在主恢復中，我們已看見神永遠心意，,在主恢復中，我們已看見神永遠心意，
lyrics_bb_text/bb448.txt,18,历,就是凭祂而活，天天经历祂神圣三一；,就是憑祂而活，天天經歷祂神聖三一；,就是憑祂而活，天天經歷祂神聖三一；
lyrics_bb_text/bb448.txt,19,里,转回我们的灵，一直留在调和的灵里─调和是神心意。,轉回我們的靈，一直留在調和的靈裏─調和是神心意。,轉回我們的靈，一直留在調和的靈裏─調和是神心意。
lyrics_bb_text/bb448.txt,22,台,我们看见人子，在灯台中间保养顾惜，,我們看見人子，在燈臺中間保養顧惜，,我們看見人子，在燈台中間保養顧惜，
lyrics_bb_text/bb448.txt,23,复,眼目如火、双脚像铜，为神的恢复效力；,眼目如火、雙腳像銅，為神的恢復效力；,眼目如火、雙腳像銅，為神的恢復效力；
lyrics_bb_text/bb448.txt,27,历,我们何等需要更深经历与神调为一，,我們何等需要更深經歷與神調為一，,我們何等需要更深經歷與神調為一，
lyrics_bb_text/bb448.txt,32,历,新耶路撒冷来自我们每日对神经历，,新耶路撒冷來自我們每日對神經歷，,新耶路撒冷來自我們每日對神經歷，
lyrics_bb_text/bb449.txt,16,尽里,从我灵中向外扩展，祂要安家我心房；直到全人内里各部尽得更新像祂样。,從我靈中向外擴展，祂要安家我心房；直到全人內裏各部盡得更新像祂樣。,從我靈中向外擴展，祂要安家我心房；直到全人內裏各部盡得更新像祂樣。
lyrics_bb_text/bb449.txt,19,历,生机拯救过程奇妙，全由生命来劾力；每日每时都可经历，主的救恩何实际。,生機拯救過程奇妙，全由生命來劾力；每日每時都可經歷，主的救恩何實際。,生機拯救過程奇妙，全由生命來劾力；每日每時都可經歷，主的救恩何實際。
lyrics_bb_text/bb449.txt,20,里,时常思念那灵的事，心思就成为生命；主在我里得着地位，我得变化成神圣。,時常思念那靈的事，心思就成為生命；主在我裏得著地位，我得變化成神聖。,時常思念那靈的事，心思就成為生命；主在我裏得着地位，我得變化成神聖。
lyrics_bb_text/bb449.txt,23,于尽,荣耀乃是神的彰显，祂之所是显无尽；也是救赎终极一步，具体显明于我身。,榮耀乃是神的彰顯，祂之所是顯無盡；也是救贖終極一步，具體顯明於我身。,榮耀乃是神的彰顯，祂之所是顯無盡；也是救贖終極一步，具體顯明於我身。
lyrics_bb_text/bb449.txt,27,于,为此，我们热切等待得赎、被提、得荣耀；神的丰满显明于地，耶稣见证全显照。,為此，我們熱切等待得贖、被提、得榮耀；神的豐滿顯明於地，耶穌見證全顯照。,為此，我們熱切等待得贖、被提、得榮耀；神的豐滿顯明於地，耶穌見證全顯照。
lyrics_bb_text/bb449.txt,28,于,我们就要完全像主，永远彰显祂荣形；神的众子显于荣耀，宇宙万有共欢腾。,我們就要完全像主，永遠彰顯祂榮形；神的眾子顯於榮耀，宇宙萬有共歡騰。,我們就要完全像主，永遠彰顯祂榮形；神的眾子顯於榮耀，宇宙萬有共歡騰。
lyrics_bb_text/bb449.txt,32,于,野橄榄枝竟得联于栽种橄榄的丰富；生机结联，分享肥汁，长成荣耀的国度。,野橄欖枝竟得聯於栽種橄欖的豐富；生機結聯，分享肥汁，長成榮耀的國度。,野橄欖枝竟得聯於栽種橄欖的豐富；生機結聯，分享肥汁，長成榮耀的國度。
lyrics_bb_text/bb449.txt,36,后,在此全享神的自己，实际、真切、又富饶；同作众子，同为后嗣，召会生活何荣耀！,在此全享神的自己，實際、真切、又富饒；同作眾子，同為後嗣，召會生活何榮耀！,在此全享神的自己，實際、真切、又富饒；同作眾子，同為後嗣，召會生活何榮耀！
lyrics_bb_text/bb450.txt,9,只,磨难间，本不知如何祷告，无言中，只有深处叹息；,磨難間，本不知如何禱告，無言中，只有深處歎息；,磨難間，本不知如何禱告，無言中，只有深處歎息；
lyrics_bb_text/bb450.txt,13,只,主，我是不敢求受苦更深，只望能免去试炼袭击；,主，我是不敢求受苦更深，只望能免去試煉襲擊；,主，我是不敢求受苦更深，只望能免去試煉襲擊；
lyrics_bb_text/bb450.txt,16,尽,因有神大爱浇灌我心内，溢我魂，驱尽所有疑惧。,因有神大愛澆灌我心內，溢我魂，驅盡所有疑懼。,因有神大愛澆灌我心內，溢我魂，驅盡所有疑懼。
lyrics_bb_text/bb450.txt,31,后,何盼望！同基督作神后嗣；何辉煌！救恩要达至极。,何盼望！同基督作神後嗣；何輝煌！救恩要達至極。,何盼望！同基督作神後嗣；何輝煌！救恩要達至極。
lyrics_bb_text/bb450.txt,33,余,凡事上，我们已得胜有余，乃藉祂─那爱我们的主；,凡事上，我們已得勝有餘，乃藉祂─那愛我們的主；,凡事上，我們已得勝有餘，乃藉祂─那愛我們的主；
lyrics_bb_text/bb451.txt,3,后,（彼后一章三至十一节）（英1211）,（彼後一章三至十一節）（英1211）,（彼後一章三至十一節）（英1211）
lyrics_bb_text/bb451.txt,16,里,在我里赐生命，所需全供应，使我活出敬虔，彰显神荣形。,在我裏賜生命，所需全供應，使我活出敬虔，彰顯神榮形。,在我裏賜生命，所需全供應，使我活出敬虔，彰顯神榮形。
lyrics_bb_text/bb451.txt,23,里,基督是神能力，在我灵里居，祂又是神话语─神全备应许；,基督是神能力，在我靈裏居，祂又是神話語─神全備應許；,基督是神能力，在我靈裏居，祂又是神話語─神全備應許；
lyrics_bb_text/bb451.txt,31,里,要增长、要增长，主里要增长，勿闲懒，结美果，丰富又多方；,要增長、要增長，主裏要增長，勿閒懶，結美果，豐富又多方；,要增長、要增長，主裏要增長，勿閒懶，結美果，豐富又多方；
lyrics_bb_text/bb452.txt,12,复,这是神经纶的标的，是主恢复目的。,這是神經綸的標的，是主恢復目的。,這是神經綸的標的，是主恢復目的。
lyrics_bb_text/bb452.txt,16,只,行事为人庄重、圣别，只求得主欢喜。,行事為人莊重、聖別，只求得主歡喜。,行事為人莊重、聖別，只求得主歡喜。
lyrics_bb_text/bb452.txt,19,范,健康话语善美规范，凭信和爱持守；,健康話語善美規範，憑信和愛持守；,健康話語善美規範，憑信和愛持守；
lyrics_bb_text/bb452.txt,27,于,主，使我们忠于所托，殷勤教导、传扬；,主，使我們忠於所託，殷勤教導、傳揚；,主，使我們忠於所託，殷勤教導、傳揚；
lyrics_bb_text/bb452.txt,31,范,藉内住的圣灵，保守那美好的托付─健康话语的规范。,藉內住的聖靈，保守那美好的託付─健康話語的規範。,藉內住的聖靈，保守那美好的託付─健康話語的規範。
lyrics_bb_text/bb453.txt,8,里,主生命何丰富，在我里时加添，当我对主话说“阿们”。,主生命何豐富，在我裏時加添，當我對主話說“阿們”。,主生命何豐富，在我裏時加添，當我對主話説“阿們”。
lyrics_bb_text/bb453.txt,11,里,神自己在我里成就我所不能，当我对主话说“阿们”；,神自己在我裏成就我所不能，當我對主話說“阿們”；,神自己在我裏成就我所不能，當我對主話説“阿們”；
lyrics_bb_text/bb453.txt,16,尽,老爱好、旧思虑不觉间尽消除，当我对主话说“阿们”。,老愛好、舊思慮不覺間盡消除，當我對主話說“阿們”。,老愛好、舊思慮不覺間盡消除，當我對主話説“阿們”。
lyrics_bb_text/bb453.txt,19,只,凭信心过生活，我已寻得秘诀：只要对主话说“阿们”；,憑信心過生活，我已尋得祕訣：只要對主話說“阿們”；,憑信心過生活，我已尋得祕訣：只要對主話説“阿們”；
lyrics_bb_text/bb453.txt,20,于只,主于我既真实又宝贵，胜一切─只要对主话说“阿们”。,主於我既真實又寶貴，勝一切─只要對主話說“阿們”。,主於我既真實又寶貴，勝一切─只要對主話説“阿們”。
lyrics_bb_text/bb453.txt,28,面,我朝夕所思慕，是见你，面对面─对你话我要说“阿们”。,我朝夕所思慕，是見你，面對面─對你話我要說“阿們”。,我朝夕所思慕，是見你，面對面─對你話我要説“阿們”。
lyrics_bb_text/bb454.txt,15,只,只是幼年恩爱，仍然呼召不已，能否保持此心，永为未耕之地？,只是幼年恩愛，仍然呼召不已，能否保持此心，永為未耕之地？,只是幼年恩愛，仍然呼召不已，能否保持此心，永為未耕之地？
lyrics_bb_text/bb454.txt,19,获谷,应声亚割幽谷，踏上指望之门，怜爱脸光披露，重获久别良人。,應聲亞割幽谷，踏上指望之門，憐愛臉光披露，重獲久別良人。,應聲亞割幽谷，踏上指望之門，憐愛臉光披露，重獲久別良人。
lyrics_bb_text/bb454.txt,26,只系,恩主，今我属你，与我心心相系，只望不再我活，永远与你合一；,恩主，今我屬你，與我心心相繫，只望不再我活，永遠與你合一；,恩主，今我屬你，與我心心相繫，只望不再我活，永遠與你合一；
lyrics_bb_text/bb454.txt,27,只里,你我只一空间，密切个人情深，我愿消失你里，直至永世不分。,你我只一空間，密切個人情深，我願消失你裏，直至永世不分。,你我只一空間，密切個人情深，我願消失你裏，直至永世不分。
lyrics_bb_text/bb454.txt,30,里,参何西阿二章十四至十七、十九节，杰里迈亚二章二、十三节。,參何西阿二章十四至十七、十九節，傑裏邁亞二章二、十三節。,參何西阿二章十四至十七、十九節，傑裏邁亞二章二、十三節。
lyrics_bb_text/bb455.txt,9,里,从我灵里向外流淌，,從我靈裏向外流淌，,從我靈裏向外流淌，
lyrics_bb_text/bb456.txt,6,后,转！黑暗丢在背后，光，在前头。,轉！黑暗丟在背後，光，在前頭。,轉！黑暗丟在背後，光，在前頭。
lyrics_bb_text/bb457.txt,2,里,我在这里,我在這裏,我在這裏
lyrics_bb_text/bb457.txt,6,里,我在这里，天使睽睽注目；主权已交出，,我在這裏，天使睽睽注目；主權已交出，,我在這裏，天使睽睽注目；主權已交出，
lyrics_bb_text/bb457.txt,8,里,我在这里！今全属基督，,我在這裏！今全屬基督，,我在這裏！今全屬基督，
lyrics_bb_text/bb457.txt,12,里,我在这里，世人瞠目惊喟：“竟如此枉费”？,我在這裏，世人瞠目驚喟：“竟如此枉費”？,我在這裏，世人瞠目驚喟：“竟如此枉費”？
lyrics_bb_text/bb457.txt,14,里,我在这里！得上好机会，,我在這裏！得上好機會，,我在這裏！得上好機會，
lyrics_bb_text/bb457.txt,18,里,我在这里，撒但已在抖颤；真相终揭穿─,我在這裏，撒但已在抖顫；真相終揭穿─,我在這裏，撒但已在抖顫；真相終揭穿─
lyrics_bb_text/bb457.txt,20,后里,我在这里！永不向后看！,我在這裏！永不向後看！,我在這裏！永不向後看！
lyrics_bb_text/bb457.txt,24,里,我在这里，我看见祂微笑；祂的一声“好”,我在這裏，我看見祂微笑；祂的一聲“好”,我在這裏，我看見祂微笑；祂的一聲“好”
lyrics_bb_text/bb457.txt,26,里,我在这里，归回为建造；,我在這裏，歸回為建造；,我在這裏，歸回為建造；
lyrics_bb_text/bb458.txt,11,面,等我归来得见你面，才知救恩如此完全：,等我歸來得見你面，纔知救恩如此完全：,等我歸來得見你面，纔知救恩如此完全：
lyrics_bb_text/bb458.txt,17,历,二重幔子虽已裂开，我的经历仍是不逮，,二重幔子雖已裂開，我的經歷仍是不逮，,二重幔子雖已裂開，我的經歷仍是不逮，
lyrics_bb_text/bb458.txt,23,尽,尽都洗去，洗得尽净，每一部分完全成圣。,盡都洗去，洗得盡淨，每一部分完全成聖。,盡都洗去，洗得盡淨，每一部分完全成聖。
lyrics_bb_text/bb458.txt,28,致,你的恩典不致徒受，你的救恩我能全得。,你的恩典不致徒受，你的救恩我能全得。,你的恩典不致徒受，你的救恩我能全得。
lyrics_bb_text/bb459.txt,18,面,主，你十架我愿负，面向你的国度，,主，你十架我願負，面向你的國度，,主，你十架我願負，面向你的國度，
lyrics_bb_text/bb459.txt,20,面,前面路程已不长，属天家乡在望，,前面路程已不長，屬天家鄉在望，,前面路程已不長，屬天家鄉在望，
lyrics_bb_text/bb460.txt,7,尽,然有时会遇患难和贫穷，但我愿不改变向主的尽忠；,然有時會遇患難和貧窮，但我願不改變向主的盡忠；,然有時會遇患難和貧窮，但我願不改變向主的盡忠；
lyrics_bb_text/bb460.txt,8,尽,然有时会遇患难和贫穷，但我愿不改变向主的尽忠；,然有時會遇患難和貧窮，但我願不改變向主的盡忠；,然有時會遇患難和貧窮，但我願不改變向主的盡忠；
lyrics_bb_text/bb460.txt,19,只里,在那里无忧愁也再无悲伤，只有神恩和爱是我所安享。,在那裏無憂愁也再無悲傷，只有神恩和愛是我所安享。,在那裏無憂愁也再無悲傷，只有神恩和愛是我所安享。
lyrics_bb_text/bb460.txt,20,只里,在那里无忧愁也再无悲伤，只有神恩和爱是我所安享；,在那裏無憂愁也再無悲傷，只有神恩和愛是我所安享；,在那裏無憂愁也再無悲傷，只有神恩和愛是我所安享；
lyrics_bb_text/bb460.txt,25,面,到那时见主面安息在主怀，就与主不分开永与主同在。,到那時見主面安息在主懷，就與主不分開永與主同在。,到那時見主面安息在主懷，就與主不分開永與主同在。
lyrics_bb_text/bb460.txt,26,面,到那时见主面安息在主怀，就与主不分开永与主同在；,到那時見主面安息在主懷，就與主不分開永與主同在；,到那時見主面安息在主懷，就與主不分開永與主同在；
lyrics_bb_text/bb461.txt,6,后,你竟独行这条十架窄路，客西马尼，别后成殊途。,你竟獨行這條十架窄路，客西馬尼，別後成殊途。,你竟獨行這條十架窄路，客西馬尼，別後成殊途。
lyrics_bb_text/bb461.txt,9,面,你面如坚石肃然伫立；主，爱你却不敢认你。,你面如堅石肅然佇立；主，愛你卻不敢認你。,你面如堅石肅然佇立；主，愛你卻不敢認你。
lyrics_bb_text/bb462.txt,6,于,大哉！敬虔奥秘！显于肉体，支搭帐幕，丰满恩典何实际；,大哉！敬虔奧祕！顯於肉體，支搭帳幕，豐滿恩典何實際；,大哉！敬虔奧祕！顯於肉體，支搭帳幕，豐滿恩典何實際；
lyrics_bb_text/bb462.txt,7,里,神圣奥秘三一，今在我们里，基督奥秘身体，彰显神自己。,神聖奧祕三一，今在我們裏，基督奧祕身體，彰顯神自己。,神聖奧祕三一，今在我們裏，基督奧祕身體，彰顯神自己。
lyrics_bb_text/bb462.txt,10,复,神已经过过程，又终极完成，成为复合那灵，眷临赐生命；,神已經過過程，又終極完成，成為複合那靈，眷臨賜生命；,神已經過過程，又終極完成，成為複合那靈，眷臨賜生命；
lyrics_bb_text/bb462.txt,15,云历,享受那灵运行，和围绕云彩，经历调和，将身体建造起来。,享受那靈運行，和圍繞雲彩，經歷調和，將身體建造起來。,享受那靈運行，和圍繞雲彩，經歷調和，將身體建造起來。
lyrics_bb_text/bb462.txt,19,范,基督乃是生命、人位和显彰，神圣奥秘范围，现今得扩大。,基督乃是生命、人位和顯彰，神聖奧祕範圍，現今得擴大。,基督乃是生命、人位和顯彰，神聖奧祕範圍，現今得擴大。
lyrics_bb_text/bb462.txt,23,里,今在父荣耀里，将三一显明，至终达到圣城─新耶路撒冷。,今在父榮耀裏，將三一顯明，至終達到聖城─新耶路撒冷。,今在父榮耀裏，將三一顯明，至終達到聖城─新耶路撒冷。
lyrics_bb_text/bb463.txt,6,里面,创世之前，蒙神拣选，在你爱里，在你面前，成为圣别。,創世之前，蒙神揀選，在你愛裏，在你面前，成為聖別。,創世之前，蒙神揀選，在你愛裏，在你面前，成為聖別。
lyrics_bb_text/bb463.txt,9,面,心得坚固，使我活你面前，全然圣别，得以完全。,心得堅固，使我活你面前，全然聖別，得以完全。,心得堅固，使我活你面前，全然聖別，得以完全。
lyrics_bb_text/bb464.txt,9,历,但主告诉我祂曾历世途， 经忧患，无枕首处，,但主告訴我祂曾歷世途， 經憂患，無枕首處，,但主告訴我祂曾歷世途， 經憂患，無枕首處，
lyrics_bb_text/bb464.txt,14,历,祂的患难要我补足，经历十架学顺服。,祂的患難要我補足，經歷十架學順服。,祂的患難要我補足，經歷十架學順服。
lyrics_bb_text/bb464.txt,16,历,欢然随主历短暂苦楚，永远荣耀在目。,歡然隨主歷短暫苦楚，永遠榮耀在目。,歡然隨主歷短暫苦楚，永遠榮耀在目。
lyrics_bb_text/bb465.txt,18,云,云彩围绕，同奔向前；灵中争战，配搭无间。,雲彩圍繞，同奔向前；靈中爭戰，配搭無間。,雲彩圍繞，同奔向前；靈中爭戰，配搭無間。
lyrics_bb_text/bb465.txt,22,里,爱里同工，劳苦不息；流中跟随，同魂同心。,愛裏同工，勞苦不息；流中跟隨，同魂同心。,愛裏同工，勞苦不息；流中跟隨，同魂同心。
lyrics_bb_text/bb466.txt,2,复,新的黎明，新的复兴,新的黎明，新的復興,新的黎明，新的復興
lyrics_bb_text/bb466.txt,10,发里,时刻扎根主里，生活开花发芽，天天起来拾取吗哪，爱慕追求主话。,時刻紮根主裏，生活開花發芽，天天起來拾取嗎哪，愛慕追求主話。,時刻紮根主裏，生活開花發芽，天天起來拾取嗎哪，愛慕追求主話。
lyrics_bb_text/bb466.txt,11,发,不住恒切祷告，单纯如百合花，灌满新酒和橄榄油，散发基督荣华。,不住恆切禱告，單純如百合花，灌滿新酒和橄欖油，散發基督榮華。,不住恆切禱告，單純如百合花，灌滿新酒和橄欖油，散發基督榮華。
lyrics_bb_text/bb466.txt,14,复,主必加倍补还，蝗虫吃去时光，祂的复活生命大能，吞灭失败死亡。,主必加倍補還，蝗蟲喫去時光，祂的復活生命大能，吞滅失敗死亡。,主必加倍補還，蝗蟲喫去時光，祂的復活生命大能，吞滅失敗死亡。
lyrics_bb_text/bb466.txt,15,云历,藉祂不断显现，步步唱上行诗，今生功名烟消云逝，谱写神圣历史。,藉祂不斷顯現，步步唱上行詩，今生功名煙消雲逝，譜寫神聖歷史。,藉祂不斷顯現，步步唱上行詩，今生功名煙消雲逝，譜寫神聖歷史。
lyrics_bb_text/bb466.txt,22,复,复兴之律运行，昼夜循环不息，随时随地洋溢赞美，福音遍传四极。,復興之律運行，晝夜循環不息，隨時隨地洋溢讚美，福音遍傳四極。,復興之律運行，晝夜循環不息，隨時隨地洋溢讚美，福音遍傳四極。
lyrics_bb_text/bb466.txt,25,复,新的黎明，新的复兴，主，我奉献，奉献今天；,新的黎明，新的復興，主，我奉獻，奉獻今天；,新的黎明，新的復興，主，我奉獻，奉獻今天；
lyrics_bb_text/bb467.txt,12,里,我们在帐棚里过团体神人生活，,我們在帳棚裏過團體神人生活，,我們在帳棚裏過團體神人生活，
lyrics_bb_text/bb468.txt,11,发复,甘心以死亡换来生命的溢洋，甘心受破碎以散发发复活馨香。,甘心以死亡換來生命的溢洋，甘心受破碎以散發發復活馨香。,甘心以死亡換來生命的溢洋，甘心受破碎以散發發復活馨香。
lyrics_bb_text/bb468.txt,15,只,只愿成为供人喜乐的奠祭，不断倾倒直至此生止极。,只願成為供人喜樂的奠祭，不斷傾倒直至此生止極。,只願成為供人喜樂的奠祭，不斷傾倒直至此生止極。
lyrics_bb_text/bb468.txt,17,里面,使我维持里面的喜乐，让我的眼泪消失在永世。,使我維持裏面的喜樂，讓我的眼淚消失在永世。,使我維持裏面的喜樂，讓我的眼淚消失在永世。
lyrics_bb_text/bb469.txt,7,于历表,歌中之歌乃是描绘，神生命与建造；基督新妇生命历程，皆显明于表号。,歌中之歌乃是描繪，神生命與建造；基督新婦生命歷程，皆顯明於表號。,歌中之歌乃是描繪，神生命與建造；基督新婦生命歷程，皆顯明於表號。
lyrics_bb_text/bb469.txt,16,于,她之于主有如百合，单纯靠主怜悯；属地劳苦非她所倚，惟主是她吸引！,她之於主有如百合，單純靠主憐憫；屬地勞苦非她所倚，惟主是她吸引！,她之於主有如百合，單純靠主憐憫；屬地勞苦非她所倚，惟主是她吸引！
lyrics_bb_text/bb469.txt,19,复面,在主面前又如良鸽，藏身盘石穴中，享主复活、升天生命，有爱不知惊恐！,在主面前又如良鴿，藏身盤石穴中，享主復活、升天生命，有愛不知驚恐！,在主面前又如良鴿，藏身盤石穴中，享主復活、升天生命，有愛不知驚恐！
lyrics_bb_text/bb469.txt,22,志,且成烟柱，立地顶天，旷野流荡止息；意志降服，与主合拍，馨香之气盈溢！,且成煙柱，立地頂天，曠野流蕩止息；意志降服，與主合拍，馨香之氣盈溢！,且成煙柱，立地頂天，曠野流蕩止息；意志降服，與主合拍，馨香之氣盈溢！
lyrics_bb_text/bb469.txt,31,复,利巴嫩木质量高贵，充满复活人性；银柱支撑一救赎稳固，金底显神性情！,利巴嫩木質量高貴，充滿復活人性；銀柱支撐一救贖穩固，金底顯神性情！,利巴嫩木質量高貴，充滿復活人性；銀柱支撐一救贖穩固，金底顯神性情！
lyrics_bb_text/bb469.txt,34,尽,紫色坐垫君尊宝贵—王权为其座位；众女向王所献爱情，尽都铺陈其内。,紫色坐墊君尊寶貴—王權為其座位；眾女向王所獻愛情，盡都鋪陳其內。,紫色坐墊君尊寶貴—王權為其座位；眾女向王所獻愛情，盡都鋪陳其內。
lyrics_bb_text/bb469.txt,40,只,关锁的园，只为良人产生宝贵材料；生命丰盛、美丽芬芳，更为神圣建造。,關鎖的園，只為良人產生寶貴材料；生命豐盛、美麗芬芳，更為神聖建造。,關鎖的園，只為良人產生寶貴材料；生命豐盛、美麗芬芳，更為神聖建造。
lyrics_bb_text/bb469.txt,46,借,借着吃主与祂联调，新妇妆饰整齐；生命变化带进建造，成功神圣旨意。,藉著喫主與祂聯調，新婦妝飾整齊；生命變化帶進建造，成功神聖旨意。,藉着喫主與祂聯調，新婦妝飾整齊；生命變化帶進建造，成功神聖旨意。
lyrics_bb_text/bb470.txt,8,于,一己残见，囿于时空，勿将天光遮掩。,一己殘見，囿於時空，勿將天光遮掩。,一己殘見，囿於時空，勿將天光遮掩。
lyrics_bb_text/bb470.txt,13,历,天籁圣谕普赐万邦，历代人当称羡；,天籟聖諭普賜萬邦，歷代人當稱羨；,天籟聖諭普賜萬邦，歷代人當稱羨；
lyrics_bb_text/bb470.txt,21,尽,荣耀太阳，愿你显身，辉煌光线尽现：,榮耀太陽，願你顯身，輝煌光線盡現：,榮耀太陽，願你顯身，輝煌光線盡現：
lyrics_bb_text/bb470.txt,25,谷,幽谷已过，昂首上行，直攻真理之巅；,幽谷已過，昂首上行，直攻真理之巔；,幽谷已過，昂首上行，直攻真理之巔；
lyrics_bb_text/bb470.txt,31,借,哦，愿父神借灵运行，基督安家心间，,哦，願父神借靈運行，基督安家心間，,哦，願父神借靈運行，基督安家心間，
lyrics_bb_text/bb501.txt,7,于,今从律法转向基督，投靠于他何等有福；,今從律法轉向基督，投靠於他何等有福；,今從律法轉向基督，投靠於他何等有福；
lyrics_bb_text/bb501.txt,8,只,我们既已见他荣耀，我们只要基督！,我們既已見他榮耀，我們只要基督！,我們既已見他榮耀，我們只要基督！
lyrics_bb_text/bb501.txt,9,只,我们只要基督，我们只要基督，,我們只要基督，我們只要基督，,我們只要基督，我們只要基督，
lyrics_bb_text/bb501.txt,10,只,我们既已见他荣耀，我们只要基督！,我們既已見他榮耀，我們只要基督！,我們既已見他榮耀，我們只要基督！
lyrics_bb_text/bb502.txt,10,复,主阿，使归回的增多，像南地河水复流！,主阿，使歸回的增多，像南地河水復流！,主阿，使歸回的增多，像南地河水復流！
lyrics_bb_text/bb503.txt,18,后复,（重复最后一行，下同） ,（重複最後一行，下同） ,（重複最後一行，下同） 
lyrics_bb_text/bb503.txt,27,里,盘里满基督，碗里满圣灵，,盤裏滿基督，碗裏滿聖靈，,盤裏滿基督，碗裏滿聖靈，
lyrics_bb_text/bb503.txt,28,里,将所有的器皿都带来！带到召会里，,將所有的器皿都帶來！帶到召會裏，,將所有的器皿都帶來！帶到召會裏，
lyrics_bb_text/bb503.txt,37,里,"注：原文里共有五个""up"":Stir up, Rise up, Go up, Bring up, and Build up","注：原文裏共有五個""up"":Stir up, Rise up, Go up, Bring up, and Build up","注：原文裏共有五個""up"":Stir up, Rise up, Go up, Bring up, and Build up"
lyrics_bb_text/bb504.txt,8,里,这是我永远安息之所，我要住这里，,這是我永遠安息之所，我要住這裏，,這是我永遠安息之所，我要住這裏，
lyrics_bb_text/bb505.txt,10,尽,或忧愁，或叹息，尽都逃避！,或憂愁，或歎息，盡都逃避！,或憂愁，或歎息，盡都逃避！
lyrics_bb_text/bb506.txt,15,面,她在北面居高华美，乃为全地所喜悦！,她在北面居高華美，乃為全地所喜悅！,她在北面居高華美，乃為全地所喜悦！
lyrics_bb_text/bb506.txt,16,面,她在北面居高华美，锡安─价值何超越！,她在北面居高華美，錫安─價值何超越！,她在北面居高華美，錫安─價值何超越！
lyrics_bb_text/bb506.txt,43,后,当传说给所有后代，凡愿意的都可来；,當傳說給所有後代，凡願意的都可來；,當傳説給所有後代，凡願意的都可來；
lyrics_bb_text/bb506.txt,44,后,当传说给所有后代，灵与新妇都说‘来’！,當傳說給所有後代，靈與新婦都說‘來’！,當傳説給所有後代，靈與新婦都説‘來’！
lyrics_bb_text/bb507.txt,10,里,竭力保守灵合一，在众地方召会里。,竭力保守靈合一，在眾地方召會裏。,竭力保守靈合一，在眾地方召會裏。
lyrics_bb_text/bb507.txt,14,里,我们如今活在地方召会里。,我們如今活在地方召會裏。,我們如今活在地方召會裏。
lyrics_bb_text/bb507.txt,17,复系,为使恢复能继续，祭司体系乃所需，,為使恢復能繼續，祭司體系乃所需，,為使恢復能繼續，祭司體系乃所需，
lyrics_bb_text/bb507.txt,20,里,如此建造神居所，在众地方召会里。,如此建造神居所，在眾地方召會裏。,如此建造神居所，在眾地方召會裏。
lyrics_bb_text/bb507.txt,26,里,完全向圣灵顺服，在众地方召会里。,完全向聖靈順服，在眾地方召會裏。,完全向聖靈順服，在眾地方召會裏。
lyrics_bb_text/bb507.txt,32,里,召会合一得实现，在众地方召会里。,召會合一得實現，在眾地方召會裏。,召會合一得實現，在眾地方召會裏。
lyrics_bb_text/bb507.txt,38,里,并将仇敌全灭除，在众地方召会里。,並將仇敵全滅除，在眾地方召會裏。,並將仇敵全滅除，在眾地方召會裏。
lyrics_bb_text/bb508.txt,7,于,哦，基督有一荣耀召会，我们有分于她─,哦，基督有一榮耀召會，我們有分於她─,哦，基督有一榮耀召會，我們有分於她─
lyrics_bb_text/bb508.txt,10,于,我们属于她─阿利路亚，主使我们合为一！,我們屬於她─阿利路亞，主使我們合為一！,我們屬於她─阿利路亞，主使我們合為一！
lyrics_bb_text/bb508.txt,19,里,阿利路亚，我们在这身体里！,阿利路亞，我們在這身體裏！,阿利路亞，我們在這身體裏！
lyrics_bb_text/bb508.txt,21,里,在身体里我们得胜！阿利路亚，,在身體裏我們得勝！阿利路亞，,在身體裏我們得勝！阿利路亞，
lyrics_bb_text/bb508.txt,22,里,我们在这身体里！ ,我們在這身體裏！ ,我們在這身體裏！ 
lyrics_bb_text/bb508.txt,25,台,神那完全圣别的性情，显在七金灯台─,神那完全聖別的性情，顯在七金燈臺─,神那完全聖別的性情，顯在七金燈台─
lyrics_bb_text/bb508.txt,27,台,我们合一且有分神性，金灯台就照耀─,我們合一且有分神性，金燈臺就照耀─,我們合一且有分神性，金燈台就照耀─
lyrics_bb_text/bb508.txt,28,发,阿利路亚，她正发光且照耀！,阿利路亞，她正發光且照耀！,阿利路亞，她正發光且照耀！
lyrics_bb_text/bb508.txt,29,台,阿利路亚，荣耀身体！这个身体是金灯台！,阿利路亞，榮耀身體！這個身體是金燈臺！,阿利路亞，榮耀身體！這個身體是金燈台！
lyrics_bb_text/bb508.txt,30,发,处处发光，精光照耀！阿利路亚，,處處發光，精光照耀！阿利路亞，,處處發光，精光照耀！阿利路亞，
lyrics_bb_text/bb508.txt,31,发,她正发光且照耀！ ,她正發光且照耀！ ,她正發光且照耀！ 
lyrics_bb_text/bb508.txt,39,发,我们发光藉着吃主！阿利路亚，,我們發光藉著喫主！阿利路亞，,我們發光藉着喫主！阿利路亞，
lyrics_bb_text/bb509.txt,2,里,在灵里我看见,在靈裏我看見,在靈裏我看見
lyrics_bb_text/bb509.txt,6,里,在灵里，在灵里，在灵里，在灵里，,在靈裏，在靈裏，在靈裏，在靈裏，,在靈裏，在靈裏，在靈裏，在靈裏，
lyrics_bb_text/bb509.txt,8,里,在灵里看召会，在灵里看世界，,在靈裏看召會，在靈裏看世界，,在靈裏看召會，在靈裏看世界，
lyrics_bb_text/bb509.txt,9,里,在灵里看宗教，在灵里看圣城。,在靈裏看宗教，在靈裏看聖城。,在靈裏看宗教，在靈裏看聖城。
lyrics_bb_text/bb509.txt,11,里,在灵里，在灵里，在灵里，在灵里！,在靈裏，在靈裏，在靈裏，在靈裏！,在靈裏，在靈裏，在靈裏，在靈裏！
lyrics_bb_text/bb509.txt,15,里,在灵里，我看见主眼目如火焰，,在靈裏，我看見主眼目如火焰，,在靈裏，我看見主眼目如火焰，
lyrics_bb_text/bb509.txt,18,干,撇世界，撇干净，使我脚，全光明。,撇世界，撇乾淨，使我腳，全光明。,撇世界，撇乾淨，使我腳，全光明。
lyrics_bb_text/bb509.txt,21,里,在灵里，我认定那七灵和七星，,在靈裏，我認定那七靈和七星，,在靈裏，我認定那七靈和七星，
lyrics_bb_text/bb509.txt,23,只,我不要搞道理，只要灵和能力；,我不要搞道理，只要靈和能力；,我不要搞道理，只要靈和能力；
lyrics_bb_text/bb509.txt,24,发,脱宗教，灵发烧，烧到强，烧到亮！,脫宗教，靈發燒，燒到強，燒到亮！,脱宗教，靈發燒，燒到強，燒到亮！
lyrics_bb_text/bb509.txt,27,里,在灵里，我保持进天国的钥匙，,在靈裏，我保持進天國的鑰匙，,在靈裏，我保持進天國的鑰匙，
lyrics_bb_text/bb509.txt,33,里,在灵里说阿们，在灵里汇一流，,在靈裏說阿們，在靈裏匯一流，,在靈裏説阿們，在靈裏匯一流，
lyrics_bb_text/bb510.txt,7,台,在七个金灯台中间，祂与召会同动向。,在七個金燈臺中間，祂與召會同動向。,在七個金燈台中間，祂與召會同動向。
lyrics_bb_text/bb510.txt,8,发表,祂是神的独一发表，是神真实的见证，,祂是神的獨一發表，是神真實的見證，,祂是神的獨一發表，是神真實的見證，
lyrics_bb_text/bb510.txt,9,发表,召会又是祂的发表，祂的性质是精金。,召會又是祂的發表，祂的性質是精金。,召會又是祂的發表，祂的性質是精金。
lyrics_bb_text/bb510.txt,12,发,主阿，你曾呼召召会，发光为你作见证；,主阿，你曾呼召召會，發光為你作見證；,主阿，你曾呼召召會，發光為你作見證；
lyrics_bb_text/bb510.txt,15,表,召会却是照耀明亮，将你自己全表明。,召會卻是照耀明亮，將你自己全表明。,召會卻是照耀明亮，將你自己全表明。
lyrics_bb_text/bb510.txt,20,复,主，我们要作得胜者，使你权柄得恢复，,主，我們要作得勝者，使你權柄得恢復，,主，我們要作得勝者，使你權柄得恢復，
lyrics_bb_text/bb510.txt,21,恶,世界罪恶一扫而空，地上建立你国度！,世界罪惡一掃而空，地上建立你國度！,世界罪惡一掃而空，地上建立你國度！
lyrics_bb_text/bb511.txt,2,制台复,金灯台是灵的复制,金燈臺是靈的複製,金燈台是靈的複製
lyrics_bb_text/bb511.txt,8,发,作耶稣的见证，发出他光辉。,作耶穌的見證，發出他光輝。,作耶穌的見證，發出他光輝。
lyrics_bb_text/bb511.txt,13,发,凭圣灵而焚烧，发出主光辉。,憑聖靈而焚燒，發出主光輝。,憑聖靈而焚燒，發出主光輝。
lyrics_bb_text/bb511.txt,16,里,神有形有体的住在基督里；,神有形有體的住在基督裏；,神有形有體的住在基督裏；
lyrics_bb_text/bb511.txt,18,制台复,个个金灯台是这灵的复制，,個個金燈臺是這靈的複製，,個個金燈台是這靈的複製，
lyrics_bb_text/bb511.txt,24,里,胸前束着金带，在爱里照顾；,胸前束著金帶，在愛裏照顧；,胸前束着金帶，在愛裏照顧；
lyrics_bb_text/bb511.txt,28,台,谁能困金灯台？谁能来破坏？,誰能困金燈臺？誰能來破壞？,誰能困金燈台？誰能來破壞？
lyrics_bb_text/bb511.txt,29,发,反对越发增多，它扩展越快！,反對越發增多，它擴展越快！,反對越發增多，它擴展越快！
lyrics_bb_text/bb511.txt,36,台,许多的金灯台，至终成一座，,許多的金燈臺，至終成一座，,許多的金燈台，至終成一座，
lyrics_bb_text/bb512.txt,8,复,其中教训为着你我，在恢复中切莫错过。,其中教訓為著你我，在恢復中切莫錯過。,其中教訓為着你我，在恢復中切莫錯過。
lyrics_bb_text/bb512.txt,12,发,为祂旨意，主发警告，使祂召会圣洁荣耀。,為祂旨意，主發警告，使祂召會聖潔榮耀。,為祂旨意，主發警告，使祂召會聖潔榮耀。
lyrics_bb_text/bb512.txt,16,只复,只顾工作，却忘了主；快快悔改，恢复当初。,只顧工作，卻忘了主；快快悔改，恢復當初。,只顧工作，卻忘了主；快快悔改，恢復當初。
lyrics_bb_text/bb512.txt,36,只,惟有主话，能救我们，只要对它不断经营。,惟有主話，能救我們，只要對它不斷經營。,惟有主話，能救我們，只要對它不斷經營。
lyrics_bb_text/bb512.txt,39,后面,推雅推喇跟在后面，她的能力并非属天；,推雅推喇跟在後面，她的能力並非屬天；,推雅推喇跟在後面，她的能力並非屬天；
lyrics_bb_text/bb512.txt,40,面,细面与酵混成一片，淫妇和兽联成一线。,細麵與酵混成一片，淫婦和獸聯成一線。,細麵與酵混成一片，淫婦和獸聯成一線。
lyrics_bb_text/bb512.txt,59,借,弟兄姊妹完全是一，借着生命才有实际；,弟兄姊妹完全是一，藉著生命纔有實際；,弟兄姊妹完全是一，藉着生命纔有實際；
lyrics_bb_text/bb512.txt,68,历,丰富进入生命经历，得主称许同祂坐席。,豐富進入生命經歷，得主稱許同祂坐席。,豐富進入生命經歷，得主稱許同祂坐席。
lyrics_bb_text/bb512.txt,72,复,擦我眼睛使我富足，你的恢复快快实现。,擦我眼睛使我富足，你的恢復快快實現。,擦我眼睛使我富足，你的恢復快快實現。
lyrics_bb_text/bb513.txt,8,面,身穿白衣，站在宝座和羔羊面前，,身穿白衣，站在寶座和羔羊面前，,身穿白衣，站在寶座和羔羊面前，
lyrics_bb_text/bb514.txt,7,里,看哪！他们在各城里，站住立场同聚集，,看哪！他們在各城裏，站住立場同聚集，,看哪！他們在各城裏，站住立場同聚集，
lyrics_bb_text/bb514.txt,8,台,是金灯台照亮各地，使神有家可安息。,是金燈臺照亮各地，使神有家可安息。,是金燈台照亮各地，使神有家可安息。
lyrics_bb_text/bb514.txt,26,发,喜乐就越发加增。 ,喜樂就越發加增。 ,喜樂就越發加增。 
lyrics_bb_text/bb515.txt,9,征,他已完成一切工作，撒但全军已被征服，,他已完成一切工作，撒但全軍已被征服，,他已完成一切工作，撒但全軍已被征服，
lyrics_bb_text/bb518.txt,11,里,作神灵里的居所，,作神靈裏的居所，,作神靈裏的居所，
lyrics_bb_text/bb519.txt,7,于,来吧，我们奔主的殿，训诲必出于锡安！,來吧，我們奔主的殿，訓誨必出於錫安！,來吧，我們奔主的殿，訓誨必出於錫安！
lyrics_bb_text/bb519.txt,19,台,使金灯台焚烧照明，结束时代将他迎！,使金燈臺焚燒照明，結束時代將他迎！,使金燈台焚燒照明，結束時代將他迎！
lyrics_bb_text/bb521.txt,18,台,作主金灯台，照耀何辉煌。,作主金燈臺，照耀何輝煌。,作主金燈台，照耀何輝煌。
lyrics_bb_text/bb522.txt,14,复,我们已经看见召会恢复的异象……,我們已經看見召會恢復的異象……,我們已經看見召會恢復的異象……
lyrics_bb_text/bb522.txt,17,里,这里乃是地方召会，非宗派公会……,這裏乃是地方召會，非宗派公會……,這裏乃是地方召會，非宗派公會……
lyrics_bb_text/bb522.txt,29,里,我们忠心站在这里直到主再来……,我們忠心站在這裏直到主再來……,我們忠心站在這裏直到主再來……
lyrics_bb_text/bb523.txt,29,复,我是为神的恢复…… ,我是為神的恢復…… ,我是為神的恢復…… 
lyrics_bb_text/bb525.txt,2,复,为着召会的恢复,為著召會的恢復,為着召會的恢復
lyrics_bb_text/bb525.txt,7,复,我们乃是为着主的召会的恢复；,我們乃是為著主的召會的恢復；,我們乃是為着主的召會的恢復；
lyrics_bb_text/bb525.txt,9,里,站住地方合一立场，在主里合一；,站住地方合一立場，在主裏合一；,站住地方合一立場，在主裏合一；
lyrics_bb_text/bb525.txt,13,复,我们为着主的恢复！我们为着主，,我們為著主的恢復！我們為著主，,我們為着主的恢復！我們為着主，
lyrics_bb_text/bb525.txt,14,复,我们为着主，为着主的恢复！,我們為著主，為著主的恢復！,我們為着主，為着主的恢復！
lyrics_bb_text/bb525.txt,17,复,我们乃是为着主的召会的恢复；,我們乃是為著主的召會的恢復；,我們乃是為着主的召會的恢復；
lyrics_bb_text/bb525.txt,24,复,我们乃是为着主的召会的恢复；,我們乃是為著主的召會的恢復；,我們乃是為着主的召會的恢復；
lyrics_bb_text/bb526.txt,2,复,这是神的恢复,這是神的恢復,這是神的恢復
lyrics_bb_text/bb526.txt,6,恶,神救我们脱离邪恶的世代，,神救我們脫離邪惡的世代，,神救我們脱離邪惡的世代，
lyrics_bb_text/bb526.txt,9,复,这是神的恢复。,這是神的恢復。,這是神的恢復。
lyrics_bb_text/bb526.txt,17,后,在流中，忘记背后，随灵向前；弃绝宗教，,在流中，忘記背後，隨靈向前；棄絕宗教，,在流中，忘記背後，隨靈向前；棄絕宗教，
lyrics_bb_text/bb526.txt,18,干,将世界丢干净。现今主在全地,將世界丟乾淨。現今主在全地,將世界丟乾淨。現今主在全地
lyrics_bb_text/bb526.txt,19,复,不断作新事，阿利路亚！这是神的恢复。,不斷作新事，阿利路亞！這是神的恢復。,不斷作新事，阿利路亞！這是神的恢復。
lyrics_bb_text/bb526.txt,22,台,七倍灵─众召会是纯金灯台，,七倍靈─眾召會是純金燈臺，,七倍靈─眾召會是純金燈台，
lyrics_bb_text/bb526.txt,24,台,七灯台在各地焚烧并照耀，阿利路亚！,七燈臺在各地焚燒並照耀，阿利路亞！,七燈台在各地焚燒並照耀，阿利路亞！
lyrics_bb_text/bb526.txt,25,复,这是神的恢复。 ,這是神的恢復。 ,這是神的恢復。 
lyrics_bb_text/bb526.txt,29,里,我们同站在他的得胜里。都成了！,我們同站在他的得勝裏。都成了！,我們同站在他的得勝裏。都成了！
lyrics_bb_text/bb526.txt,31,复,这是神的恢复。 ,這是神的恢復。 ,這是神的恢復。 
lyrics_bb_text/bb526.txt,36,复,作我们实际，阿利路亚！这是神的恢复。,作我們實際，阿利路亞！這是神的恢復。,作我們實際，阿利路亞！這是神的恢復。
lyrics_bb_text/bb526.txt,42,复,阿利路亚！这是神的恢复。,阿利路亞！這是神的恢復。,阿利路亞！這是神的恢復。
lyrics_bb_text/bb527.txt,2,复,恢复,恢復,恢復
lyrics_bb_text/bb527.txt,6,复,我们都是为着神的恢复，,我們都是為著神的恢復，,我們都是為着神的恢復，
lyrics_bb_text/bb527.txt,7,复,神的恢复，神的恢复。,神的恢復，神的恢復。,神的恢復，神的恢復。
lyrics_bb_text/bb527.txt,15,只复,活着只为他的恢复。,活著只為他的恢復。,活着只為他的恢復。
lyrics_bb_text/bb527.txt,16,复,他的恢复，他的恢复，他的恢复！,他的恢復，他的恢復，他的恢復！,他的恢復，他的恢復，他的恢復！
lyrics_bb_text/bb527.txt,17,复,我们是为神的恢复，神的见证！,我們是為神的恢復，神的見證！,我們是為神的恢復，神的見證！
lyrics_bb_text/bb527.txt,19,只复,活着只为着他的恢复。,活著只為著他的恢復。,活着只為着他的恢復。
lyrics_bb_text/bb527.txt,20,复,恢复，恢复，恢复，,恢復，恢復，恢復，,恢復，恢復，恢復，
lyrics_bb_text/bb527.txt,21,复,恢复，恢复，恢复！,恢復，恢復，恢復！,恢復，恢復，恢復！
lyrics_bb_text/bb528.txt,2,复,奉献为主恢复,奉獻為主恢復,奉獻為主恢復
lyrics_bb_text/bb528.txt,15,复,不计代价，奉献为主恢复！,不計代價，奉獻為主恢復！,不計代價，奉獻為主恢復！
lyrics_bb_text/bb528.txt,19,复,加速恢复，拔高纯洁人性，,加速恢復，拔高純潔人性，,加速恢復，拔高純潔人性，
lyrics_bb_text/bb529.txt,8,里,我们在众地方召会，灵里合一。,我們在眾地方召會，靈裏合一。,我們在眾地方召會，靈裏合一。
lyrics_bb_text/bb529.txt,9,发,没有老旧宗教捆绑，个个都是发光亮星；,沒有老舊宗教捆綁，個個都是發光亮星；,沒有老舊宗教捆綁，個個都是發光亮星；
lyrics_bb_text/bb529.txt,10,台,各地召会是金灯台，因主焚烧。,各地召會是金燈臺，因主焚燒。,各地召會是金燈台，因主焚燒。
lyrics_bb_text/bb529.txt,12,发,在召会中，圣徒都是发光星！,在召會中，聖徒都是發光星！,在召會中，聖徒都是發光星！
lyrics_bb_text/bb529.txt,14,里,为着在灵里焚烧，将基督来照明。,為著在靈裏焚燒，將基督來照明。,為着在靈裏焚燒，將基督來照明。
lyrics_bb_text/bb530.txt,8,里,不断回到我们灵里；为着你永远的旨意，,不斷回到我們靈裏；為著你永遠的旨意，,不斷回到我們靈裏；為着你永遠的旨意，
lyrics_bb_text/bb530.txt,9,里,灵里合一。我们站住地方立场，,靈裏合一。我們站住地方立場，,靈裏合一。我們站住地方立場，
lyrics_bb_text/bb532.txt,24,复,你复活大能大力，也显在我们身上。,你復活大能大力，也顯在我們身上。,你復活大能大力，也顯在我們身上。
lyrics_bb_text/bb533.txt,10,后复,快，快，快！为主恢复，我们不能再落后。,快，快，快！為主恢復，我們不能再落後。,快，快，快！為主恢復，我們不能再落後。
lyrics_bb_text/bb533.txt,37,发,疯，疯，疯！为着全岛我们要继续发疯，,瘋，瘋，瘋！為著全島我們要繼續發瘋，,瘋，瘋，瘋！為着全島我們要繼續發瘋，
lyrics_bb_text/bb534.txt,2,复,使我知你恢复所是,使我知你恢復所是,使我知你恢復所是
lyrics_bb_text/bb534.txt,8,复,哦，主，使我异象清楚，知你恢复所是。,哦，主，使我異象清楚，知你恢復所是。,哦，主，使我異象清楚，知你恢復所是。
lyrics_bb_text/bb534.txt,9,复,哦，主，使我异象清楚，知你恢复所是；,哦，主，使我異象清楚，知你恢復所是；,哦，主，使我異象清楚，知你恢復所是；
lyrics_bb_text/bb534.txt,10,复,哦，主，使我异象清楚，知你恢复所是。,哦，主，使我異象清楚，知你恢復所是。,哦，主，使我異象清楚，知你恢復所是。
lyrics_bb_text/bb534.txt,13,复里,你从死里复活能力，我藉启示知悉；,你從死裏復活能力，我藉啟示知悉；,你從死裏復活能力，我藉啓示知悉；
lyrics_bb_text/bb534.txt,14,历里,大能传输藉信经历，引我到召会里。,大能傳輸藉信經歷，引我到召會裏。,大能傳輸藉信經歷，引我到召會裏。
lyrics_bb_text/bb534.txt,22,面,外面旧人日渐销毁，心向你能绝对。,外面舊人日漸銷毀，心向你能絕對。,外面舊人日漸銷毀，心向你能絕對。
lyrics_bb_text/bb534.txt,26,复里面,里面之人得着恢复，你在我心安家。,裏面之人得著恢復，你在我心安家。,裏面之人得着恢復，你在我心安家。
lyrics_bb_text/bb534.txt,33,于,召会生活─一个新人─显于各地召会；,召會生活─一個新人─顯於各地召會；,召會生活─一個新人─顯於各地召會；
lyrics_bb_text/bb534.txt,35,复,注：每节均重复第二行歌辞二次。,注：每節均重複第二行歌辭二次。,注：每節均重複第二行歌辭二次。
lyrics_bb_text/bb535.txt,14,钟,要得祂心所钟爱，与祂喜悦匹配。,要得祂心所鍾愛，與祂喜悅匹配。,要得祂心所鍾愛，與祂喜悦匹配。
lyrics_bb_text/bb535.txt,27,尽,倾注爱情得她心，此爱惟神尽知；,傾注愛情得她心，此愛惟神盡知；,傾注愛情得她心，此愛惟神盡知；
lyrics_bb_text/bb535.txt,31,复里,今在复活荣耀里，与她亲近无距，,今在復活榮耀裏，與她親近無距，,今在復活榮耀裏，與她親近無距，
lyrics_bb_text/bb536.txt,9,于,我心渴慕，我灵切望能交通于众召会；,我心渴慕，我靈切望能交通於眾召會；,我心渴慕，我靈切望能交通於眾召會；
lyrics_bb_text/bb536.txt,16,谷,虽经巴迦流泪之谷，却使成为泉源处。,雖經巴迦流淚之谷，卻使成為泉源處。,雖經巴迦流淚之谷，卻使成為泉源處。
lyrics_bb_text/bb537.txt,11,恶,那时的世代堕落、弯曲、悖谬又腐朽，地上的罪恶甚大，人心邪恶无可救；,那時的世代墮落、彎曲、悖謬又腐朽，地上的罪惡甚大，人心邪惡無可救；,那時的世代墮落、彎曲、悖謬又腐朽，地上的罪惡甚大，人心邪惡無可救；
lyrics_bb_text/bb537.txt,16,恶致,神所渴望建造，他们不耻、不愿过问，思念属地之事，以致与恶者同浮沉。,神所渴望建造，他們不恥、不願過問，思念屬地之事，以致與惡者同浮沉。,神所渴望建造，他們不恥、不願過問，思念屬地之事，以致與惡者同浮沉。
lyrics_bb_text/bb537.txt,19,尽里,一日，方舟建成，神将八人关入里头，天上窗户尽都敞开，大雨倾泻不休；,一日，方舟建成，神將八人關入裏頭，天上窗戶盡都敞開，大雨傾瀉不休；,一日，方舟建成，神將八人關入裏頭，天上窗户盡都敞開，大雨傾瀉不休；
lyrics_bb_text/bb537.txt,24,于,神也要我们同被建造，显出祂丰盛，使神显现于肉体，在众地方召会中。,神也要我們同被建造，顯出祂豐盛，使神顯現於肉體，在眾地方召會中。,神也要我們同被建造，顯出祂豐盛，使神顯現於肉體，在眾地方召會中。
lyrics_bb_text/bb538.txt,21,只,弃绝天然，己命不从，只随那灵，狭路前行；,棄絕天然，己命不從，只隨那靈，狹路前行；,棄絕天然，己命不從，只隨那靈，狹路前行；
lyrics_bb_text/bb538.txt,26,尽,惧怕、忧疑尽都绝迹─弟兄相爱！,懼怕、憂疑盡都絕跡─弟兄相愛！,懼怕、憂疑盡都絕跡─弟兄相愛！
lyrics_bb_text/bb538.txt,34,余,得胜有余，无何能敌─弟兄相爱！,得勝有餘，無何能敵─弟兄相愛！,得勝有餘，無何能敵─弟兄相愛！
lyrics_bb_text/bb540.txt,2,复,主恢复的独特,主恢復的獨特,主恢復的獨特
lyrics_bb_text/bb540.txt,7,复,属地缠累，我已全弃；主的恢复是我全心所倾！,屬地纏累，我已全棄；主的恢復是我全心所傾！,屬地纏累，我已全棄；主的恢復是我全心所傾！
lyrics_bb_text/bb540.txt,12,里,天上人间有一生活：生机联结里，神人同生活；,天上人間有一生活：生機聯結裏，神人同生活；,天上人間有一生活：生機聯結裏，神人同生活；
lyrics_bb_text/bb540.txt,13,复,复活大能全备供应，模成基督之死，不再是我！,復活大能全備供應，模成基督之死，不再是我！,復活大能全備供應，模成基督之死，不再是我！
lyrics_bb_text/bb540.txt,15,于,与神同行，服于元首，成宇宙新人，带进神的国。,與神同行，服於元首，成宇宙新人，帶進神的國。,與神同行，服於元首，成宇宙新人，帶進神的國。
lyrics_bb_text/bb540.txt,18,里,同作肢体，相互提携，爱里同建造，灵中共勉励；,同作肢體，相互提攜，愛裏同建造，靈中共勉勵；,同作肢體，相互提攜，愛裏同建造，靈中共勉勵；
lyrics_bb_text/bb540.txt,19,里,分赐基督，供应那灵，我们相调和，在主里合一。,分賜基督，供應那靈，我們相調和，在主裏合一。,分賜基督，供應那靈，我們相調和，在主裏合一。
lyrics_bb_text/bb540.txt,21,复,广传福音，教导真理，照着神牧养，达到新复兴。,廣傳福音，教導真理，照著神牧養，達到新復興。,廣傳福音，教導真理，照着神牧養，達到新復興。
lyrics_bb_text/bb540.txt,24,谷,锡安大道，心中想往，虽经流泪谷，前进不稍退；,錫安大道，心中想往，雖經流淚谷，前進不稍退；,錫安大道，心中想往，雖經流淚谷，前進不稍退；
lyrics_bb_text/bb540.txt,29,里,主！我们再献上自己，一生交你训练手里，,主！我們再獻上自己，一生交你訓練手裏，,主！我們再獻上自己，一生交你訓練手裏，
lyrics_bb_text/bb540.txt,30,制历,制作、甄陶，不断经历，成神尊贵、荣耀大器！,製作、甄陶，不斷經歷，成神尊貴、榮耀大器！,製作、甄陶，不斷經歷，成神尊貴、榮耀大器！
lyrics_bb_text/bb540.txt,31,复,愿主恢复的独特，作我生活、工作标记，,願主恢復的獨特，作我生活、工作標記，,願主恢復的獨特，作我生活、工作標記，
lyrics_bb_text/bb541.txt,12,复面,地虽荒废，渊面黑暗，神来恢复、再造且按祂的神圣意念，造人与祂相肖。,地雖荒廢，淵面黑暗，神來恢復、再造且按祂的神聖意念，造人與祂相肖。,地雖荒廢，淵面黑暗，神來恢復、再造且按祂的神聖意念，造人與祂相肖。
lyrics_bb_text/bb541.txt,15,恶,恶者撒但又将人骗，诱离神恩源头；亚伯拉罕见神显现，蒙召族类起首。,惡者撒但又將人騙，誘離神恩源頭；亞伯拉罕見神顯現，蒙召族類起首。,惡者撒但又將人騙，誘離神恩源頭；亞伯拉罕見神顯現，蒙召族類起首。
lyrics_bb_text/bb541.txt,20,复,藉祂神得执政道路，神国重新恢复；百姓终究仍是失误，被掳，失去国度。,藉祂神得執政道路，神國重新恢復；百姓終究仍是失誤，被擄，失去國度。,藉祂神得執政道路，神國重新恢復；百姓終究仍是失誤，被擄，失去國度。
lyrics_bb_text/bb541.txt,27,复,妙哉，耶稣救赎成就，复活胜过死亡，为要使地得蒙拯救，脱离撒但捆绑；,妙哉，耶穌救贖成就，復活勝過死亡，為要使地得蒙拯救，脫離撒但捆綁；,妙哉，耶穌救贖成就，復活勝過死亡，為要使地得蒙拯救，脱離撒但捆綁；
lyrics_bb_text/bb541.txt,28,于里,且成那灵进入人里，召会藉此建立─生命洋溢，混乱消弥，神旨通行于地。,且成那靈進入人裏，召會藉此建立─生命洋溢，混亂消彌，神旨通行於地。,且成那靈進入人裏，召會藉此建立─生命洋溢，混亂消彌，神旨通行於地。
lyrics_bb_text/bb541.txt,31,尽,如今召会在地显明神国丰满实际；神圣权柄尽得通行，使地归神管理。,如今召會在地顯明神國豐滿實際；神聖權柄盡得通行，使地歸神管理。,如今召會在地顯明神國豐滿實際；神聖權柄盡得通行，使地歸神管理。
lyrics_bb_text/bb541.txt,32,只,我们在此为神执政，撒但只能逃遁；如此召会作神见证，国度不再藏隐。,我們在此為神執政，撒但只能逃遁；如此召會作神見證，國度不再藏隱。,我們在此為神執政，撒但只能逃遁；如此召會作神見證，國度不再藏隱。
lyrics_bb_text/bb542.txt,6,复,主的恢复需要我们归回顾到神权益；,主的恢復需要我們歸回顧到神權益；,主的恢復需要我們歸回顧到神權益；
lyrics_bb_text/bb542.txt,19,于里,三一神里神圣的一，扩大彰显于身体。,三一神裏神聖的一，擴大彰顯於身體。,三一神裏神聖的一，擴大彰顯於身體。
lyrics_bb_text/bb542.txt,21,于,独一交通、独一工作，终极完成于撒冷。,獨一交通、獨一工作，終極完成於撒冷。,獨一交通、獨一工作，終極完成於撒冷。
lyrics_bb_text/bb542.txt,30,复,为你恢复我们全倾，紧紧跟随不稍偏离。,為你恢復我們全傾，緊緊跟隨不稍偏離。,為你恢復我們全傾，緊緊跟隨不稍偏離。
lyrics_bb_text/bb542.txt,31,制,终极异象管制规律，枉费一切为你身体；,終極異象管制規律，枉費一切為你身體；,終極異象管制規律，枉費一切為你身體；
lyrics_bb_text/bb543.txt,12,于里,祂显现于肉体，被称义于灵里，,祂顯現於肉體，被稱義於靈裏，,祂顯現於肉體，被稱義於靈裏，
lyrics_bb_text/bb543.txt,13,于,被天使看见，被传于万邦，,被天使看見，被傳於萬邦，,被天使看見，被傳於萬邦，
lyrics_bb_text/bb543.txt,14,于里,被信仰于世人中，被接去于荣耀里，,被信仰於世人中，被接去於榮耀裏，,被信仰於世人中，被接去於榮耀裏，
lyrics_bb_text/bb543.txt,15,于里,被接去于荣耀里。,被接去於榮耀裏。,被接去於榮耀裏。
lyrics_bb_text/bb6.txt,15,里,从你圣洁的嘴里，流出丰盛恩惠；,從你聖潔的嘴裏，流出豐盛恩惠；,從你聖潔的嘴裏，流出豐盛恩惠；
lyrics_bb_text/bb6.txt,32,复表,你的受死与复活，表明你的功绩。,你的受死與復活，表明你的功績。,你的受死與復活，表明你的功績。
lyrics_bb_text/bb601.txt,31,只里,只要全人敞开，心转向主，在灵里,只要全人敞開，心轉向主，在靈裏,只要全人敞開，心轉向主，在靈裏
lyrics_bb_text/bb602.txt,27,尽,虽不尽知其中深意；,雖不盡知其中深意；,雖不盡知其中深意；
lyrics_bb_text/bb603.txt,13,只,我们何等眼瞎，只顾自己的事务，,我們何等眼瞎，只顧自己的事務，,我們何等眼瞎，只顧自己的事務，
lyrics_bb_text/bb603.txt,30,后复,（重复最后两行） ,（重複最後兩行） ,（重複最後兩行） 
lyrics_bb_text/bb604.txt,7,里,心里火热着急，他是何等着急！,心裏火熱著急，他是何等著急！,心裏火熱着急，他是何等着急！
lyrics_bb_text/bb604.txt,8,只,弟兄姊妹，我们不能只顾自己，,弟兄姊妹，我們不能只顧自己，,弟兄姊妹，我們不能只顧自己，
lyrics_bb_text/bb604.txt,13,复,复兴全地召会，现在正是时候！,復興全地召會，現在正是時候！,復興全地召會，現在正是時候！
lyrics_bb_text/bb604.txt,19,发,仍旧与你同住，使你丰盛发达。,仍舊與你同住，使你豐盛發達。,仍舊與你同住，使你豐盛發達。
lyrics_bb_text/bb604.txt,27,于,都是属于主的，撒但休要伸手，,都是屬於主的，撒但休要伸手，,都是屬於主的，撒但休要伸手，
lyrics_bb_text/bb604.txt,32,面,哦，大山哪，别在我们面前作祟，,哦，大山哪，別在我們面前作祟，,哦，大山哪，別在我們面前作祟，
lyrics_bb_text/bb604.txt,39,里,圣殿也必完成，成在我们手里。,聖殿也必完成，成在我們手裏。,聖殿也必完成，成在我們手裏。
lyrics_bb_text/bb605.txt,7,于,分别为圣归于祂─为建造！,分別為聖歸於祂─為建造！,分別為聖歸於祂─為建造！
lyrics_bb_text/bb605.txt,24,尽,成全圣徒各尽职─为建造！,成全聖徒各盡職─為建造！,成全聖徒各盡職─為建造！
lyrics_bb_text/bb605.txt,26,尽,各站地位尽本分─为建造！,各站地位盡本分─為建造！,各站地位盡本分─為建造！
lyrics_bb_text/bb605.txt,31,于,全房靠祂得联络，同归于一在真道，,全房靠祂得聯絡，同歸於一在真道，,全房靠祂得聯絡，同歸於一在真道，
lyrics_bb_text/bb606.txt,26,里,灵里激动并火热，我们同来作工，,靈裏激動並火熱，我們同來作工，,靈裏激動並火熱，我們同來作工，
lyrics_bb_text/bb606.txt,27,松,但愿在其中没有一人放松。,但願在其中沒有一人放鬆。,但願在其中沒有一人放鬆。
lyrics_bb_text/bb606.txt,32,后,这殿后来的荣耀必大过先前的，,這殿後來的榮耀必大過先前的，,這殿後來的榮耀必大過先前的，
lyrics_bb_text/bb608.txt,9,里面,阿利路亚！我们都在他里面,阿利路亞！我們都在他裏面,阿利路亞！我們都在他裏面
lyrics_bb_text/bb608.txt,10,里,同被建造，成为神在灵里居所，,同被建造，成為神在靈裏居所，,同被建造，成為神在靈裏居所，
lyrics_bb_text/bb608.txt,14,复,为着恢复投身流中，产生宝石与珍珠，,為著恢復投身流中，產生寶石與珍珠，,為着恢復投身流中，產生寶石與珍珠，
lyrics_bb_text/bb608.txt,19,系,不谈关系情感兴趣，乃是灵与灵相系。,不談關係情感興趣，乃是靈與靈相系。,不談關係情感興趣，乃是靈與靈相系。
lyrics_bb_text/bb608.txt,22,尽,不是尽喊口号道理，乃是实际摆上去，,不是盡喊口號道理，乃是實際擺上去，,不是盡喊口號道理，乃是實際擺上去，
lyrics_bb_text/bb608.txt,23,松,一同享受配搭事奉，天天经营不松弛。,一同享受配搭事奉，天天經營不鬆弛。,一同享受配搭事奉，天天經營不鬆弛。
lyrics_bb_text/bb608.txt,31,里,我愿脱离关闭自己，投身荣耀经营里。,我願脫離關閉自己，投身榮耀經營裏。,我願脱離關閉自己，投身榮耀經營裏。
lyrics_bb_text/bb609.txt,6,里,相调为一，灵里相调为一！,相調為一，靈裏相調為一！,相調為一，靈裏相調為一！
lyrics_bb_text/bb609.txt,7,里,相调为一，灵里相调为一！,相調為一，靈裏相調為一！,相調為一，靈裏相調為一！
lyrics_bb_text/bb609.txt,8,里,从个人、关闭出来，调入灵里，,從個人、關閉出來，調入靈裏，,從個人、關閉出來，調入靈裏，
lyrics_bb_text/bb609.txt,9,里,哦，灵里相调，直到调为一。,哦，靈裏相調，直到調為一。,哦，靈裏相調，直到調為一。
lyrics_bb_text/bb609.txt,11,里,灵里相调为一。（荣耀，阿利路亚！）,靈裏相調為一。（榮耀，阿利路亞！）,靈裏相調為一。（榮耀，阿利路亞！）
lyrics_bb_text/bb609.txt,13,里,调罢，灵里调罢！ ,調罷，靈裏調罷！ ,調罷，靈裏調罷！ 
lyrics_bb_text/bb610.txt,10,恶,我们罪恶全得赦免，,我們罪惡全得赦免，,我們罪惡全得赦免，
lyrics_bb_text/bb610.txt,18,面,我们侍立在神面前，,我們侍立在神面前，,我們侍立在神面前，
lyrics_bb_text/bb610.txt,19,面,在神面前。 ,在神面前。 ,在神面前。 
lyrics_bb_text/bb610.txt,22,里,在基督里，我们都是弟兄。,在基督裏，我們都是弟兄。,在基督裏，我們都是弟兄。
lyrics_bb_text/bb610.txt,23,里,在基督里，我们都是弟兄。,在基督裏，我們都是弟兄。,在基督裏，我們都是弟兄。
lyrics_bb_text/bb610.txt,24,里,在基督里，我们都是弟兄。,在基督裏，我們都是弟兄。,在基督裏，我們都是弟兄。
lyrics_bb_text/bb610.txt,26,里,在主爱里一同向前，,在主愛裏一同向前，,在主愛裏一同向前，
lyrics_bb_text/bb610.txt,30,里,在基督里，我们都是姊妹。,在基督裏，我們都是姊妹。,在基督裏，我們都是姊妹。
lyrics_bb_text/bb610.txt,31,里,在基督里，我们都是姊妹。,在基督裏，我們都是姊妹。,在基督裏，我們都是姊妹。
lyrics_bb_text/bb610.txt,32,里,在基督里，我们都是姊妹。,在基督裏，我們都是姊妹。,在基督裏，我們都是姊妹。
lyrics_bb_text/bb610.txt,34,里,在主爱里一同向前，,在主愛裏一同向前，,在主愛裏一同向前，
lyrics_bb_text/bb610.txt,50,复,主的恢复完全实现，完全实现。,主的恢復完全實現，完全實現。,主的恢復完全實現，完全實現。
lyrics_bb_text/bb611.txt,2,只,在宇宙中只有一个身体,在宇宙中只有一個身體,在宇宙中只有一個身體
lyrics_bb_text/bb611.txt,10,里,在生命里， 我们完全是一。,在生命裏， 我們完全是一。,在生命裏， 我們完全是一。
lyrics_bb_text/bb611.txt,12,于只,在宇宙中只有一个身体，我们将她彰显于地；,在宇宙中只有一個身體，我們將她彰顯於地；,在宇宙中只有一個身體，我們將她彰顯於地；
lyrics_bb_text/bb611.txt,16,表,这一个饼乃是表明你身体，,這一個餅乃是表明你身體，,這一個餅乃是表明你身體，
lyrics_bb_text/bb611.txt,30,里,同一饼杯，我们在这一里吃，,同一餅杯，我們在這一裏喫，,同一餅杯，我們在這一裏喫，
lyrics_bb_text/bb611.txt,34,于,何等喜乐，能有分于这个一！,何等喜樂，能有分於這個一！,何等喜樂，能有分於這個一！
lyrics_bb_text/bb612.txt,2,里面,召会是在合一里面,召會是在合一裏面,召會是在合一裏面
lyrics_bb_text/bb612.txt,6,里面,我们已经看见召会是在合一里面，,我們已經看見召會是在合一裏面，,我們已經看見召會是在合一裏面，
lyrics_bb_text/bb612.txt,16,复,灵和召会，才是我们今日真正恢复。,靈和召會，纔是我們今日真正恢復。,靈和召會，纔是我們今日真正恢復。
lyrics_bb_text/bb613.txt,2,里,我们在主里是一,我們在主裏是一,我們在主裏是一
lyrics_bb_text/bb613.txt,6,里,我们在主里是一，在圣灵里是一；,我們在主裏是一，在聖靈裏是一；,我們在主裏是一，在聖靈裏是一；
lyrics_bb_text/bb613.txt,7,里,我们在主里是一，在圣灵里是一；,我們在主裏是一，在聖靈裏是一；,我們在主裏是一，在聖靈裏是一；
lyrics_bb_text/bb613.txt,10,里,在主的爱里我们永合一，永合一；,在主的愛裏我們永合一，永合一；,在主的愛裏我們永合一，永合一；
lyrics_bb_text/bb613.txt,11,里,在主的爱里我们永合一，永合一；,在主的愛裏我們永合一，永合一；,在主的愛裏我們永合一，永合一；
lyrics_bb_text/bb613.txt,15,里,我们众人被建造，在爱里被建造；,我們眾人被建造，在愛裏被建造；,我們眾人被建造，在愛裏被建造；
lyrics_bb_text/bb613.txt,16,里,我们众人被建造，在爱里被建造；,我們眾人被建造，在愛裏被建造；,我們眾人被建造，在愛裏被建造；
lyrics_bb_text/bb613.txt,20,里,如今主就是那灵，主灵在我灵里；,如今主就是那靈，主靈在我靈裏；,如今主就是那靈，主靈在我靈裏；
lyrics_bb_text/bb613.txt,21,里,如今主就是那灵，主灵在我灵里；,如今主就是那靈，主靈在我靈裏；,如今主就是那靈，主靈在我靈裏；
lyrics_bb_text/bb613.txt,22,里,在主灵里我们同被建造合而为一。,在主靈裏我們同被建造合而為一。,在主靈裏我們同被建造合而為一。
lyrics_bb_text/bb613.txt,25,于,愿颂赞归于圣父，祂是一切源头；,願頌讚歸於聖父，祂是一切源頭；,願頌讚歸於聖父，祂是一切源頭；
lyrics_bb_text/bb613.txt,26,于,愿颂赞归于圣子，祂将一切承受；,願頌讚歸於聖子，祂將一切承受；,願頌讚歸於聖子，祂將一切承受；
lyrics_bb_text/bb613.txt,27,于,又愿颂赞归于圣灵，祂将一切渗透。,又願頌讚歸於聖靈，祂將一切滲透。,又願頌讚歸於聖靈，祂將一切滲透。
lyrics_bb_text/bb614.txt,16,复里,我们在主爱里同住，真正合一已经恢复；,我們在主愛裏同住，真正合一已經恢復；,我們在主愛裏同住，真正合一已經恢復；
lyrics_bb_text/bb615.txt,18,里,当我们活在‘一’里，这相爱显出。,當我們活在‘一’裏，這相愛顯出。,當我們活在‘一’裏，這相愛顯出。
lyrics_bb_text/bb615.txt,19,里,这爱是在神家里，实际真挚。,這愛是在神家裏，實際真摯。,這愛是在神家裏，實際真摯。
lyrics_bb_text/bb615.txt,20,历尽,在这家我们尝尽，历代圣徒的丰富。,在這家我們嘗盡，歷代聖徒的豐富。,在這家我們嘗盡，歷代聖徒的豐富。
lyrics_bb_text/bb615.txt,25,复,愿否把自己摆上，加强恢复？,願否把自己擺上，加強恢復？,願否把自己擺上，加強恢復？
lyrics_bb_text/bb616.txt,8,复,但神使我们一起复活，一起与基督升天，,但神使我們一起復活，一起與基督升天，,但神使我們一起復活，一起與基督升天，
lyrics_bb_text/bb616.txt,12,致,主爱使得我们都一致，达到基督,主愛使得我們都一致，達到基督,主愛使得我們都一致，達到基督
lyrics_bb_text/bb616.txt,21,历,神在历代隐藏的旨意，已成了显明的奥秘；,神在歷代隱藏的旨意，已成了顯明的奧祕；,神在歷代隱藏的旨意，已成了顯明的奧祕；
lyrics_bb_text/bb616.txt,23,面,这真叫撒但受辱，羞惭满面！,這真叫撒但受辱，羞慚滿面！,這真叫撒但受辱，羞慚滿面！
lyrics_bb_text/bb616.txt,26,里面,我们为此来祷告父神─刚强我们里面的人，,我們為此來禱告父神─剛強我們裏面的人，,我們為此來禱告父神─剛強我們裏面的人，
lyrics_bb_text/bb616.txt,27,里,让你安家在我们心里，使我们,讓你安家在我們心裏，使我們,讓你安家在我們心裏，使我們
lyrics_bb_text/bb616.txt,31,里,在身体里联络得合式，各筋节都供应基督，,在身體裏聯絡得合式，各筋節都供應基督，,在身體裏聯絡得合式，各筋節都供應基督，
lyrics_bb_text/bb616.txt,37,里,在基督里，在召会中间，愿荣耀归神，,在基督裏，在召會中間，願榮耀歸神，,在基督裏，在召會中間，願榮耀歸神，
lyrics_bb_text/bb617.txt,9,发,越发宣告合一，越发有主同在，,越發宣告合一，越發有主同在，,越發宣告合一，越發有主同在，
lyrics_bb_text/bb617.txt,15,只,桌上只有一饼─只有一个身体，,桌上只有一餅─只有一個身體，,桌上只有一餅─只有一個身體，
lyrics_bb_text/bb617.txt,16,表里,为着向人表明，我们主里是一。,為著向人表明，我們主裏是一。,為着向人表明，我們主裏是一。
lyrics_bb_text/bb617.txt,20,于,我们今一同交通于主的血。,我們今一同交通於主的血。,我們今一同交通於主的血。
lyrics_bb_text/bb617.txt,21,只,接纳所有圣徒─只要因血得赎，,接納所有聖徒─只要因血得贖，,接納所有聖徒─只要因血得贖，
lyrics_bb_text/bb617.txt,22,面,在神面前称谢我们如何蒙福。,在神面前稱謝我們如何蒙福。,在神面前稱謝我們如何蒙福。
lyrics_bb_text/bb617.txt,26,历,因主给我们经历了这实际。,因主給我們經歷了這實際。,因主給我們經歷了這實際。
lyrics_bb_text/bb618.txt,6,里,我们在神家里，蒙召在一起，,我們在神家裏，蒙召在一起，,我們在神家裏，蒙召在一起，
lyrics_bb_text/bb618.txt,9,后,作了神后嗣，成了他基业。,作了神後嗣，成了他基業。,作了神後嗣，成了他基業。
lyrics_bb_text/bb618.txt,14,里,我们在圣灵里，交通在一起，,我們在聖靈裏，交通在一起，,我們在聖靈裏，交通在一起，
lyrics_bb_text/bb618.txt,16,于,不拘在形式，不泥于字句，,不拘在形式，不泥於字句，,不拘在形式，不泥於字句，
lyrics_bb_text/bb618.txt,18,于,不再属于宗教，凡事追求实际，,不再屬於宗教，凡事追求實際，,不再屬於宗教，凡事追求實際，
lyrics_bb_text/bb618.txt,22,里,我们在召会里，事奉在一起，,我們在召會裏，事奉在一起，,我們在召會裏，事奉在一起，
lyrics_bb_text/bb618.txt,23,尽恶,除尽了恶毒，吃饱了灵食；,除盡了惡毒，喫飽了靈食；,除盡了惡毒，喫飽了靈食；
lyrics_bb_text/bb618.txt,24,面,来到主面前，个个像活石，,來到主面前，個個像活石，,來到主面前，個個像活石，
lyrics_bb_text/bb618.txt,25,系,建造为灵宫，祭司的体系。,建造為靈宮，祭司的體系。,建造為靈宮，祭司的體系。
lyrics_bb_text/bb618.txt,30,里,我们在主爱里，结合在一起，,我們在主愛裏，結合在一起，,我們在主愛裏，結合在一起，
lyrics_bb_text/bb618.txt,31,系,用爱心包容，用和平联系；,用愛心包容，用和平聯繫；,用愛心包容，用和平聯繫；
lyrics_bb_text/bb618.txt,38,里,我们在主营里，争战在一起，,我們在主營裏，爭戰在一起，,我們在主營裏，爭戰在一起，
lyrics_bb_text/bb618.txt,42,尽,随时多方祷告，灭尽仇敌诡计，,隨時多方禱告，滅盡仇敵詭計，,隨時多方禱告，滅盡仇敵詭計，
lyrics_bb_text/bb618.txt,46,里,我们在荣耀里，与主在一起，,我們在榮耀裏，與主在一起，,我們在榮耀裏，與主在一起，
lyrics_bb_text/bb619.txt,10,志,同一目标，众人心志如一。,同一目標，眾人心志如一。,同一目標，眾人心志如一。
lyrics_bb_text/bb619.txt,15,复,众见证人宣扬复活信息，,眾見證人宣揚復活信息，,眾見證人宣揚復活信息，
lyrics_bb_text/bb619.txt,16,于,活出神命，开拓及于地极！,活出神命，開拓及於地極！,活出神命，開拓及於地極！
lyrics_bb_text/bb619.txt,25,历,那灵浇灌，我们愿再经历，,那靈澆灌，我們願再經歷，,那靈澆灌，我們願再經歷，
lyrics_bb_text/bb619.txt,26,复,如同甘雨，使人复苏、得力；,如同甘雨，使人復甦、得力；,如同甘雨，使人復甦、得力；
lyrics_bb_text/bb620.txt,7,里,赞美父神是生命源头，我们在你宝贵名里，,讚美父神是生命源頭，我們在你寶貴名裏，,讚美父神是生命源頭，我們在你寶貴名裏，
lyrics_bb_text/bb620.txt,9,里,在生命里，在生命里，在父生命里我们是一。,在生命裏，在生命裏，在父生命裏我們是一。,在生命裏，在生命裏，在父生命裏我們是一。
lyrics_bb_text/bb620.txt,10,里,在生命里，在生命里，在父生命里我们是一。,在生命裏，在生命裏，在父生命裏我們是一。,在生命裏，在生命裏，在父生命裏我們是一。
lyrics_bb_text/bb620.txt,20,尽,神的荣耀彰显无尽─哦，三一神的神圣荣耀！,神的榮耀彰顯無盡─哦，三一神的神聖榮耀！,神的榮耀彰顯無盡─哦，三一神的神聖榮耀！
lyrics_bb_text/bb620.txt,21,里,在荣耀里，在荣耀里，在你荣耀里我们是一。,在榮耀裏，在榮耀裏，在你榮耀裏我們是一。,在榮耀裏，在榮耀裏，在你榮耀裏我們是一。
lyrics_bb_text/bb620.txt,22,里,在荣耀里，在荣耀里，在你荣耀里我们是一。,在榮耀裏，在榮耀裏，在你榮耀裏我們是一。,在榮耀裏，在榮耀裏，在你榮耀裏我們是一。
lyrics_bb_text/bb621.txt,20,历,有真理，也有生命经历，见证神作为何等希奇。,有真理，也有生命經歷，見證神作為何等希奇。,有真理，也有生命經歷，見證神作為何等希奇。
lyrics_bb_text/bb621.txt,27,里,圣徒们，我们吃饼喝杯；在主里我们是一。,聖徒們，我們喫餅喝杯；在主裏我們是一。,聖徒們，我們喫餅喝杯；在主裏我們是一。
lyrics_bb_text/bb622.txt,7,表,看哪！桌上摆设筵席，一饼一杯，神圣表记；,看哪！桌上擺設筵席，一餅一杯，神聖表記；,看哪！桌上擺設筵席，一餅一杯，神聖表記；
lyrics_bb_text/bb622.txt,14,尽,阿利路亚！赞美不已！上好筵席无止尽。,阿利路亞！讚美不已！上好筵席無止盡。,阿利路亞！讚美不已！上好筵席無止盡。
lyrics_bb_text/bb623.txt,8,里,与你同住，在你家里；哦主，你筵席荣耀无比！,與你同住，在你家裏；哦主，你筵席榮耀無比！,與你同住，在你家裏；哦主，你筵席榮耀無比！
lyrics_bb_text/bb624.txt,19,于,主，我自知易于受欺，仅识你崇高至极，,主，我自知易於受欺，僅識你崇高至極，,主，我自知易於受欺，僅識你崇高至極，
lyrics_bb_text/bb624.txt,22,于,永远之神显于肉体，大哉，敬虔的奥秘！,永遠之神顯於肉體，大哉，敬虔的奧祕！,永遠之神顯於肉體，大哉，敬虔的奧祕！
lyrics_bb_text/bb624.txt,25,于,求主勿让我再单独，囿于个人的光照；,求主勿讓我再單獨，囿於個人的光照；,求主勿讓我再單獨，囿於個人的光照；
lyrics_bb_text/bb625.txt,8,里,虽来自各民族、方言，祂里蒙召，合一何甘甜。,雖來自各民族、方言，祂裏蒙召，合一何甘甜。,雖來自各民族、方言，祂裏蒙召，合一何甘甜。
lyrics_bb_text/bb625.txt,9,于,是神荣耀显于地，将祂宝贵显无遗；,是神榮耀顯於地，將祂寶貴顯無遺；,是神榮耀顯於地，將祂寶貴顯無遺；
lyrics_bb_text/bb625.txt,20,里,不再凭雄心与己意，在“身体基督”里调为一。,不再憑雄心與己意，在“身體基督”裏調為一。,不再憑雄心與己意，在“身體基督”裏調為一。
lyrics_bb_text/bb625.txt,21,里,一个新人在主里，为神权益得全地；,一個新人在主裏，為神權益得全地；,一個新人在主裏，為神權益得全地；
lyrics_bb_text/bb626.txt,2,里,我们在灵里是一,我們在靈裏是一,我們在靈裏是一
lyrics_bb_text/bb626.txt,7,里,我们在灵里是一，凭神生命是一；,我們在靈裏是一，憑神生命是一；,我們在靈裏是一，憑神生命是一；
lyrics_bb_text/bb626.txt,9,里,救赎已成，隔阂全去，主里我们是一。,救贖已成，隔閡全去，主裏我們是一。,救贖已成，隔閡全去，主裏我們是一。
lyrics_bb_text/bb626.txt,12,里,我们在灵里是一，同魂为神站立；,我們在靈裏是一，同魂為神站立；,我們在靈裏是一，同魂為神站立；
lyrics_bb_text/bb626.txt,13,里,这“一”从我们灵里向外扩展不已─,這“一”從我們靈裏向外擴展不已─,這“一”從我們靈裏向外擴展不已─
lyrics_bb_text/bb626.txt,14,志,心思、情感、意志都被浸透，我们是一。,心思、情感、意志都被浸透，我們是一。,心思、情感、意志都被浸透，我們是一。
lyrics_bb_text/bb626.txt,17,里,我们在灵里是一，在实际里是一；,我們在靈裏是一，在實際裏是一；,我們在靈裏是一，在實際裏是一；
lyrics_bb_text/bb626.txt,22,里,我们在灵里是一，且在各地是一；,我們在靈裏是一，且在各地是一；,我們在靈裏是一，且在各地是一；
lyrics_bb_text/bb626.txt,24,于,使这“一”彰显于全地，叫世人都称奇。,使這“一”彰顯於全地，叫世人都稱奇。,使這“一”彰顯於全地，叫世人都稱奇。
lyrics_bb_text/bb626.txt,29,复,使身体合一得恢复。,使身體合一得恢復。,使身體合一得恢復。
lyrics_bb_text/bb627.txt,15,里,爱里相调，紧密结联，其乐无比，非人能言。,愛裏相調，緊密結聯，其樂無比，非人能言。,愛裏相調，緊密結聯，其樂無比，非人能言。
lyrics_bb_text/bb627.txt,16,复,（重复末句，下同）,（重複末句，下同）,（重複末句，下同）
lyrics_bb_text/bb627.txt,29,于,凡神赎民都当，有分于这膏抹；,凡神贖民都當，有分於這膏抹；,凡神贖民都當，有分於這膏抹；
lyrics_bb_text/bb628.txt,25,里,因为在那里有耶和华所命定的福，,因為在那裏有耶和華所命定的福，,因為在那裏有耶和華所命定的福，
lyrics_bb_text/bb629.txt,6,里面,渴望以嘴亲子，投奔入你里面。,渴望以嘴親子，投奔入你裏面。,渴望以嘴親子，投奔入你裏面。
lyrics_bb_text/bb7.txt,7,后,王后戴俄斐金饰，站在你右手边；,王后戴俄斐金飾，站在你右手邊；,王后戴俄斐金飾，站在你右手邊；
lyrics_bb_text/bb7.txt,20,里,她在王的内宫里，实是荣华无比！,她在王的內宮裏，實是榮華無比！,她在王的內宮裏，實是榮華無比！
lyrics_bb_text/bb7.txt,22,发表,她所有生活行为，将神发表出来。,她所有生活行為，將神發表出來。,她所有生活行為，將神發表出來。
lyrics_bb_text/bb7.txt,33,后,我们在此敬拜王，也因王后而夸，,我們在此敬拜王，也因王后而誇，,我們在此敬拜王，也因王后而誇，
lyrics_bb_text/bb701.txt,7,历,听这流浪者的歌声，把他经历道出：,聽這流浪者的歌聲，把他經歷道出：,聽這流浪者的歌聲，把他經歷道出：
lyrics_bb_text/bb701.txt,8,里,在祂已过的年日里，他总常感不足。,在祂已過的年日裏，他總常感不足。,在祂已過的年日裏，他總常感不足。
lyrics_bb_text/bb701.txt,15,里,流浪奔波在世界里，寻求快乐满足；,流浪奔波在世界裏，尋求快樂滿足；,流浪奔波在世界裏，尋求快樂滿足；
lyrics_bb_text/bb701.txt,24,里,结束流浪者的生活，安居在神家里。,結束流浪者的生活，安居在神家裏。,結束流浪者的生活，安居在神家裏。
lyrics_bb_text/bb701.txt,31,里面,从前的我乖僻孤独，活在自己里面；,從前的我乖僻孤獨，活在自己裏面；,從前的我乖僻孤獨，活在自己裏面；
lyrics_bb_text/bb701.txt,32,里,但如今我与众圣徒，在主里同被建。,但如今我與眾聖徒，在主裏同被建。,但如今我與眾聖徒，在主裏同被建。
lyrics_bb_text/bb701.txt,39,里,流荡止息，安家召会，活在祂心意里；,流蕩止息，安家召會，活在祂心意裏；,流蕩止息，安家召會，活在祂心意裏；
lyrics_bb_text/bb702.txt,16,只,当你投流中，只为着召会，,當你投流中，只為著召會，,當你投流中，只為着召會，
lyrics_bb_text/bb702.txt,21,云冲斗,总不能冲破愁云惨雾，奋斗又挣扎却不明朗。,總不能衝破愁雲慘霧，奮鬥又掙扎卻不明朗。,總不能衝破愁雲慘霧，奮鬥又掙扎卻不明朗。
lyrics_bb_text/bb702.txt,29,里,你常在那里寻寻觅觅，也曾觉主是那样甜蜜，,你常在那裏尋尋覓覓，也曾覺主是那樣甜蜜，,你常在那裏尋尋覓覓，也曾覺主是那樣甜蜜，
lyrics_bb_text/bb702.txt,32,志,你也在主前立定心志，除了他之外别无所知，,你也在主前立定心志，除了他之外別無所知，,你也在主前立定心志，除了他之外別無所知，
lyrics_bb_text/bb702.txt,33,后,但当他向你有所要求，你就觉为难畏缩退后，,但當他向你有所要求，你就覺為難畏縮退後，,但當他向你有所要求，你就覺為難畏縮退後，
lyrics_bb_text/bb702.txt,39,只,还是你只望为他‘工作’，,還是你只望為他‘工作’，,還是你只望為他‘工作’，
lyrics_bb_text/bb702.txt,42,只,不然就满了灰心叹息，只因你仍要自己属灵，,不然就滿了灰心歎息，只因你仍要自己屬靈，,不然就滿了灰心歎息，只因你仍要自己屬靈，
lyrics_bb_text/bb702.txt,54,只,只因你是在履行‘宗教’，,只因你是在履行‘宗教’，,只因你是在履行‘宗教’，
lyrics_bb_text/bb703.txt,12,里,在主里我寻见了你们，如寻见所爱的主，,在主裏我尋見了你們，如尋見所愛的主，,在主裏我尋見了你們，如尋見所愛的主，
lyrics_bb_text/bb703.txt,15,只,我何愿与你们永结联，只望为你们而活。,我何願與你們永結聯，只望為你們而活。,我何願與你們永結聯，只望為你們而活。
lyrics_bb_text/bb704.txt,2,里,你如今活在召会里,你如今活在召會裏,你如今活在召會裏
lyrics_bb_text/bb704.txt,6,里,你如今活在召会里，岂不令你欢天喜地！?,你如今活在召會裏，豈不令你歡天喜地！?,你如今活在召會裏，豈不令你歡天喜地！?
lyrics_bb_text/bb704.txt,7,于,赞美主，实在是荣耀，我们终于找着目标。,讚美主，實在是榮耀，我們終於找著目標。,讚美主，實在是榮耀，我們終於找着目標。
lyrics_bb_text/bb704.txt,10,里,从此不再寻寻觅觅，我们已经回到家里。,從此不再尋尋覓覓，我們已經回到家裏。,從此不再尋尋覓覓，我們已經回到家裏。
lyrics_bb_text/bb704.txt,15,里,神的名是摆在这里，你住些时，就不一样。,神的名是擺在這裏，你住些時，就不一樣。,神的名是擺在這裏，你住些時，就不一樣。
lyrics_bb_text/bb706.txt,9,复,为着主今日恢复，操练灵，立场站住，,為著主今日恢復，操練靈，立場站住，,為着主今日恢復，操練靈，立場站住，
lyrics_bb_text/bb707.txt,7,里面,在家里主面前同欢聚，,在家裏主面前同歡聚，,在家裏主面前同歡聚，
lyrics_bb_text/bb707.txt,9,里,灵里高昂 引声颂扬永不止。 ,靈裏高昂 引聲頌揚永不止。 ,靈裏高昂 引聲頌揚永不止。 
lyrics_bb_text/bb709.txt,16,复,他心终日喜乐又满足；他家已恢复，,他心終日喜樂又滿足；他家已恢復，,他心終日喜樂又滿足；他家已恢復，
lyrics_bb_text/bb710.txt,15,只,我们如今活在地上，只为迎接祂再来！,我們如今活在地上，只為迎接祂再來！,我們如今活在地上，只為迎接祂再來！
lyrics_bb_text/bb710.txt,20,里,方舟里头，我们享受主作我们的一切；,方舟裏頭，我們享受主作我們的一切；,方舟裏頭，我們享受主作我們的一切；
lyrics_bb_text/bb710.txt,21,历,多多经历，多多分享，不知枯燥不觉累！,多多經歷，多多分享，不知枯燥不覺累！,多多經歷，多多分享，不知枯燥不覺累！
lyrics_bb_text/bb711.txt,15,里,祂带我们进入美地，灵里舒适真无比！,祂帶我們進入美地，靈裏舒適真無比！,祂帶我們進入美地，靈裏舒適真無比！
lyrics_bb_text/bb711.txt,22,于,我们今正住于高山，新鲜甘露何舒适！,我們今正住於高山，新鮮甘露何舒適！,我們今正住於高山，新鮮甘露何舒適！
lyrics_bb_text/bb711.txt,23,干,所有干渴一去不回，祂是常新的活水。,所有乾渴一去不回，祂是常新的活水。,所有乾渴一去不回，祂是常新的活水。
lyrics_bb_text/bb712.txt,8,历,在此经历基督成长，赞美主！,在此經歷基督成長，讚美主！,在此經歷基督成長，讚美主！
lyrics_bb_text/bb712.txt,9,里,神在基督里的丰富，不断的供应我们，,神在基督裏的豐富，不斷的供應我們，,神在基督裏的豐富，不斷的供應我們，
lyrics_bb_text/bb712.txt,12,里,我真欢喜！在神的园里，,我真歡喜！在神的園裏，,我真歡喜！在神的園裏，
lyrics_bb_text/bb712.txt,20,于,主把我们栽于其中，时时浇灌又培养，,主把我們栽於其中，時時澆灌又培養，,主把我們栽於其中，時時澆灌又培養，
lyrics_bb_text/bb712.txt,26,只,放下成见，不搞心思，只要简单吃这树，,放下成見，不搞心思，只要簡單喫這樹，,放下成見，不搞心思，只要簡單喫這樹，
lyrics_bb_text/bb712.txt,31,干,消除人间一切疲倦与干渴。,消除人間一切疲倦與乾渴。,消除人間一切疲倦與乾渴。
lyrics_bb_text/bb712.txt,32,里,阿利路亚，在这园中，基督流入我里头，,阿利路亞，在這園中，基督流入我裏頭，,阿利路亞，在這園中，基督流入我裏頭，
lyrics_bb_text/bb712.txt,36,里,主已把我带进这里，享受基督的自己，,主已把我帶進這裏，享受基督的自己，,主已把我帶進這裏，享受基督的自己，
lyrics_bb_text/bb712.txt,38,里,我们常在灵里吃喝，心里大大的喜乐，,我們常在靈裏喫喝，心裏大大的喜樂，,我們常在靈裏喫喝，心裏大大的喜樂，
lyrics_bb_text/bb713.txt,6,里,阿！可爱的召会生活！我们在这里，,阿！可愛的召會生活！我們在這裏，,阿！可愛的召會生活！我們在這裏，
lyrics_bb_text/bb713.txt,7,干,天天有吃喝；何必挨饿？何必干渴？,天天有喫喝；何必挨餓？何必乾渴？,天天有喫喝；何必挨餓？何必乾渴？
lyrics_bb_text/bb713.txt,22,尽,个个都富有！可以在会中尽功用，,個個都富有！可以在會中盡功用，,個個都富有！可以在會中盡功用，
lyrics_bb_text/bb714.txt,7,只,我们只要明白道理，努力作好事’。,我們只要明白道理，努力作好事’。,我們只要明白道理，努力作好事’。
lyrics_bb_text/bb714.txt,18,里面,祂就充满我们全人里面每一部。,祂就充滿我們全人裏面每一部。,祂就充滿我們全人裏面每一部。
lyrics_bb_text/bb714.txt,23,后恶,末后日子，社会生活处处是邪恶，,末後日子，社會生活處處是邪惡，,末後日子，社會生活處處是邪惡，
lyrics_bb_text/bb715.txt,17,后,不讲蒙恩先后，不谈新旧，,不講蒙恩先後，不談新舊，,不講蒙恩先後，不談新舊，
lyrics_bb_text/bb715.txt,21,里,爱里扶持作肢体。,愛裏扶持作肢體。,愛裏扶持作肢體。
lyrics_bb_text/bb715.txt,30,里,在召会，在家里，,在召會，在家裏，,在召會，在家裏，
lyrics_bb_text/bb716.txt,30,复,现今主正全地快速开展他的恢复，,現今主正全地快速開展他的恢復，,現今主正全地快速開展他的恢復，
lyrics_bb_text/bb716.txt,36,系,注：‘过召会’系译自英诗新辞,注：‘過召會’系譯自英詩新辭,注：‘過召會’系譯自英詩新辭
lyrics_bb_text/bb717.txt,12,尽,尽情的享受，尽情的享受，,盡情的享受，盡情的享受，,盡情的享受，盡情的享受，
lyrics_bb_text/bb718.txt,24,里,凡爱你的人必然兴旺，因神的荣耀在这里！,凡愛你的人必然興旺，因神的榮耀在這裏！,凡愛你的人必然興旺，因神的榮耀在這裏！
lyrics_bb_text/bb718.txt,33,面,无酵薄饼、新穗子、细面调油…,無酵薄餅、新穗子、細麵調油…,無酵薄餅、新穗子、細麵調油…
lyrics_bb_text/bb718.txt,35,尽,看！琳琅满目，尽是基督；,看！琳琅滿目，盡是基督；,看！琳琅滿目，盡是基督；
lyrics_bb_text/bb718.txt,41,面,细面调油…当献上你的礼物，,細麵調油…當獻上你的禮物，,細麵調油…當獻上你的禮物，
lyrics_bb_text/bb719.txt,11,后,哦，对付以后，何等的享受！,哦，對付以後，何等的享受！,哦，對付以後，何等的享受！
lyrics_bb_text/bb719.txt,24,复里面,活在灵里面，恢复真是快，,活在靈裏面，恢復真是快，,活在靈裏面，恢復真是快，
lyrics_bb_text/bb720.txt,8,里面,他活我里面，说：阿利路亚！,他活我裏面，說：阿利路亞！,他活我裏面，説：阿利路亞！
lyrics_bb_text/bb720.txt,10,只,只要喊‘哦，主’就尝他。,只要喊‘哦，主’就嘗他。,只要喊‘哦，主’就嘗他。
lyrics_bb_text/bb720.txt,14,里,因为在灵里一同作肢体，,因為在靈裏一同作肢體，,因為在靈裏一同作肢體，
lyrics_bb_text/bb721.txt,22,尽,召会正在需要你来尽功用！,召會正在需要你來盡功用！,召會正在需要你來盡功用！
lyrics_bb_text/bb722.txt,8,复,吃喝他话语，为着他的荣耀恢复。,喫喝他話語，為著他的榮耀恢復。,喫喝他話語，為着他的榮耀恢復。
lyrics_bb_text/bb723.txt,7,里,灵里聚集并敬拜，完全自由超脱。,靈裏聚集並敬拜，完全自由超脫。,靈裏聚集並敬拜，完全自由超脱。
lyrics_bb_text/bb723.txt,12,里,学校、公园、或海边，那里都不在乎！,學校、公園、或海邊，那裏都不在乎！,學校、公園、或海邊，那裏都不在乎！
lyrics_bb_text/bb723.txt,14,冲制,主的灵冲破一切限制！ ,主的靈衝破一切限制！ ,主的靈衝破一切限制！ 
lyrics_bb_text/bb723.txt,20,里,在灵里我们自由无比！ ,在靈裏我們自由無比！ ,在靈裏我們自由無比！ 
lyrics_bb_text/bb724.txt,12,发志,发死、空洞；搅活、充实是我们心志。,發死、空洞；攪活、充實是我們心志。,發死、空洞；攪活、充實是我們心志。
lyrics_bb_text/bb724.txt,16,里,出口者的灵在我们里；,出口者的靈在我們裏；,出口者的靈在我們裏；
lyrics_bb_text/bb726.txt,13,冲,冲破自己所有束缚，圣灵就有出路！,衝破自己所有束縛，聖靈就有出路！,衝破自己所有束縛，聖靈就有出路！
lyrics_bb_text/bb726.txt,15,发,我们的灵如火挑旺，召会常青发旺。,我們的靈如火挑旺，召會常青發旺。,我們的靈如火挑旺，召會常青發旺。
lyrics_bb_text/bb727.txt,13,制里,在基督里我得释放，脱离今世所有辖制；,在基督裏我得釋放，脫離今世所有轄制；,在基督裏我得釋放，脱離今世所有轄制；
lyrics_bb_text/bb727.txt,14,尽里,前途事业尽都撇弃，为他见证活在灵里。,前途事業盡都撇棄，為他見證活在靈裏。,前途事業盡都撇棄，為他見證活在靈裏。
lyrics_bb_text/bb727.txt,17,历里,丰富基督住在灵里，等候我来把他经历；,豐富基督住在靈裏，等候我來把他經歷；,豐富基督住在靈裏，等候我來把他經歷；
lyrics_bb_text/bb727.txt,30,历后,‘属灵’、‘经历’；今后不再自是自觉，,‘屬靈’、‘經歷’；今後不再自是自覺，,‘屬靈’、‘經歷’；今後不再自是自覺，
lyrics_bb_text/bb728.txt,11,里,我虽不知是何肢体，却知神住我里，,我雖不知是何肢體，卻知神住我裏，,我雖不知是何肢體，卻知神住我裏，
lyrics_bb_text/bb728.txt,12,只,是何功用我今不问，只求让灵自由，,是何功用我今不問，只求讓靈自由，,是何功用我今不問，只求讓靈自由，
lyrics_bb_text/bb728.txt,13,只,只求让灵自由，阿利路亚！让灵自由。,只求讓靈自由，阿利路亞！讓靈自由。,只求讓靈自由，阿利路亞！讓靈自由。
lyrics_bb_text/bb728.txt,16,只里面,召会‘地位’我全不顾，只顾里面的主。,召會‘地位’我全不顧，只顧裏面的主。,召會‘地位’我全不顧，只顧裏面的主。
lyrics_bb_text/bb728.txt,21,里,荣耀！荣耀！何等奥秘，我们都在灵里，,榮耀！榮耀！何等奧祕，我們都在靈裏，,榮耀！榮耀！何等奧祕，我們都在靈裏，
lyrics_bb_text/bb729.txt,22,里,我们是为主的见证，在身体里，,我們是為主的見證，在身體裏，,我們是為主的見證，在身體裏，
lyrics_bb_text/bb729.txt,32,于历,我们经历真实建造，终于寻到─,我們經歷真實建造，終於尋到─,我們經歷真實建造，終於尋到─
lyrics_bb_text/bb731.txt,7,里,转到灵中才是正路，快快投进流里！,轉到靈中纔是正路，快快投進流裏！,轉到靈中纔是正路，快快投進流裏！
lyrics_bb_text/bb731.txt,8,里,活在灵里我们合一，同心而合意。,活在靈裏我們合一，同心而合意。,活在靈裏我們合一，同心而合意。
lyrics_bb_text/bb732.txt,7,尽里面,让生命丰富从我里面尽流出；,讓生命豐富從我裏面盡流出；,讓生命豐富從我裏面盡流出；
lyrics_bb_text/bb732.txt,10,里,当我知道在我里的丰富，,當我知道在我裏的豐富，,當我知道在我裏的豐富，
lyrics_bb_text/bb732.txt,12,尽,我就愿意将它尽都流出，好叫众人,我就願意將它盡都流出，好叫眾人,我就願意將它盡都流出，好叫眾人
lyrics_bb_text/bb732.txt,18,里,能力、智慧都在这生命里，,能力、智慧都在這生命裏，,能力、智慧都在這生命裏，
lyrics_bb_text/bb732.txt,19,里,无时无刻不预备从我里显出。,無時無刻不預備從我裏顯出。,無時無刻不預備從我裏顯出。
lyrics_bb_text/bb732.txt,20,尽,不需尽力喊叫才能释放，,不需盡力喊叫纔能釋放，,不需盡力喊叫纔能釋放，
lyrics_bb_text/bb732.txt,21,里,不需维持宗教里的安静；,不需維持宗教裏的安靜；,不需維持宗教裏的安靜；
lyrics_bb_text/bb732.txt,22,里,祂的一切都在这生命里，我若自由,祂的一切都在這生命裏，我若自由,祂的一切都在這生命裏，我若自由
lyrics_bb_text/bb733.txt,2,里面,享受众圣徒里面的基督,享受眾聖徒裏面的基督,享受眾聖徒裏面的基督
lyrics_bb_text/bb733.txt,6,里面,我们现今一同前来享受众圣徒里面的基督。,我們現今一同前來享受眾聖徒裏面的基督。,我們現今一同前來享受眾聖徒裏面的基督。
lyrics_bb_text/bb733.txt,8,里,祂的丰富已经住在我们的他们里。,祂的豐富已經住在我們的他們裏。,祂的豐富已經住在我們的他們裏。
lyrics_bb_text/bb733.txt,9,里面,所以我们一同前来享受众圣徒里面的基督。,所以我們一同前來享受眾聖徒裏面的基督。,所以我們一同前來享受眾聖徒裏面的基督。
lyrics_bb_text/bb733.txt,11,尽,弟兄们哪，快快前来！尽情享受你的所有；,弟兄們哪，快快前來！盡情享受你的所有；,弟兄們哪，快快前來！盡情享受你的所有；
lyrics_bb_text/bb733.txt,13,历,我的经历是你丰富，你的经营是我供应；,我的經歷是你豐富，你的經營是我供應；,我的經歷是你豐富，你的經營是我供應；
lyrics_bb_text/bb733.txt,21,里,祂赐我的丰富产业在我的他们里。,祂賜我的豐富產業在我的他們裏。,祂賜我的豐富產業在我的他們裏。
lyrics_bb_text/bb733.txt,23,历,就经历生活是何等甜美。,就經歷生活是何等甜美。,就經歷生活是何等甜美。
lyrics_bb_text/bb734.txt,8,里,我的灵里何等饥渴，要得供应，,我的靈裏何等飢渴，要得供應，,我的靈裏何等飢渴，要得供應，
lyrics_bb_text/bb734.txt,15,尽里面,里面丰富我时刻经营，我也述说不尽。,裏面豐富我時刻經營，我也述說不盡。,裏面豐富我時刻經營，我也述説不盡。
lyrics_bb_text/bb735.txt,6,历,当我经历这位可爱、奇妙、丰富的救主，,當我經歷這位可愛、奇妙、豐富的救主，,當我經歷這位可愛、奇妙、豐富的救主，
lyrics_bb_text/bb735.txt,23,里面,让你生命大能运行将我里面全点活，,讓你生命大能運行將我裏面全點活，,讓你生命大能運行將我裏面全點活，
lyrics_bb_text/bb736.txt,12,里,在召会中寻到甜美的家，在安息里,在召會中尋到甜美的家，在安息裏,在召會中尋到甜美的家，在安息裏
lyrics_bb_text/bb736.txt,14,里,哦阿利路亚！安息里喜乐的享受丰富。,哦阿利路亞！安息裏喜樂的享受豐富。,哦阿利路亞！安息裏喜樂的享受豐富。
lyrics_bb_text/bb736.txt,23,尽,来尽功用。哦阿利路亚！,來盡功用。哦阿利路亞！,來盡功用。哦阿利路亞！
lyrics_bb_text/bb736.txt,24,尽,哦阿利路亚！个个都活泼的来尽功用。,哦阿利路亞！個個都活潑的來盡功用。,哦阿利路亞！個個都活潑的來盡功用。
lyrics_bb_text/bb737.txt,9,于,是否为你敞开天窗，倾福于你无处可容。,是否為你敞開天窗，傾福於你無處可容。,是否為你敞開天窗，傾福於你無處可容。
lyrics_bb_text/bb738.txt,6,斗,你要给人神必给你，并且要用十足升斗，,你要給人神必給你，並且要用十足升斗，,你要給人神必給你，並且要用十足升斗，
lyrics_bb_text/bb739.txt,17,复,神的家得恢复！ ,神的家得恢復！ ,神的家得恢復！ 
lyrics_bb_text/bb740.txt,7,发,谁要在新样中，常青而发旺？,誰要在新樣中，常青而發旺？,誰要在新樣中，常青而發旺？
lyrics_bb_text/bb740.txt,8,里面,谁要脱离宗教，活在灵里面，,誰要脫離宗教，活在靈裏面，,誰要脱離宗教，活在靈裏面，
lyrics_bb_text/bb740.txt,11,里,灵里时常火热，在灵里壮胆！,靈裏時常火熱，在靈裏壯膽！,靈裏時常火熱，在靈裏壯膽！
lyrics_bb_text/bb741.txt,7,复,为着他召会恢复！让我们！让我们！,為著他召會恢復！讓我們！讓我們！,為着他召會恢復！讓我們！讓我們！
lyrics_bb_text/bb741.txt,18,里,我们都在这里，我们一同在经营，,我們都在這裏，我們一同在經營，,我們都在這裏，我們一同在經營，
lyrics_bb_text/bb742.txt,8,只,只有基督自己，显在真实合一，,只有基督自己，顯在真實合一，,只有基督自己，顯在真實合一，
lyrics_bb_text/bb742.txt,12,志,我们清楚看见：思想，情感，意志，,我們清楚看見：思想，情感，意志，,我們清楚看見：思想，情感，意志，
lyrics_bb_text/bb742.txt,18,里,主，我们在老旧宗教里已够久，,主，我們在老舊宗教裏已夠久，,主，我們在老舊宗教裏已夠久，
lyrics_bb_text/bb742.txt,20,里面,但主仍许悔改，活在生命里面，,但主仍許悔改，活在生命裏面，,但主仍許悔改，活在生命裏面，
lyrics_bb_text/bb742.txt,21,只,成为‘疯狂爱人’，只为着你召会。,成為‘瘋狂愛人’，只為著你召會。,成為‘瘋狂愛人’，只為着你召會。
lyrics_bb_text/bb742.txt,24,复,为着主的恢复，我们须被分别，,為著主的恢復，我們須被分別，,為着主的恢復，我們須被分別，
lyrics_bb_text/bb742.txt,36,云,在混乱的今日，层云依旧密布，,在混亂的今日，層雲依舊密佈，,在混亂的今日，層雲依舊密佈，
lyrics_bb_text/bb743.txt,7,历,不惜任何代价，经历祂丰富；,不惜任何代價，經歷祂豐富；,不惜任何代價，經歷祂豐富；
lyrics_bb_text/bb743.txt,11,于,绝对分别出来，归于主召会，,絕對分別出來，歸於主召會，,絕對分別出來，歸於主召會，
lyrics_bb_text/bb743.txt,18,里,直到灵里充满基督的生命。,直到靈裏充滿基督的生命。,直到靈裏充滿基督的生命。
lyrics_bb_text/bb743.txt,21,于,绝对分别出来，归于神旨意，,絕對分別出來，歸於神旨意，,絕對分別出來，歸於神旨意，
lyrics_bb_text/bb743.txt,22,复,走主所走道路，力上复加力。,走主所走道路，力上覆加力。,走主所走道路，力上覆加力。
lyrics_bb_text/bb743.txt,34,里,灵里何等安息，因见主心意。,靈裏何等安息，因見主心意。,靈裏何等安息，因見主心意。
lyrics_bb_text/bb743.txt,36,里,时刻灵里火热，彰显这新人。,時刻靈裏火熱，彰顯這新人。,時刻靈裏火熱，彰顯這新人。
lyrics_bb_text/bb743.txt,41,里面,里面所得异象，越过越明亮，,裏面所得異象，越過越明亮，,裏面所得異象，越過越明亮，
lyrics_bb_text/bb744.txt,2,只,我只要神旨意,我只要神旨意,我只要神旨意
lyrics_bb_text/bb744.txt,6,只志,我只要神旨意藉我成就，这是我惟一心志；,我只要神旨意藉我成就，這是我惟一心志；,我只要神旨意藉我成就，這是我惟一心志；
lyrics_bb_text/bb744.txt,7,只,除此外我确是一无所知，只愿祂心满意足。,除此外我確是一無所知，只願祂心滿意足。,除此外我確是一無所知，只願祂心滿意足。
lyrics_bb_text/bb744.txt,13,尽,让你们去尽情吹箫弹琴，去享受人间情趣。,讓你們去盡情吹簫彈琴，去享受人間情趣。,讓你們去盡情吹簫彈琴，去享受人間情趣。
lyrics_bb_text/bb744.txt,18,复,我今见复活的荣耀基督，藉我身得以显出；,我今見復活的榮耀基督，藉我身得以顯出；,我今見復活的榮耀基督，藉我身得以顯出；
lyrics_bb_text/bb744.txt,19,发里,我今见祂那升天的大能，在我里发动运行；,我今見祂那升天的大能，在我裏發動運行；,我今見祂那升天的大能，在我裏發動運行；
lyrics_bb_text/bb745.txt,7,历,所有我的属灵经历，都该为召会建造。,所有我的屬靈經歷，都該為召會建造。,所有我的屬靈經歷，都該為召會建造。
lyrics_bb_text/bb745.txt,14,面,求主就向我掩面；愿我从你每一认识，,求主就向我掩面；願我從你每一認識，,求主就向我掩面；願我從你每一認識，
lyrics_bb_text/bb745.txt,22,只,我若只求‘工作果效’，就愿主亲手拆毁；,我若只求‘工作果效’，就願主親手拆毀；,我若只求‘工作果效’，就願主親手拆毀；
lyrics_bb_text/bb746.txt,7,只,我只望能为着召会花费，虽不知我前途,我只望能為著召會花費，雖不知我前途,我只望能為着召會花費，雖不知我前途
lyrics_bb_text/bb747.txt,7,历,无奈对你认识浮浅，扎实经历实在欠缺。,無奈對你認識浮淺，紮實經歷實在欠缺。,無奈對你認識浮淺，紮實經歷實在欠缺。
lyrics_bb_text/bb747.txt,9,志,我今立下一个心志，愿意完全认识基督；,我今立下一個心志，願意完全認識基督；,我今立下一個心志，願意完全認識基督；
lyrics_bb_text/bb747.txt,10,历,更要天天享受经历，得着基督供应召会。,更要天天享受經歷，得著基督供應召會。,更要天天享受經歷，得着基督供應召會。
lyrics_bb_text/bb747.txt,13,里,万有基督在我里头，他是源泉，他也是流；,萬有基督在我裏頭，他是源泉，他也是流；,萬有基督在我裏頭，他是源泉，他也是流；
lyrics_bb_text/bb747.txt,14,历,惟有更多认识经历，才能成流点活别人。,惟有更多認識經歷，纔能成流點活別人。,惟有更多認識經歷，纔能成流點活別人。
lyrics_bb_text/bb747.txt,17,历只,‘认识基督’只说不够，须在经历享用实际，,‘認識基督’只說不夠，須在經歷享用實際，,‘認識基督’只説不夠，須在經歷享用實際，
lyrics_bb_text/bb747.txt,18,历,享用越多，越有花费，经历越深，越有摆出。,享用越多，越有花費，經歷越深，越有擺出。,享用越多，越有花費，經歷越深，越有擺出。
lyrics_bb_text/bb747.txt,22,历复,虽在肉身仍然活着，却有死而复活经历。,雖在肉身仍然活著，卻有死而復活經歷。,雖在肉身仍然活着，卻有死而復活經歷。
lyrics_bb_text/bb747.txt,26,历,惟有如此相互享用，结实经历，越过越丰。,惟有如此相互享用，結實經歷，越過越豐。,惟有如此相互享用，結實經歷，越過越豐。
lyrics_bb_text/bb748.txt,8,尽,这世界一切事务尽都是虚空，,這世界一切事務盡都是虛空，,這世界一切事務盡都是虛空，
lyrics_bb_text/bb749.txt,6,表里,恩主我们同在这里，来向你表明心意，,恩主我們同在這裏，來向你表明心意，,恩主我們同在這裏，來向你表明心意，
lyrics_bb_text/bb749.txt,7,复,为着你召会的恢复，我们愿侍立一起。,為著你召會的恢復，我們願侍立一起。,為着你召會的恢復，我們願侍立一起。
lyrics_bb_text/bb750.txt,8,尽,前我所爱所慕所求，今与雄心同归尽；,前我所愛所慕所求，今與雄心同歸盡；,前我所愛所慕所求，今與雄心同歸盡；
lyrics_bb_text/bb750.txt,13,面,人面人心欺我骗我，召会却是我实际。,人面人心欺我騙我，召會卻是我實際。,人面人心欺我騙我，召會卻是我實際。
lyrics_bb_text/bb750.txt,20,于,我既称他阿爸父亲，我既将心注于你，,我既稱他阿爸父親，我既將心注於你，,我既稱他阿爸父親，我既將心注於你，
lyrics_bb_text/bb750.txt,21,云,怒吼暴风密集厚云，都该效力成我益。,怒吼暴風密集厚雲，都該效力成我益。,怒吼暴風密集厚雲，都該效力成我益。
lyrics_bb_text/bb750.txt,27,里,有何快乐能将我迷，若它不在召会里。,有何快樂能將我迷，若它不在召會裏。,有何快樂能將我迷，若它不在召會裏。
lyrics_bb_text/bb750.txt,30,历,向前！由恩进入荣耀，经历身体是能力，,向前！由恩進入榮耀，經歷身體是能力，,向前！由恩進入榮耀，經歷身體是能力，
lyrics_bb_text/bb751.txt,9,云,我的产业竟是如此丰盛；弟兄姊妹如同云彩围绕，,我的產業竟是如此豐盛；弟兄姊妹如同雲彩圍繞，,我的產業竟是如此豐盛；弟兄姊妹如同雲彩圍繞，
lyrics_bb_text/bb751.txt,23,只,我心只有感恩，我的成长、喜悦,我心只有感恩，我的成長、喜悅,我心只有感恩，我的成長、喜悦
lyrics_bb_text/bb752.txt,9,里,爱里没有惧怕，完全的爱把惧怕驱除。,愛裏沒有懼怕，完全的愛把懼怕驅除。,愛裏沒有懼怕，完全的愛把懼怕驅除。
lyrics_bb_text/bb752.txt,12,系,彼此相爱，心心相系，有圣洁情意，,彼此相愛，心心相繫，有聖潔情意，,彼此相愛，心心相繫，有聖潔情意，
lyrics_bb_text/bb752.txt,13,里,让世人都知道：这爱是在基督耶稣里！,讓世人都知道：這愛是在基督耶穌裏！,讓世人都知道：這愛是在基督耶穌裏！
lyrics_bb_text/bb754.txt,8,面,何时？何处？照主差遣，恩主面光当寻求。,何時？何處？照主差遣，恩主面光當尋求。,何時？何處？照主差遣，恩主面光當尋求。
lyrics_bb_text/bb754.txt,12,征,背叛征服，混乱消弭，同心合意众如一。,背叛征服，混亂消弭，同心合意眾如一。,背叛征服，混亂消弭，同心合意眾如一。
lyrics_bb_text/bb754.txt,15,借,父乃源头，子作管道，那灵涌流为凭借；,父乃源頭，子作管道，那靈湧流為憑藉；,父乃源頭，子作管道，那靈湧流為憑藉；
lyrics_bb_text/bb754.txt,24,台,那日前往各城、各邦，建立灯台显荣光。,那日前往各城、各邦，建立燈臺顯榮光。,那日前往各城、各邦，建立燈台顯榮光。
lyrics_bb_text/bb755.txt,19,复,如此，主话速速传开，主的恢复达地极；,如此，主話速速傳開，主的恢復達地極；,如此，主話速速傳開，主的恢復達地極；
lyrics_bb_text/bb756.txt,7,里,我们今乐意跟随众召会，主里是一，显无遗；,我們今樂意跟隨眾召會，主裏是一，顯無遺；,我們今樂意跟隨眾召會，主裏是一，顯無遺；
lyrics_bb_text/bb756.txt,16,发,在众召会中，主今正引领，祂的发言当聆听。,在眾召會中，主今正引領，祂的發言當聆聽。,在眾召會中，主今正引領，祂的發言當聆聽。
lyrics_bb_text/bb757.txt,16,尽,跟随弟兄，彼此相调，守住等次尽功用。,跟隨弟兄，彼此相調，守住等次盡功用。,跟隨弟兄，彼此相調，守住等次盡功用。
lyrics_bb_text/bb757.txt,19,复,紧紧跟随地方召会，为主恢复全奉献；,緊緊跟隨地方召會，為主恢復全奉獻；,緊緊跟隨地方召會，為主恢復全奉獻；
lyrics_bb_text/bb757.txt,21,复,跟随召会，献上所有，同心为着主恢复；,跟隨召會，獻上所有，同心為著主恢復；,跟隨召會，獻上所有，同心為着主恢復；
lyrics_bb_text/bb758.txt,2,复,欢喜聚集复活中,歡喜聚集復活中,歡喜聚集復活中
lyrics_bb_text/bb758.txt,7,借复,借着救主复活大能，我们已成祂弟兄─,藉著救主復活大能，我們已成祂弟兄─,藉着救主復活大能，我們已成祂弟兄─
lyrics_bb_text/bb758.txt,8,复,祂心所爱，复活所生，同祂得胜，同高升。,祂心所愛，復活所生，同祂得勝，同高升。,祂心所愛，復活所生，同祂得勝，同高升。
lyrics_bb_text/bb758.txt,11,复,长兄复起，我们亦同，欢喜聚集复活中；,長兄復起，我們亦同，歡喜聚集復活中；,長兄復起，我們亦同，歡喜聚集復活中；
lyrics_bb_text/bb758.txt,16,里,灵里火热，同来聚集，被主充满且洋溢！,靈裏火熱，同來聚集，被主充滿且洋溢！,靈裏火熱，同來聚集，被主充滿且洋溢！
lyrics_bb_text/bb758.txt,24,尽,各人所献尽管微小，却叫众人得建造。,各人所獻儘管微小，卻叫眾人得建造。,各人所獻儘管微小，卻叫眾人得建造。
lyrics_bb_text/bb758.txt,31,冲复,死而复活，冲破幽冥，神众子中作长兄。,死而復活，衝破幽冥，神眾子中作長兄。,死而復活，衝破幽冥，神眾子中作長兄。
lyrics_bb_text/bb758.txt,33,面,长兄荣面，我们所喜，祂作中心和目的。,長兄榮面，我們所喜，祂作中心和目的。,長兄榮面，我們所喜，祂作中心和目的。
lyrics_bb_text/bb759.txt,2,复里,在复活里聚集,在復活裏聚集,在復活裏聚集
lyrics_bb_text/bb759.txt,7,里,我们今日主里聚集，仪文岂可再凭倚？,我們今日主裏聚集，儀文豈可再憑倚？,我們今日主裏聚集，儀文豈可再憑倚？
lyrics_bb_text/bb759.txt,8,复里,哦，让我们在复活里，以主基督为实际，,哦，讓我們在復活裏，以主基督為實際，,哦，讓我們在復活裏，以主基督為實際，
lyrics_bb_text/bb759.txt,12,复,主已复活，桎梏全除，宗教事物已过时；,主已復活，桎梏全除，宗教事物已過時；,主已復活，桎梏全除，宗教事物已過時；
lyrics_bb_text/bb759.txt,14,复,阿利路亚，同主复活，何等释放，何超脱！,阿利路亞，同主復活，何等釋放，何超脫！,阿利路亞，同主復活，何等釋放，何超脱！
lyrics_bb_text/bb759.txt,19,恶,求主启示，大光照亮，使那恶魔无处躲。,求主啟示，大光照亮，使那惡魔無處躲。,求主啓示，大光照亮，使那惡魔無處躲。
lyrics_bb_text/bb759.txt,25,复,活的基督，我们至爱，有祂同在，复何求？,活的基督，我們至愛，有祂同在，復何求？,活的基督，我們至愛，有祂同在，復何求？
lyrics_bb_text/bb760.txt,20,历,经历变化，与基督同王，真是荣耀！,經歷變化，與基督同王，真是榮耀！,經歷變化，與基督同王，真是榮耀！
lyrics_bb_text/bb760.txt,24,历,每天生活中都会经历属灵争战，,每天生活中都會經歷屬靈爭戰，,每天生活中都會經歷屬靈爭戰，
lyrics_bb_text/bb761.txt,18,里,这是爱里的服役，这是生命的洗涤；,這是愛裏的服役，這是生命的洗滌；,這是愛裏的服役，這是生命的洗滌；
lyrics_bb_text/bb761.txt,20,尽,彼此服事尽恩爱，体贴救主的胸怀；,彼此服事盡恩愛，體貼救主的胸懷；,彼此服事盡恩愛，體貼救主的胸懷；
lyrics_bb_text/bb761.txt,21,尽,藉此心再得畅快，洗尽世俗的尘埃。,藉此心再得暢快，洗盡世俗的塵埃。,藉此心再得暢快，洗盡世俗的塵埃。
lyrics_bb_text/bb761.txt,24,里,彼此饶恕相顾惜，爱里扶持共勉励；,彼此饒恕相顧惜，愛裏扶持共勉勵；,彼此饒恕相顧惜，愛裏扶持共勉勵；
lyrics_bb_text/bb761.txt,27,系,保守我们心相系，隐主肋旁不分离。,保守我們心相繫，隱主肋旁不分離。,保守我們心相繫，隱主肋旁不分離。
lyrics_bb_text/bb762.txt,9,发,有分许多的患难交通，越发坚定而顺从；,有分許多的患難交通，越發堅定而順從；,有分許多的患難交通，越發堅定而順從；
lyrics_bb_text/bb762.txt,11,冲,当一人受主感动，全体跟着向前冲，,當一人受主感動，全體跟著向前衝，,當一人受主感動，全體跟着向前衝，
lyrics_bb_text/bb762.txt,12,只,彼此扶持，苦乐与共，我只求这一生,彼此扶持，苦樂與共，我只求這一生,彼此扶持，苦樂與共，我只求這一生
lyrics_bb_text/bb762.txt,18,里,配搭的榜样，保罗、西拉在灵里刚强，,配搭的榜樣，保羅、西拉在靈裏剛強，,配搭的榜樣，保羅、西拉在靈裏剛強，
lyrics_bb_text/bb762.txt,28,尽,尽管我渺小，常是软弱，会沮丧跌倒，,儘管我渺小，常是軟弱，會沮喪跌倒，,儘管我渺小，常是軟弱，會沮喪跌倒，
lyrics_bb_text/bb8.txt,9,面,锡安山座落在北面，居高华美胜一切，,錫安山座落在北面，居高華美勝一切，,錫安山座落在北面，居高華美勝一切，
lyrics_bb_text/bb801.txt,5,于复里,我们投入恢复流里，有分于他荣耀经营；,我們投入恢復流裏，有分於他榮耀經營；,我們投入恢復流裏，有分於他榮耀經營；
lyrics_bb_text/bb801.txt,17,尽,终日追求不过幻梦，尽都是如捉影、如捕风，,終日追求不過幻夢，盡都是如捉影、如捕風，,終日追求不過幻夢，盡都是如捉影、如捕風，
lyrics_bb_text/bb802.txt,9,里,我们与这位王同工，无比荣耀，那里羞耻？,我們與這位王同工，無比榮耀，那裏羞恥？,我們與這位王同工，無比榮耀，那裏羞恥？
lyrics_bb_text/bb802.txt,24,发,我们一直与王同工，天天搞人，天天发疯，,我們一直與王同工，天天搞人，天天發瘋，,我們一直與王同工，天天搞人，天天發瘋，
lyrics_bb_text/bb803.txt,2,后,我从来不后悔,我從來不後悔,我從來不後悔
lyrics_bb_text/bb803.txt,6,后,我从来不后悔答应神呼召，,我從來不後悔答應神呼召，,我從來不後悔答應神呼召，
lyrics_bb_text/bb803.txt,7,后,我从来不后悔完全献给主;,我從來不後悔完全獻給主;,我從來不後悔完全獻給主;
lyrics_bb_text/bb803.txt,9,后,我从来不后悔所走每步路。,我從來不後悔所走每步路。,我從來不後悔所走每步路。
lyrics_bb_text/bb804.txt,14,只钟,只剩一个钟头，让我们赶工！,只剩一個鐘頭，讓我們趕工！,只剩一個鐘頭，讓我們趕工！
lyrics_bb_text/bb804.txt,17,后,我原来是在后，没什么好夸口；,我原來是在後，沒什麼好誇口；,我原來是在後，沒什麼好誇口；
lyrics_bb_text/bb804.txt,25,松,时间这么短暂，工作这么轻松，,時間這麼短暫，工作這麼輕鬆，,時間這麼短暫，工作這麼輕鬆，
lyrics_bb_text/bb805.txt,7,后,今后在许多城市，召会必成你殿。,今後在許多城市，召會必成你殿。,今後在許多城市，召會必成你殿。
lyrics_bb_text/bb805.txt,8,里,藉着在灵里的日子，生命使我们刚强。,藉著在靈裏的日子，生命使我們剛強。,藉着在靈裏的日子，生命使我們剛強。
lyrics_bb_text/bb806.txt,7,里,向前进，向前进，在圣灵里向前进，,向前進，向前進，在聖靈裏向前進，,向前進，向前進，在聖靈裏向前進，
lyrics_bb_text/bb806.txt,9,复,主召会的恢复，随着七倍之灵前进。,主召會的恢復，隨著七倍之靈前進。,主召會的恢復，隨着七倍之靈前進。
lyrics_bb_text/bb806.txt,10,里,无论往那里，使世人都知道，,無論往那裏，使世人都知道，,無論往那裏，使世人都知道，
lyrics_bb_text/bb807.txt,2,面,新局面出现,新局面出現,新局面出現
lyrics_bb_text/bb807.txt,6,面,新局面出现，众圣徒正往前，看！,新局面出現，眾聖徒正往前，看！,新局面出現，眾聖徒正往前，看！
lyrics_bb_text/bb807.txt,7,复征,神的荣耀在地上彰显！召会复兴的征象，,神的榮耀在地上彰顯！召會復興的徵象，,神的榮耀在地上彰顯！召會復興的徵象，
lyrics_bb_text/bb807.txt,8,后面,前后左右皆可见，阿利路亚，新局面出现。,前後左右皆可見，阿利路亞，新局面出現。,前後左右皆可見，阿利路亞，新局面出現。
lyrics_bb_text/bb808.txt,6,台,从台北市地方召会，到南部高雄海岸；,從臺北市地方召會，到南部高雄海岸；,從台北市地方召會，到南部高雄海岸；
lyrics_bb_text/bb808.txt,8,台,将地方召会的见证，在全台湾岛播散；,將地方召會的見證，在全臺灣島播散；,將地方召會的見證，在全台灣島播散；
lyrics_bb_text/bb808.txt,10,复,这是主今日的恢复，这乃是他的行动；,這是主今日的恢復，這乃是他的行動；,這是主今日的恢復，這乃是他的行動；
lyrics_bb_text/bb808.txt,11,冲,我们必须同心合意，靠主刚强向前冲。,我們必須同心合意，靠主剛強向前衝。,我們必須同心合意，靠主剛強向前衝。
lyrics_bb_text/bb809.txt,2,里,在主里刚强,在主裏剛強,在主裏剛強
lyrics_bb_text/bb809.txt,6,里,在主里刚强！倚靠主大能大力，,在主裏剛強！倚靠主大能大力，,在主裏剛強！倚靠主大能大力，
lyrics_bb_text/bb809.txt,7,里,作刚强的人！在主里刚强！,作剛強的人！在主裏剛強！,作剛強的人！在主裏剛強！
lyrics_bb_text/bb809.txt,9,里,在主里刚强，倚靠主大能大力；,在主裏剛強，倚靠主大能大力；,在主裏剛強，倚靠主大能大力；
lyrics_bb_text/bb809.txt,11,里,在主里刚强，在主里刚强，,在主裏剛強，在主裏剛強，,在主裏剛強，在主裏剛強，
lyrics_bb_text/bb810.txt,10,里面,圣徒个个在灵里焚烧，在新人里面争战，,聖徒個個在靈裏焚燒，在新人裏面爭戰，,聖徒個個在靈裏焚燒，在新人裏面爭戰，
lyrics_bb_text/bb811.txt,9,复,今我是个得胜者，为着召会恢复。,今我是個得勝者，為著召會恢復。,今我是個得勝者，為着召會恢復。
lyrics_bb_text/bb811.txt,22,冲,在冲阴府的境界，成就神的旨意。,在衝陰府的境界，成就神的旨意。,在衝陰府的境界，成就神的旨意。
lyrics_bb_text/bb812.txt,17,征,祂是得胜主，将仇敌征服，,祂是得勝主，將仇敵征服，,祂是得勝主，將仇敵征服，
lyrics_bb_text/bb813.txt,2,余,得胜有余,得勝有餘,得勝有餘
lyrics_bb_text/bb813.txt,6,余里,赞美主，我们都在基督里得胜有余！,讚美主，我們都在基督裏得勝有餘！,讚美主，我們都在基督裏得勝有餘！
lyrics_bb_text/bb813.txt,12,余,靠我们主在凡事上都得胜有余。,靠我們主在凡事上都得勝有餘。,靠我們主在凡事上都得勝有餘。
lyrics_bb_text/bb813.txt,14,复,已经完全的得胜！（重复头四句。）,已經完全的得勝！（重複頭四句。）,已經完全的得勝！（重複頭四句。）
lyrics_bb_text/bb814.txt,6,里,我们现在就是在主的得胜里，,我們現在就是在主的得勝裏，,我們現在就是在主的得勝裏，
lyrics_bb_text/bb814.txt,8,只里,我们只要享受，在灵里来支取，,我們只要享受，在靈裏來支取，,我們只要享受，在靈裏來支取，
lyrics_bb_text/bb814.txt,9,历,就经历得胜实际。为何不齐夸胜！,就經歷得勝實際。為何不齊誇勝！,就經歷得勝實際。為何不齊誇勝！
lyrics_bb_text/bb814.txt,11,里,同高升！同高升！三层天，在灵里，,同高升！同高升！三層天，在靈裏，,同高升！同高升！三層天，在靈裏，
lyrics_bb_text/bb814.txt,13,里面,在主得胜里面我们一同有分，,在主得勝裏面我們一同有分，,在主得勝裏面我們一同有分，
lyrics_bb_text/bb815.txt,14,复,（重复）这位基督，是我一切，,（重複）這位基督，是我一切，,（重複）這位基督，是我一切，
lyrics_bb_text/bb815.txt,19,复表,（重复）这团体人，能代表神，,（重複）這團體人，能代表神，,（重複）這團體人，能代表神，
lyrics_bb_text/bb815.txt,20,征,管理、征服全地，使神的计划实现。,管理、征服全地，使神的計劃實現。,管理、征服全地，使神的計劃實現。
lyrics_bb_text/bb815.txt,24,复,（重复）我们今天生活有路，,（重複）我們今天生活有路，,（重複）我們今天生活有路，
lyrics_bb_text/bb815.txt,29,复,（重复）使万民作主的门徒。,（重複）使萬民作主的門徒。,（重複）使萬民作主的門徒。
lyrics_bb_text/bb816.txt,10,表,为了装他，将他表明。 ,為了裝他，將他表明。 ,為了裝他，將他表明。 
lyrics_bb_text/bb816.txt,20,面,不管你的看法如何，在神面前谁无过？,不管你的看法如何，在神面前誰無過？,不管你的看法如何，在神面前誰無過？
lyrics_bb_text/bb816.txt,27,面,犹如你外面的身子，容纳自己正合式，,猶如你外面的身子，容納自己正合式，,猶如你外面的身子，容納自己正合式，
lyrics_bb_text/bb817.txt,8,只里,直到如今，我们只知道基督活在我里，,直到如今，我們只知道基督活在我裏，,直到如今，我們只知道基督活在我裏，
lyrics_bb_text/bb817.txt,14,历,神的拯救如同水流，经过几段的经历。,神的拯救如同水流，經過幾段的經歷。,神的拯救如同水流，經過幾段的經歷。
lyrics_bb_text/bb817.txt,15,制后,我们先脱撒但的辖制，以后再进一步，,我們先脫撒但的轄制，以後再進一步，,我們先脱撒但的轄制，以後再進一步，
lyrics_bb_text/bb817.txt,16,复,脱开那基督教。神的恢复一直往前流，,脫開那基督教。神的恢復一直往前流，,脱開那基督教。神的恢復一直往前流，
lyrics_bb_text/bb817.txt,28,里,乃是实际在生命里，同被建造在一起。,乃是實際在生命裏，同被建造在一起。,乃是實際在生命裏，同被建造在一起。
lyrics_bb_text/bb818.txt,11,里面,爱在里面时增加。这全都是因着祂！,愛在裏面時增加。這全都是因著祂！,愛在裏面時增加。這全都是因着祂！
lyrics_bb_text/bb818.txt,12,复,阿利路亚！（重复二至五行）,阿利路亞！（重複二至五行）,阿利路亞！（重複二至五行）
lyrics_bb_text/bb819.txt,14,复里,我们看见你那复活里的荣脸，,我們看見你那復活裏的榮臉，,我們看見你那復活裏的榮臉，
lyrics_bb_text/bb819.txt,18,复,日复一日更觉你实际，犹如潺潺流水,日復一日更覺你實際，猶如潺潺流水,日復一日更覺你實際，猶如潺潺流水
lyrics_bb_text/bb819.txt,19,里,归回无垠大海，不知不觉失去在你里。,歸回無垠大海，不知不覺失去在你裏。,歸回無垠大海，不知不覺失去在你裏。
lyrics_bb_text/bb820.txt,9,里面,总觉得里面缺少、缺少些什么！,總覺得裏面缺少、缺少些什麼！,總覺得裏面缺少、缺少些什麼！
lyrics_bb_text/bb821.txt,7,面,什么使你这样快活？为何喜乐常显你面，,什麼使你這樣快活？為何喜樂常顯你面，,什麼使你這樣快活？為何喜樂常顯你面，
lyrics_bb_text/bb821.txt,10,尽,藉他十架，我蒙救赎；所有罪过他血尽除。,藉他十架，我蒙救贖；所有罪過他血盡除。,藉他十架，我蒙救贖；所有罪過他血盡除。
lyrics_bb_text/bb821.txt,17,尽,哦，这恩主何其丰厚，岂是数语就能说尽，,哦，這恩主何其豐厚，豈是數語就能說盡，,哦，這恩主何其豐厚，豈是數語就能説盡，
lyrics_bb_text/bb821.txt,18,复,他已复活作我生命，成为我的能力，供应。,他已復活作我生命，成為我的能力，供應。,他已復活作我生命，成為我的能力，供應。
lyrics_bb_text/bb821.txt,23,里,罪已赦免，生命里活，但我不知像我这样，,罪已赦免，生命裏活，但我不知像我這樣，,罪已赦免，生命裏活，但我不知像我這樣，
lyrics_bb_text/bb822.txt,8,里面,里面流泪，,裏面流淚，,裏面流淚，
lyrics_bb_text/bb822.txt,20,里面,耶稣活在我里面，作我主、生命，真甘甜！,耶穌活在我裏面，作我主、生命，真甘甜！,耶穌活在我裏面，作我主、生命，真甘甜！
lyrics_bb_text/bb825.txt,7,干里面,我曾寻找一道泉水，能解我里面的干渴，,我曾尋找一道泉水，能解我裏面的乾渴，,我曾尋找一道泉水，能解我裏面的乾渴，
lyrics_bb_text/bb825.txt,8,尽获,但我饮尽所有水泉，仍不满足，一无所获。,但我飲盡所有水泉，仍不滿足，一無所獲。,但我飲盡所有水泉，仍不滿足，一無所獲。
lyrics_bb_text/bb825.txt,12,干,耶稣！耶稣！耶稣！耶稣！耶稣解了我干渴。,耶穌！耶穌！耶穌！耶穌！耶穌解了我乾渴。,耶穌！耶穌！耶穌！耶穌！耶穌解了我乾渴。
lyrics_bb_text/bb825.txt,16,里面,奇妙活泉住我里面，天天涌流从不止息，,奇妙活泉住我裏面，天天湧流從不止息，,奇妙活泉住我裏面，天天湧流從不止息，
lyrics_bb_text/bb825.txt,19,里面,我就安家在召会里面，让他得满足。,我就安家在召會裏面，讓他得滿足。,我就安家在召會裏面，讓他得滿足。
lyrics_bb_text/bb826.txt,6,斗,前我生活，满了愁苦，我的奋斗，都归虚无。,前我生活，滿了愁苦，我的奮鬥，都歸虛無。,前我生活，滿了愁苦，我的奮鬥，都歸虛無。
lyrics_bb_text/bb828.txt,13,只,心思只使你明白，却不能尝。,心思只使你明白，卻不能嘗。,心思只使你明白，卻不能嘗。
lyrics_bb_text/bb828.txt,14,只,它不能尝，（四次）心思只使你明白，,它不能嘗，（四次）心思只使你明白，,它不能嘗，（四次）心思只使你明白，
lyrics_bb_text/bb828.txt,18,只,你若渴慕得着主，只要敞开你的心，,你若渴慕得著主，只要敞開你的心，,你若渴慕得着主，只要敞開你的心，
lyrics_bb_text/bb828.txt,19,只,只要敞开你的心，让祂进来。,只要敞開你的心，讓祂進來。,只要敞開你的心，讓祂進來。
lyrics_bb_text/bb828.txt,20,只,让祂进来，（四次）只要敞开你的心，,讓祂進來，（四次）只要敞開你的心，,讓祂進來，（四次）只要敞開你的心，
lyrics_bb_text/bb828.txt,24,只,你若想让祂进来，只要呼喊祂的名，,你若想讓祂進來，只要呼喊祂的名，,你若想讓祂進來，只要呼喊祂的名，
lyrics_bb_text/bb828.txt,25,只,只要呼喊祂的名，祂就进来。,只要呼喊祂的名，祂就進來。,只要呼喊祂的名，祂就進來。
lyrics_bb_text/bb828.txt,26,只,哦！主耶稣！（四次）只要呼喊祂的名，,哦！主耶穌！（四次）只要呼喊祂的名，,哦！主耶穌！（四次）只要呼喊祂的名，
lyrics_bb_text/bb831.txt,9,历,来经历他超越的丰富，他请你活着为他旨意，,來經歷他超越的豐富，他請你活著為他旨意，,來經歷他超越的豐富，他請你活着為他旨意，
lyrics_bb_text/bb831.txt,14,里,你慈爱柔声的细语，使我的心熔化在你里，,你慈愛柔聲的細語，使我的心熔化在你裏，,你慈愛柔聲的細語，使我的心熔化在你裏，
lyrics_bb_text/bb832.txt,8,里,疲倦的人，来这里躺卧，你可歇我胸臆’。,疲倦的人，來這裏躺臥，你可歇我胸臆’。,疲倦的人，來這裏躺卧，你可歇我胸臆’。
lyrics_bb_text/bb832.txt,14,干,干渴的人，来畅饮活水，你可欢然取水’。,乾渴的人，來暢飲活水，你可歡然取水’。,乾渴的人，來暢飲活水，你可歡然取水’。
lyrics_bb_text/bb832.txt,16,复干,干渴立消，我魂复苏，现今活在他前。,乾渴立消，我魂復甦，現今活在他前。,乾渴立消，我魂復甦，現今活在他前。
lyrics_bb_text/bb832.txt,22,尽,生命光中，欢乐行走，行尽客旅路程。,生命光中，歡樂行走，行盡客旅路程。,生命光中，歡樂行走，行盡客旅路程。
lyrics_bb_text/bb833.txt,7,只,你能够得到，只要你决意。,你能夠得到，只要你決意。,你能夠得到，只要你決意。
lyrics_bb_text/bb833.txt,9,历,祂使你心中无比的喜乐。你能够经历,祂使你心中無比的喜樂。你能夠經歷,祂使你心中無比的喜樂。你能夠經歷
lyrics_bb_text/bb833.txt,11,历,你能够经历超越荣耀的事情，,你能夠經歷超越榮耀的事情，,你能夠經歷超越榮耀的事情，
lyrics_bb_text/bb836.txt,12,尽,所有黑暗尽驱走，天来救主施拯救，,所有黑暗盡驅走，天來救主施拯救，,所有黑暗盡驅走，天來救主施拯救，
lyrics_bb_text/bb836.txt,18,里,从你活出神自己，在神拯救恩典里，,從你活出神自己，在神拯救恩典裏，,從你活出神自己，在神拯救恩典裏，
lyrics_bb_text/bb837.txt,6,里,初次来这里，听他们在说耶稣的事迹，,初次來這裏，聽他們在說耶穌的事蹟，,初次來這裏，聽他們在説耶穌的事蹟，
lyrics_bb_text/bb837.txt,11,表,从他们脸上表露的纯真，,從他們臉上表露的純真，,從他們臉上表露的純真，
lyrics_bb_text/bb837.txt,15,里,他们且告诉，神要进我里，,他們且告訴，神要進我裏，,他們且告訴，神要進我裏，
lyrics_bb_text/bb837.txt,17,只,对他又不知，只觉得需要，不妨一试；,對他又不知，只覺得需要，不妨一試；,對他又不知，只覺得需要，不妨一試；
lyrics_bb_text/bb837.txt,26,里,我在基督里荣耀又逍遥，我与他是一，,我在基督裏榮耀又逍遙，我與他是一，,我在基督裏榮耀又逍遙，我與他是一，
lyrics_bb_text/bb838.txt,7,制,我已得到真正自由，痛苦、压制、忧愁,我已得到真正自由，痛苦、壓制、憂愁,我已得到真正自由，痛苦、壓制、憂愁
lyrics_bb_text/bb838.txt,8,后,全都不留，就在我信主之后。,全都不留，就在我信主之後。,全都不留，就在我信主之後。
lyrics_bb_text/bb838.txt,10,只,也非诫命对我只要求；祂是神儿子，,也非誡命對我只要求；祂是神兒子，,也非誡命對我只要求；祂是神兒子，
lyrics_bb_text/bb838.txt,17,复,耶稣是我真正自由，日复一日在这无边享受，,耶穌是我真正自由，日復一日在這無邊享受，,耶穌是我真正自由，日復一日在這無邊享受，
lyrics_bb_text/bb839.txt,2,云,云彩,雲彩,雲彩
lyrics_bb_text/bb839.txt,6,云,我的生命不再挥霍，自从我看见云彩，,我的生命不再揮霍，自從我看見雲彩，,我的生命不再揮霍，自從我看見雲彩，
lyrics_bb_text/bb839.txt,12,云,我的人生变得充实，正当我迎向云彩，,我的人生變得充實，正當我迎向雲彩，,我的人生變得充實，正當我迎向雲彩，
lyrics_bb_text/bb839.txt,13,历,宇宙万物真理柱石，千百年历久不衰；,宇宙萬物真理柱石，千百年歷久不衰；,宇宙萬物真理柱石，千百年歷久不衰；
lyrics_bb_text/bb839.txt,14,于,它是神所经营，活神显于肉身，,它是神所經營，活神顯於肉身，,它是神所經營，活神顯於肉身，
lyrics_bb_text/bb839.txt,18,云,我的生活何等豪迈，因我已拥有云彩，,我的生活何等豪邁，因我已擁有雲彩，,我的生活何等豪邁，因我已擁有雲彩，
lyrics_bb_text/bb839.txt,20,尽,真理照亮我的灵，恩典无穷无尽，,真理照亮我的靈，恩典無窮無盡，,真理照亮我的靈，恩典無窮無盡，
lyrics_bb_text/bb839.txt,24,云,我与你们已经融合，也化为这朵云彩，,我與你們已經融合，也化為這朵雲彩，,我與你們已經融合，也化為這朵雲彩，
lyrics_bb_text/bb839.txt,29,云,让我放下各样重担，生活在光明的云彩。,讓我放下各樣重擔，生活在光明的雲彩。,讓我放下各樣重擔，生活在光明的雲彩。
lyrics_bb_text/bb839.txt,30,云,（注）‘云彩’一辞采自希伯来十二章一节，指许多见证人。 ,（注）‘雲彩’一辭采自希伯來十二章一節，指許多見證人。 ,（注）‘雲彩’一辭采自希伯來十二章一節，指許多見證人。 
lyrics_bb_text/bb840.txt,9,里,作你生命住你里；使你享受祂实际，,作你生命住你裏；使你享受祂實際，,作你生命住你裏；使你享受祂實際，
lyrics_bb_text/bb840.txt,11,只,只要你愿意。 ,只要你願意。 ,只要你願意。 
lyrics_bb_text/bb840.txt,14,里,过去永远里祂早拣选你，,過去永遠裏祂早揀選你，,過去永遠裏祂早揀選你，
lyrics_bb_text/bb840.txt,16,复,十架上被举起，经死亡祂复起，,十架上被舉起，經死亡祂復起，,十架上被舉起，經死亡祂復起，
lyrics_bb_text/bb840.txt,24,里,你魂会真欢喜，你身安居指望里；,你魂會真歡喜，你身安居指望裏；,你魂會真歡喜，你身安居指望裏；
lyrics_bb_text/bb840.txt,25,只,只要将心全开启，只要主名一呼吸，,只要將心全開啟，只要主名一呼吸，,只要將心全開啓，只要主名一呼吸，
lyrics_bb_text/bb840.txt,26,只,只要一刹那而已，祂、你就是一！,只要一剎那而已，祂、你就是一！,只要一剎那而已，祂、你就是一！
lyrics_bb_text/bb841.txt,8,冲,第一声呼求，冲出我心灵，,第一聲呼求，衝出我心靈，,第一聲呼求，衝出我心靈，
lyrics_bb_text/bb841.txt,10,于,我生命终于破晓，哦，主耶稣！,我生命終於破曉，哦，主耶穌！,我生命終於破曉，哦，主耶穌！
lyrics_bb_text/bb841.txt,17,冲,第一声呼求，冲出我心灵，,第一聲呼求，衝出我心靈，,第一聲呼求，衝出我心靈，
lyrics_bb_text/bb841.txt,26,冲,第一声呼求，冲出我心灵，,第一聲呼求，衝出我心靈，,第一聲呼求，衝出我心靈，
lyrics_bb_text/bb842.txt,16,复,（重复第四行） ,（重複第四行） ,（重複第四行） 
lyrics_bb_text/bb843.txt,6,恶,天起了凉风，人陷罪恶中；,天起了涼風，人陷罪惡中；,天起了涼風，人陷罪惡中；
lyrics_bb_text/bb843.txt,7,里,神在天地间，声声呼唤：你在那里？人哪，,神在天地間，聲聲呼喚：你在那裏？人哪，,神在天地間，聲聲呼喚：你在那裏？人哪，
lyrics_bb_text/bb843.txt,9,于,全都在于你。 ,全都在於你。 ,全都在於你。 
lyrics_bb_text/bb843.txt,14,于,团体新人，大哉！神显于肉身，,團體新人，大哉！神顯於肉身，,團體新人，大哉！神顯於肉身，
lyrics_bb_text/bb843.txt,19,系,同享主肥甘，荣光溢漫；天地相系，,同享主肥甘，榮光溢漫；天地相系，,同享主肥甘，榮光溢漫；天地相系，
lyrics_bb_text/bb843.txt,21,里,显在荣耀里！ ,顯在榮耀裏！ ,顯在榮耀裏！ 
lyrics_bb_text/bb844.txt,18,里,直等到将人在基督里，成熟的献上给神。,直等到將人在基督裏，成熟的獻上給神。,直等到將人在基督裏，成熟的獻上給神。
lyrics_bb_text/bb845.txt,2,于,至于我和我家,至於我和我家,至於我和我家
lyrics_bb_text/bb845.txt,12,于,我要宣告：至于我和我家，,我要宣告：至於我和我家，,我要宣告：至於我和我家，
lyrics_bb_text/bb846.txt,10,复,一步迈开又一步，走出主恢复前途，,一步邁開又一步，走出主恢復前途，,一步邁開又一步，走出主恢復前途，
lyrics_bb_text/bb846.txt,18,历复,今日胜过了昨日，开创主恢复历史，,今日勝過了昨日，開創主恢復歷史，,今日勝過了昨日，開創主恢復歷史，
lyrics_bb_text/bb847.txt,9,里,救主耶稣祂就不必来；黑暗里，祂听见,救主耶穌祂就不必來；黑暗裏，祂聽見,救主耶穌祂就不必來；黑暗裏，祂聽見
lyrics_bb_text/bb847.txt,17,复,被挂木上，清偿我罪债；经死亡，祂复活，,被掛木上，清償我罪債；經死亡，祂復活，,被掛木上，清償我罪債；經死亡，祂復活，
lyrics_bb_text/bb848.txt,8,干,真喜乐，罪全赦，进我灵，解干渴，,真喜樂，罪全赦，進我靈，解乾渴，,真喜樂，罪全赦，進我靈，解乾渴，
lyrics_bb_text/bb848.txt,12,里面,祂离你并不远，就在你口里面；,祂離你並不遠，就在你口裏面；,祂離你並不遠，就在你口裏面；
lyrics_bb_text/bb849.txt,6,发,哦，让我们扬声欢呼，角声遍地发出，,哦，讓我們揚聲歡呼，角聲遍地發出，,哦，讓我們揚聲歡呼，角聲遍地發出，
lyrics_bb_text/bb849.txt,9,发,哦，让我们扬声欢呼，角声遍地发出。,哦，讓我們揚聲歡呼，角聲遍地發出。,哦，讓我們揚聲歡呼，角聲遍地發出。
lyrics_bb_text/bb849.txt,14,复,我权益都恢复，重归自由，产业丰富。,我權益都恢復，重歸自由，產業豐富。,我權益都恢復，重歸自由，產業豐富。
lyrics_bb_text/bb849.txt,18,尽,哦，让我们尽情享受，去罢，烦恼、忧愁，,哦，讓我們盡情享受，去罷，煩惱、憂愁，,哦，讓我們盡情享受，去罷，煩惱、憂愁，
lyrics_bb_text/bb849.txt,21,尽,哦，让我们尽情享受，去罢，烦恼、忧愁。,哦，讓我們盡情享受，去罷，煩惱、憂愁。,哦，讓我們盡情享受，去罷，煩惱、憂愁。
lyrics_bb_text/bb851.txt,2,于,让主作工于我身,讓主作工於我身,讓主作工於我身
lyrics_bb_text/bb851.txt,7,发,求主发言，教导我舌，使我能言，照你心意；,求主發言，教導我舌，使我能言，照你心意；,求主發言，教導我舌，使我能言，照你心意；
lyrics_bb_text/bb851.txt,20,于,使我言辞如有双翼，及于人心，触人深处。,使我言辭如有雙翼，及於人心，觸人深處。,使我言辭如有雙翼，及於人心，觸人深處。
lyrics_bb_text/bb851.txt,24,复,施安抚，复苏、加力，使疲乏者都得再起。,施安撫，復甦、加力，使疲乏者都得再起。,施安撫，復甦、加力，使疲乏者都得再起。
lyrics_bb_text/bb852.txt,2,发,兴起！角声发出！,興起！角聲發出！,興起！角聲發出！
lyrics_bb_text/bb852.txt,7,发,兴起！角声发出，喜信传布；,興起！角聲發出，喜信傳佈；,興起！角聲發出，喜信傳佈；
lyrics_bb_text/bb852.txt,21,征,高举十架救恩，征服偶像、叛民；,高舉十架救恩，征服偶像、叛民；,高舉十架救恩，征服偶像、叛民；
lyrics_bb_text/bb852.txt,27,复,全地复归祂有，惟祂居高为首，,全地復歸祂有，惟祂居高為首，,全地復歸祂有，惟祂居高為首，
lyrics_bb_text/bb853.txt,10,松,松开手，传福音，趁着现今。,鬆開手，傳福音，趁著現今。,鬆開手，傳福音，趁着現今。
lyrics_bb_text/bb853.txt,15,只,人只要肯相信，必得享救恩，,人只要肯相信，必得享救恩，,人只要肯相信，必得享救恩，
lyrics_bb_text/bb853.txt,20,复,神恩典能眷顾，将人恢复。,神恩典能眷顧，將人恢復。,神恩典能眷顧，將人恢復。
lyrics_bb_text/bb853.txt,21,复,心弦断，祂修复，用恩慈复苏。,心絃斷，祂修復，用恩慈復甦。,心絃斷，祂修復，用恩慈復甦。
lyrics_bb_text/bb853.txt,22,发,爱之乐又发出，远胜当初！,愛之樂又發出，遠勝當初！,愛之樂又發出，遠勝當初！
lyrics_bb_text/bb853.txt,25,尽,速兴起传福音！尽你我本分，,速興起傳福音！盡你我本分，,速興起傳福音！盡你我本分，
lyrics_bb_text/bb853.txt,33,于,注：此诗第一节原见于诗歌664首，,注：此詩第一節原見於詩歌664首，,注：此詩第一節原見於詩歌664首，
lyrics_bb_text/bb854.txt,11,复,复活救主，我得看见，听祂美言甘甜；,復活救主，我得看見，聽祂美言甘甜；,復活救主，我得看見，聽祂美言甘甜；
lyrics_bb_text/bb855.txt,15,于发,听哪！宝血在发声，闻于神前显权能；,聽哪！寶血在發聲，聞於神前顯權能；,聽哪！寶血在發聲，聞於神前顯權能；
lyrics_bb_text/bb855.txt,20,尽,所有玷污尽显露，叹息、痛苦不止住。,所有玷污盡顯露，歎息、痛苦不止住。,所有玷污盡顯露，歎息、痛苦不止住。
lyrics_bb_text/bb856.txt,13,里,生在亚当里，奔向死亡；,生在亞當裏，奔向死亡；,生在亞當裏，奔向死亡；
lyrics_bb_text/bb856.txt,20,恶,罪恶全消踪，神在流淌。,罪惡全消蹤，神在流淌。,罪惡全消蹤，神在流淌。
lyrics_bb_text/bb856.txt,22,里,在生命里得救，在生命中作王！,在生命裏得救，在生命中作王！,在生命裏得救，在生命中作王！
lyrics_bb_text/bb856.txt,27,借,借着耶稣基督，对神有了和平,藉著耶穌基督，對神有了和平,藉着耶穌基督，對神有了和平
lyrics_bb_text/bb857.txt,8,尽,尽力宣扬，宣扬主话直到国度临。,盡力宣揚，宣揚主話直到國度臨。,盡力宣揚，宣揚主話直到國度臨。
lyrics_bb_text/bb857.txt,13,尽,主话有能，尽管释放，必不归徒然；,主話有能，儘管釋放，必不歸徒然；,主話有能，儘管釋放，必不歸徒然；
lyrics_bb_text/bb857.txt,16,尽,主话有能，尽管撒种，必不归徒然。,主話有能，儘管撒種，必不歸徒然。,主話有能，儘管撒種，必不歸徒然。
lyrics_bb_text/bb857.txt,25,只,只管传讲，基督必在人心作见证；,只管傳講，基督必在人心作見證；,只管傳講，基督必在人心作見證；
lyrics_bb_text/bb857.txt,32,发,田已发白！前去收割不必再等候！,田已發白！前去收割不必再等候！,田已發白！前去收割不必再等候！
lyrics_bb_text/bb858.txt,14,后,我们与祂同性、同命，同作后嗣，荣耀无匹。,我們與祂同性、同命，同作後嗣，榮耀無匹。,我們與祂同性、同命，同作後嗣，榮耀無匹。
lyrics_bb_text/bb859.txt,16,里,在爱里行事，凭大能争战，与主联结无间。,在愛裏行事，憑大能爭戰，與主聯結無間。,在愛裏行事，憑大能爭戰，與主聯結無間。
lyrics_bb_text/bb859.txt,21,只,无一事羞愧，我们只切慕活着就是基督─,無一事羞愧，我們只切慕活著就是基督─,無一事羞愧，我們只切慕活着就是基督─
lyrics_bb_text/bb859.txt,26,里,在一个灵里，为福音站立，同魂一齐努力。,在一個靈裏，為福音站立，同魂一齊努力。,在一個靈裏，為福音站立，同魂一齊努力。
lyrics_bb_text/bb860.txt,26,尽,抓住机会尽福音本分，到所有居人地带，,抓住機會盡福音本分，到所有居人地帶，,抓住機會盡福音本分，到所有居人地帶，
lyrics_bb_text/bb861.txt,9,里,我们需要在基督天上的职事里，,我們需要在基督天上的職事裏，,我們需要在基督天上的職事裏，
lyrics_bb_text/bb861.txt,16,里,在奋力活动的神里行动并争战，,在奮力活動的神裏行動並爭戰，,在奮力活動的神裏行動並爭戰，
lyrics_bb_text/bb861.txt,22,台,使金灯台照亮全地，,使金燈臺照亮全地，,使金燈台照亮全地，
lyrics_bb_text/bb862.txt,8,只,只要向祂绝对、纯诚，,只要向祂絕對、純誠，,只要向祂絕對、純誠，
lyrics_bb_text/bb862.txt,25,只,只凭信心，不凭眼见，,只憑信心，不憑眼見，,只憑信心，不憑眼見，
lyrics_bb_text/bb862.txt,31,台致,李常受弟兄致福音化台湾,李常受弟兄致福音化臺灣,李常受弟兄致福音化台灣
lyrics_bb_text/bb863.txt,7,里,在今时代里，我当有耳听，留意暗处灯，等候晨星。,在今時代裏，我當有耳聽，留意暗處燈，等候晨星。,在今時代裏，我當有耳聽，留意暗處燈，等候晨星。
lyrics_bb_text/bb863.txt,10,复,正常基督徒，天天有复兴，过活力生活，日日得胜；,正常基督徒，天天有復興，過活力生活，日日得勝；,正常基督徒，天天有復興，過活力生活，日日得勝；
lyrics_bb_text/bb863.txt,11,复,成为得胜者，脱离老底嘉，持守主恢复，弃绝撒狄。,成為得勝者，脫離老底嘉，持守主恢復，棄絕撒狄。,成為得勝者，脱離老底嘉，持守主恢復，棄絕撒狄。
lyrics_bb_text/bb863.txt,14,云,配合神行动，成为四活物，团体行动中，风、云、火、金；,配合神行動，成為四活物，團體行動中，風、雲、火、金；,配合神行動，成為四活物，團體行動中，風、雲、火、金；
lyrics_bb_text/bb863.txt,15,里,保守身体里，圣别过生活，焚烧在一起，彼此建造。,保守身體裏，聖別過生活，焚燒在一起，彼此建造。,保守身體裏，聖別過生活，焚燒在一起，彼此建造。
lyrics_bb_text/bb863.txt,18,里,基督登宝座，成为代求者，祷告里祷告，需我配合；,基督登寶座，成為代求者，禱告裏禱告，需我配合；,基督登寶座，成為代求者，禱告裏禱告，需我配合；
lyrics_bb_text/bb863.txt,22,于,国度的福音，传遍居人地，见证于万民，结束时代；,國度的福音，傳遍居人地，見證於萬民，結束時代；,國度的福音，傳遍居人地，見證於萬民，結束時代；
lyrics_bb_text/bb863.txt,23,里,主能差遣谁，谁愿为主去？主，我在这里，请差遣我！,主能差遣誰，誰願為主去？主，我在這裏，請差遣我！,主能差遣誰，誰願為主去？主，我在這裏，請差遣我！
lyrics_bb_text/bb863.txt,26,历,主，我真爱你，愿作得胜者，同你写历史，与你是一；,主，我真愛你，願作得勝者，同你寫歷史，與你是一；,主，我真愛你，願作得勝者，同你寫歷史，與你是一；
lyrics_bb_text/bb863.txt,29,复,儆醒，儆醒，那灵对我说话！兴起，兴起，当有真实复兴！,儆醒，儆醒，那靈對我說話！興起，興起，當有真實復興！,儆醒，儆醒，那靈對我説話！興起，興起，當有真實復興！
lyrics_bb_text/bb864.txt,9,表,将祂盛装，为要代表管理，且作团体显彰。,將祂盛裝，為要代表管理，且作團體顯彰。,將祂盛裝，為要代表管理，且作團體顯彰。
lyrics_bb_text/bb864.txt,11,表,将祂盛装，为要代表管理，且作团体显彰。,將祂盛裝，為要代表管理，且作團體顯彰。,將祂盛裝，為要代表管理，且作團體顯彰。
lyrics_bb_text/bb864.txt,17,里,君王基督那日从天归回，并自我里透出。,君王基督那日從天歸回，並自我裏透出。,君王基督那日從天歸回，並自我裏透出。
lyrics_bb_text/bb864.txt,19,里,君王基督那日从天归回，并自我里透出。,君王基督那日從天歸回，並自我裏透出。,君王基督那日從天歸回，並自我裏透出。
lyrics_bb_text/bb865.txt,6,于里,奥秘经纶，藏于神里，天地之主渴望寻得安息；,奧祕經綸，藏於神裏，天地之主渴望尋得安息；,奧祕經綸，藏於神裏，天地之主渴望尋得安息；
lyrics_bb_text/bb865.txt,7,于,神家异象，显于我灵，抓夺如我，无心竟能知悉：,神家異象，顯於我靈，抓奪如我，無心竟能知悉：,神家異象，顯於我靈，抓奪如我，無心竟能知悉：
lyrics_bb_text/bb865.txt,8,复里,神成为人，经死、复活，作天梯，内住我灵里；,神成為人，經死、復活，作天梯，內住我靈裏；,神成為人，經死、復活，作天梯，內住我靈裏；
lyrics_bb_text/bb865.txt,12,只,无奈己意，只求称心，羡慕神旨，却仍贪享安逸；,無奈己意，只求稱心，羨慕神旨，卻仍貪享安逸；,無奈己意，只求稱心，羨慕神旨，卻仍貪享安逸；
lyrics_bb_text/bb865.txt,15,里,圣灵分赐，更新变化，你扩增，安家我心里。,聖靈分賜，更新變化，你擴增，安家我心裏。,聖靈分賜，更新變化，你擴增，安家我心裏。
lyrics_bb_text/bb865.txt,19,历里,经历神家─召会实际：不再是“我”，乃基督活我里。,經歷神家─召會實際：不再是“我”，乃基督活我裏。,經歷神家─召會實際：不再是“我”，乃基督活我裏。
lyrics_bb_text/bb865.txt,26,于斗系,竭力奋斗，同心配搭，奉差遣，心系于全地。,竭力奮鬥，同心配搭，奉差遣，心繫於全地。,竭力奮鬥，同心配搭，奉差遣，心繫於全地。
lyrics_bb_text/bb865.txt,27,只,国度福音，遍传地极，怀雄心，只讨主欣喜。,國度福音，遍傳地極，懷雄心，只討主欣喜。,國度福音，遍傳地極，懷雄心，只討主欣喜。
lyrics_bb_text/bb865.txt,30,里,爱里回应，奉献全人，不从己意，惟愿是你。,愛裏回應，奉獻全人，不從己意，惟願是你。,愛裏回應，奉獻全人，不從己意，惟願是你。
lyrics_bb_text/bb866.txt,10,发,喜乐、欢畅越发明亮。,喜樂、歡暢越發明亮。,喜樂、歡暢越發明亮。
lyrics_bb_text/bb866.txt,14,里,这里有爱流淌，神就是爱，,這裏有愛流淌，神就是愛，,這裏有愛流淌，神就是愛，
lyrics_bb_text/bb866.txt,17,发,满足、安康越发兴旺。,滿足、安康越發興旺。,滿足、安康越發興旺。
lyrics_bb_text/bb867.txt,2,历,写神今日的历史,寫神今日的歷史,寫神今日的歷史
lyrics_bb_text/bb867.txt,6,里,奋力之神，内里运行，我愿听招呼，追随祂步武。,奮力之神，內裏運行，我願聽招呼，追隨祂步武。,奮力之神，內裏運行，我願聽招呼，追隨祂步武。
lyrics_bb_text/bb867.txt,7,只,属世前途，何屑一顾，上好的爱，只属良人基督。,屬世前途，何屑一顧，上好的愛，只屬良人基督。,屬世前途，何屑一顧，上好的愛，只屬良人基督。
lyrics_bb_text/bb867.txt,9,云,云彩围绕，同奔天路；歌中之歌，与众童女共谱。,雲彩圍繞，同奔天路；歌中之歌，與眾童女共譜。,雲彩圍繞，同奔天路；歌中之歌，與眾童女共譜。
lyrics_bb_text/bb867.txt,13,里,爱里回应天上职事，摆上全人，为神经纶再起。,愛裏回應天上職事，擺上全人，為神經綸再起。,愛裏回應天上職事，擺上全人，為神經綸再起。
lyrics_bb_text/bb867.txt,18,冲,同受异象，作主先锋，一听主号令，全体向前冲。,同受異象，作主先鋒，一聽主號令，全體向前衝。,同受異象，作主先鋒，一聽主號令，全體向前衝。
lyrics_bb_text/bb867.txt,20,复里,调和的灵是我秘诀；死而复活，在配搭里行动。,調和的靈是我祕訣；死而復活，在配搭裏行動。,調和的靈是我祕訣；死而復活，在配搭裏行動。
lyrics_bb_text/bb867.txt,27,台,建立灯台，照亮万民，国度福音偏传居人之地。,建立燈臺，照亮萬民，國度福音偏傳居人之地。,建立燈台，照亮萬民，國度福音偏傳居人之地。
lyrics_bb_text/bb867.txt,30,干,解主干渴，生死不顾，同生活，同争战，同荣辱。,解主乾渴，生死不顧，同生活，同爭戰，同榮辱。,解主乾渴，生死不顧，同生活，同爭戰，同榮辱。
lyrics_bb_text/bb867.txt,31,历,起来！写下神行动历史，承接时代荣耀的托付，,起來！寫下神行動歷史，承接時代榮耀的託付，,起來！寫下神行動歷史，承接時代榮耀的託付，
lyrics_bb_text/bb868.txt,23,复,死而复活，失而又得，神、人同欢乐。,死而復活，失而又得，神、人同歡樂。,死而復活，失而又得，神、人同歡樂。
lyrics_bb_text/bb869.txt,18,于,联于诸天，取用主大能；,聯於諸天，取用主大能；,聯於諸天，取用主大能；
lyrics_bb_text/bb869.txt,24,里,同作肢体，爱里相提携。,同作肢體，愛裏相提攜。,同作肢體，愛裏相提攜。
lyrics_bb_text/bb869.txt,26,只,只为基督身体，不顾自己。,只為基督身體，不顧自己。,只為基督身體，不顧自己。
lyrics_bb_text/bb870.txt,15,于,召会、身体，荣美新妇显于各地，促主归回。,召會、身體，榮美新婦顯於各地，促主歸回。,召會、身體，榮美新婦顯於各地，促主歸回。
lyrics_bb_text/bb870.txt,18,复里,作主飞鹰，翱翔天际，在复活里，与祂是一；,作主飛鷹，翱翔天際，在復活裏，與祂是一；,作主飛鷹，翱翔天際，在復活裏，與祂是一；
lyrics_bb_text/bb871.txt,12,里,灵里扶持，爱里提携，同作肢体不稍离；,靈裏扶持，愛裏提攜，同作肢體不稍離；,靈裏扶持，愛裏提攜，同作肢體不稍離；
lyrics_bb_text/bb871.txt,13,里,持定元首、结合一起，众人消失配搭里。,持定元首、結合一起，眾人消失配搭裏。,持定元首、結合一起，眾人消失配搭裏。
lyrics_bb_text/bb871.txt,18,里,在身体里向前迈进，宣扬禧年遍全地；,在身體裏向前邁進，宣揚禧年遍全地；,在身體裏向前邁進，宣揚禧年遍全地；
lyrics_bb_text/bb871.txt,20,里,突破文化、语言、国籍，将人迁到基督里；,突破文化、語言、國籍，將人遷到基督裏；,突破文化、語言、國籍，將人遷到基督裏；
lyrics_bb_text/bb871.txt,25,只,拚上！只望讨主欢欣，奔赛程竭力前进！,拚上！只望討主歡欣，奔賽程竭力前進！,拚上！只望討主歡欣，奔賽程竭力前進！
lyrics_bb_text/bb871.txt,27,尽,殿中柱子担负见证，圣城光辉显无尽！,殿中柱子擔負見證，聖城光輝顯無盡！,殿中柱子擔負見證，聖城光輝顯無盡！
lyrics_bb_text/bb872.txt,6,尽里,走尽千重山，渡过万里洋，何处找到安息的地方？,走盡千重山，渡過萬里洋，何處找到安息的地方？,走盡千重山，渡過萬里洋，何處找到安息的地方？
lyrics_bb_text/bb872.txt,10,恶,敞开疲困心，接受生命光，我愿全人脱罪恶捆绑，,敞開疲困心，接受生命光，我願全人脫罪惡捆綁，,敞開疲困心，接受生命光，我願全人脱罪惡捆綁，
lyrics_bb_text/bb872.txt,16,复,超越知识的爱，过我所求、所想─祂为我死、复活、升天上，,超越知識的愛，過我所求、所想─祂為我死、復活、升天上，,超越知識的愛，過我所求、所想─祂為我死、復活、升天上，
lyrics_bb_text/bb872.txt,17,尽,无穷无尽的恩，供应全备、深广─祂成那灵内住我心房；,無窮無盡的恩，供應全備、深廣─祂成那靈內住我心房；,無窮無盡的恩，供應全備、深廣─祂成那靈內住我心房；
lyrics_bb_text/bb873.txt,13,复,使我脱离天然、自己，显大复活生命。,使我脫離天然、自己，顯大復活生命。,使我脱離天然、自己，顯大復活生命。
lyrics_bb_text/bb873.txt,19,台,海口启程，宣扬佳音，全地灯台照明。,海口啟程，宣揚佳音，全地燈臺照明。,海口啓程，宣揚佳音，全地燈台照明。
lyrics_bb_text/bb873.txt,23,只,站住奉献地位，只听主号令；,站住奉獻地位，只聽主號令；,站住奉獻地位，只聽主號令；
lyrics_bb_text/bb874.txt,8,复,凭复活大能，翱翔天际；,憑復活大能，翱翔天際；,憑復活大能，翱翔天際；
lyrics_bb_text/bb874.txt,26,台,金灯台照亮，国度降临。,金燈臺照亮，國度降臨。,金燈台照亮，國度降臨。
lyrics_bb_text/bb875.txt,7,复,福音船满载基督丰富，传扬基督复活，作祂见证。,福音船滿載基督豐富，傳揚基督復活，作祂見證。,福音船滿載基督豐富，傳揚基督復活，作祂見證。
lyrics_bb_text/bb875.txt,12,复里,复活里，如母鹿得释放，拿弗他利出嘉美言语；,復活裏，如母鹿得釋放，拿弗他利出嘉美言語；,復活裏，如母鹿得釋放，拿弗他利出嘉美言語；
lyrics_bb_text/bb875.txt,18,余尽,看，全地尽是饥饿人群，需你我分赐基督富余；,看，全地盡是飢餓人群，需你我分賜基督富餘；,看，全地盡是飢餓人羣，需你我分賜基督富餘；
lyrics_bb_text/bb875.txt,21,里,哦，主阿，是我，我在这里，请差遣我，照你所欲。,哦，主阿，是我，我在這裏，請差遣我，照你所欲。,哦，主阿，是我，我在這裏，請差遣我，照你所欲。
lyrics_bb_text/bb875.txt,26,尽,让我们展览主得胜，黑暗权势尽驱除；,讓我們展覽主得勝，黑暗權勢盡驅除；,讓我們展覽主得勝，黑暗權勢盡驅除；
lyrics_bb_text/bb875.txt,31,制,无何能限制生命繁殖，枝条探出墙外，延展加倍。,無何能限制生命繁殖，枝條探出牆外，延展加倍。,無何能限制生命繁殖，枝條探出牆外，延展加倍。
lyrics_bb_text/bb875.txt,32,里面,让我们住在主里面，生命流通益丰沛；,讓我們住在主裏面，生命流通益豐沛；,讓我們住在主裏面，生命流通益豐沛；
lyrics_bb_text/bb875.txt,37,尽里,帐棚里，尽情享受快乐；低肩背重，献贡物主所喜。,帳棚裏，盡情享受快樂；低肩背重，獻貢物主所喜。,帳棚裏，盡情享受快樂；低肩背重，獻貢物主所喜。
lyrics_bb_text/bb875.txt,38,尽,让我们宗教尽脱落，享受基督作美地；,讓我們宗教盡脫落，享受基督作美地；,讓我們宗教盡脱落，享受基督作美地；
lyrics_bb_text/bb875.txt,39,尽,召会中作肢体尽功用，生机建造基督身体。,召會中作肢體盡功用，生機建造基督身體。,召會中作肢體盡功用，生機建造基督身體。
lyrics_bb_text/bb875.txt,43,获,灭仇敌，早晨吃所掠夺，晚上分所掳获，得胜刚强。,滅仇敵，早晨喫所掠奪，晚上分所擄獲，得勝剛強。,滅仇敵，早晨喫所掠奪，晚上分所擄獲，得勝剛強。
lyrics_bb_text/bb875.txt,45,里,永世里，神人同得满足─向此标竿，我们直往！,永世裏，神人同得滿足─向此標竿，我們直往！,永世裏，神人同得滿足─向此標竿，我們直往！
lyrics_bb_text/bb876.txt,14,里,有谁能知，源自父神怀里奇爱？,有誰能知，源自父神懷裏奇愛？,有誰能知，源自父神懷裏奇愛？
lyrics_bb_text/bb877.txt,11,恶,为何你爱？我罪大恶极；但你爱我─你的仇敌。,為何你愛？我罪大惡極；但你愛我─你的仇敵。,為何你愛？我罪大惡極；但你愛我─你的仇敵。
lyrics_bb_text/bb877.txt,19,恶里,我的恶心，反叛又悖逆；但你慈心，感我衷里。,我的惡心，反叛又悖逆；但你慈心，感我衷裏。,我的惡心，反叛又悖逆；但你慈心，感我衷裏。
lyrics_bb_text/bb877.txt,30,征里,爱里寻觅。是你爱和怜悯，征服顽梗刚愎；,愛裏尋覓。是你愛和憐憫，征服頑梗剛愎；,愛裏尋覓。是你愛和憐憫，征服頑梗剛愎；
lyrics_bb_text/bb878.txt,15,里,为使一生都开怀，接我到神家里来。,為使一生都開懷，接我到神家裏來。,為使一生都開懷，接我到神家裏來。
lyrics_bb_text/bb879.txt,8,斗,我怨叹：奋斗努力竟换得失望，,我怨歎：奮鬥努力竟換得失望，,我怨歎：奮鬥努力竟換得失望，
lyrics_bb_text/bb879.txt,16,于,我的信终于有了生命的回响，,我的信終於有了生命的回響，,我的信終於有了生命的回響，
lyrics_bb_text/bb879.txt,19,余,无人像你真情实意，我余生都给你。,無人像你真情實意，我餘生都給你。,無人像你真情實意，我餘生都給你。
lyrics_bb_text/bb879.txt,23,历复,祂救我脱罪、死、魔，经历死而复活；,祂救我脫罪、死、魔，經歷死而復活；,祂救我脱罪、死、魔，經歷死而復活；
lyrics_bb_text/bb880.txt,10,只,你心不要疑惑，你只管放心交托，,你心不要疑惑，你只管放心交託，,你心不要疑惑，你只管放心交託，
lyrics_bb_text/bb880.txt,12,只,只要祂为你掌握，相信总会有结果，,只要祂為你掌握，相信總會有結果，,只要祂為你掌握，相信總會有結果，
lyrics_bb_text/bb9.txt,8,恶面,恶人见神面就消灭，如同蜡被火熔掉。,惡人見神面就消滅，如同蠟被火熔掉。,惡人見神面就消滅，如同蠟被火熔掉。
lyrics_bb_text/bb9.txt,15,里,乃是在祂圣所里，哦，这救恩何希奇！,乃是在祂聖所裏，哦，這救恩何希奇！,乃是在祂聖所裏，哦，這救恩何希奇！
lyrics_bb_text/bb9.txt,25,发,现今主以大能夸胜，发出胜利的捷报，,現今主以大能誇勝，發出勝利的捷報，,現今主以大能誇勝，發出勝利的捷報，
lyrics_bb_text/bb9.txt,39,里,曾在阴间里漫游，祂打破仇敌的头！,曾在陰間裏漫遊，祂打破仇敵的頭！,曾在陰間裏漫遊，祂打破仇敵的頭！
lyrics_bb_text/bb9.txt,44,后,你凯旋的队伍游行，作乐的跟随在后。,你凱旋的隊伍遊行，作樂的跟隨在後。,你凱旋的隊伍遊行，作樂的跟隨在後。
lyrics_bb_text/bb901.txt,19,发,愚拙童女恋世界，到主来时才发觉，,愚拙童女戀世界，到主來時纔發覺，,愚拙童女戀世界，到主來時纔發覺，
lyrics_bb_text/bb901.txt,20,里面,器皿里面油空缺─恩主耶稣要再临！,器皿裏面油空缺─恩主耶穌要再臨！,器皿裏面油空缺─恩主耶穌要再臨！
lyrics_bb_text/bb901.txt,24,发,她们发光，灵充盈─恩主耶稣要再临！,她們發光，靈充盈─恩主耶穌要再臨！,她們發光，靈充盈─恩主耶穌要再臨！
lyrics_bb_text/bb901.txt,35,钟,主今就在归途中，无人知道那点钟，,主今就在歸途中，無人知道那點鐘，,主今就在歸途中，無人知道那點鐘，
lyrics_bb_text/bb902.txt,21,面,注视他荣面满受他的恩典，,注視他榮面滿受他的恩典，,注視他榮面滿受他的恩典，
lyrics_bb_text/bb902.txt,22,里,将来在他国度里，与他同显现。,將來在他國度裏，與他同顯現。,將來在他國度裏，與他同顯現。
lyrics_bb_text/bb902.txt,26,准里,我们灵里被激动；准备迎接他。,我們靈裏被激動；準備迎接他。,我們靈裏被激動；準備迎接他。
lyrics_bb_text/bb903.txt,13,复,（重复三次，下同）,（重複三次，下同）,（重複三次，下同）
lyrics_bb_text/bb903.txt,21,后,路程在前头，缠累丢背后，,路程在前頭，纏累丟背後，,路程在前頭，纏累丟背後，
lyrics_bb_text/bb904.txt,13,面,在他面前必须多花时间，,在他面前必須多花時間，,在他面前必須多花時間，
lyrics_bb_text/bb904.txt,19,只里面,只要住主里面！我们快乐往前走，,只要住主裏面！我們快樂往前走，,只要住主裏面！我們快樂往前走，
lyrics_bb_text/bb904.txt,25,里,争战快停，灵里刚强前行，,爭戰快停，靈裏剛強前行，,爭戰快停，靈裏剛強前行，
lyrics_bb_text/bb905.txt,13,发,灯都发光，出去迎接他回来。,燈都發光，出去迎接他回來。,燈都發光，出去迎接他回來。
lyrics_bb_text/bb906.txt,8,面,瞻仰你光荣慈颜，得以面对面吐意倾心，,瞻仰你光榮慈顏，得以面對面吐意傾心，,瞻仰你光榮慈顏，得以面對面吐意傾心，
lyrics_bb_text/bb906.txt,11,云干,干旱久候云霓，望眼欲穿，此心欲碎，,乾旱久候雲霓，望眼欲穿，此心欲碎，,乾旱久候雲霓，望眼欲穿，此心欲碎，
lyrics_bb_text/bb906.txt,19,表,人间语怎表明？我心被你溶化，,人間語怎表明？我心被你溶化，,人間語怎表明？我心被你溶化，
lyrics_bb_text/bb906.txt,27,后,今后永远专一奉献作祭，主阿！快回来,今後永遠專一奉獻作祭，主阿！快回來,今後永遠專一奉獻作祭，主阿！快回來
lyrics_bb_text/bb906.txt,30,志,海枯石烂，此志不移。心恳！阿们！,海枯石爛，此志不移。心懇！阿們！,海枯石爛，此志不移。心懇！阿們！
lyrics_bb_text/bb906.txt,33,系,甜主！我心所系，恨不插双翼，,甜主！我心所繫，恨不插雙翼，,甜主！我心所繫，恨不插雙翼，
lyrics_bb_text/bb906.txt,34,里,飞投你怀里，多少次举目望天，,飛投你懷裏，多少次舉目望天，,飛投你懷裏，多少次舉目望天，
lyrics_bb_text/bb906.txt,35,云面,等候你驾云显现；提接你面前，,等候你駕雲顯現；提接你面前，,等候你駕雲顯現；提接你面前，
lyrics_bb_text/bb906.txt,36,云,谁知荣影无踪，云彩依然翩翩。,誰知榮影無蹤，雲彩依然翩翩。,誰知榮影無蹤，雲彩依然翩翩。
lyrics_bb_text/bb908.txt,6,发,看！无花果树早已发枝，,看！無花果樹早已發枝，,看！無花果樹早已發枝，
lyrics_bb_text/bb908.txt,24,里,唱阿利路亚，在荣耀里。 ,唱阿利路亞，在榮耀裏。 ,唱阿利路亞，在榮耀裏。 
lyrics_bb_text/bb909.txt,9,发,千千万万立即响应，和声爆发同歌讴！,千千萬萬立即響應，和聲爆發同歌謳！,千千萬萬立即響應，和聲爆發同歌謳！
lyrics_bb_text/bb909.txt,31,于,‘一切都成了’！我们虽至于死，,‘一切都成了’！我們雖至於死，,‘一切都成了’！我們雖至於死，
lyrics_bb_text/bb909.txt,35,发,哦！弟兄们，姊妹们，请听天上又发声音：,哦！弟兄們，姊妹們，請聽天上又發聲音：,哦！弟兄們，姊妹們，請聽天上又發聲音：
lyrics_bb_text/bb909.txt,42,恶,我们极其憎恶她所装满的污秽邪淫；,我們極其憎惡她所裝滿的污穢邪淫；,我們極其憎惡她所裝滿的污穢邪淫；
lyrics_bb_text/bb909.txt,67,后,今后不要怕他信口雌黄，或造谣生事，,今後不要怕他信口雌黃，或造謠生事，,今後不要怕他信口雌黃，或造謠生事，
lyrics_bb_text/bb910.txt,7,面,亲眼看见你改变形像，你面貌像日头,親眼看見你改變形像，你面貌像日頭,親眼看見你改變形像，你面貌像日頭
lyrics_bb_text/bb910.txt,22,只,主，我们赞美你，不只你得荣耀，,主，我們讚美你，不只你得榮耀，,主，我們讚美你，不只你得榮耀，
lyrics_bb_text/bb910.txt,26,里,等候着在荣耀里显出。即使在永世里，,等候著在榮耀裏顯出。即使在永世裏，,等候着在榮耀裏顯出。即使在永世裏，
lyrics_bb_text/bb910.txt,27,尽,我们也唱不尽，爱戴之情与感激之心！,我們也唱不盡，愛戴之情與感激之心！,我們也唱不盡，愛戴之情與感激之心！
lyrics_bb_text/bb911.txt,8,干,主是一无所有，如根出干地，你怎能够,主是一無所有，如根出乾地，你怎能夠,主是一無所有，如根出乾地，你怎能夠
lyrics_bb_text/bb911.txt,17,干里面,它的里头饱满，外面却枯干；主作一切，,它的裏頭飽滿，外面卻枯乾；主作一切，,它的裏頭飽滿，外面卻枯乾；主作一切，
lyrics_bb_text/bb912.txt,2,里,我们灯里有油,我們燈裏有油,我們燈裏有油
lyrics_bb_text/bb912.txt,7,里,我们灯里有油，灵里焚烧，,我們燈裏有油，靈裏焚燒，,我們燈裏有油，靈裏焚燒，
lyrics_bb_text/bb912.txt,8,里,我们灯里有油，今朝！,我們燈裏有油，今朝！,我們燈裏有油，今朝！
lyrics_bb_text/bb912.txt,10,里,转到灵里，使油源源不绝，灯不熄。,轉到靈裏，使油源源不絕，燈不熄。,轉到靈裏，使油源源不絕，燈不熄。
lyrics_bb_text/bb912.txt,14,里,不断转回到灵里！,不斷轉回到靈裏！,不斷轉回到靈裏！
lyrics_bb_text/bb912.txt,18,致,你来时才不致蒙羞。主，,你來時纔不致蒙羞。主，,你來時纔不致蒙羞。主，
lyrics_bb_text/bb912.txt,32,发,来看我们充满且发光；主阿，快来！,來看我們充滿且發光；主阿，快來！,來看我們充滿且發光；主阿，快來！
lyrics_bb_text/bb913.txt,13,恶,因那忠仆随即买卖，恶仆却将银子埋。,因那忠僕隨即買賣，惡僕卻將銀子埋。,因那忠僕隨即買賣，惡僕卻將銀子埋。
lyrics_bb_text/bb913.txt,14,里,快将一千银子摆出，在召会里同经营；,快將一千銀子擺出，在召會裏同經營；,快將一千銀子擺出，在召會裏同經營；
lyrics_bb_text/bb913.txt,20,台钟,基督台前，审判钟点，主的公义威荣显，,基督臺前，審判鐘點，主的公義威榮顯，,基督台前，審判鐘點，主的公義威榮顯，
lyrics_bb_text/bb914.txt,9,尽,那聪明的油是充满，那愚拙的油却将尽；,那聰明的油是充滿，那愚拙的油卻將盡；,那聰明的油是充滿，那愚拙的油卻將盡；
lyrics_bb_text/bb914.txt,21,里,哦主，求你扎根生长，扩展到我的魂里去；,哦主，求你紮根生長，擴展到我的魂裏去；,哦主，求你紮根生長，擴展到我的魂裏去；
lyrics_bb_text/bb914.txt,28,面,主，使我们活你面前，如同那些聪明童女！,主，使我們活你面前，如同那些聰明童女！,主，使我們活你面前，如同那些聰明童女！
lyrics_bb_text/bb915.txt,19,里,我们以撒在父家里，已经预备好帐幕，,我們以撒在父家裏，已經預備好帳幕，,我們以撒在父家裏，已經預備好帳幕，
lyrics_bb_text/bb915.txt,25,尽面,不久脱尽斑点皱纹，面见我们主耶稣，,不久脫盡斑點皺紋，面見我們主耶穌，,不久脱盡斑點皺紋，面見我們主耶穌，
lyrics_bb_text/bb916.txt,10,面,救恩高墙四面环绕，永向仇敌显光荣。,救恩高牆四面環繞，永向仇敵顯光榮。,救恩高牆四面環繞，永向仇敵顯光榮。
lyrics_bb_text/bb916.txt,15,干,水河所至，干渴绝迹，且有恩典施眷顾；,水河所至，乾渴絕跡，且有恩典施眷顧；,水河所至，乾渴絕跡，且有恩典施眷顧；
lyrics_bb_text/bb917.txt,10,发,请听夜半主发呼声：“看哪，我必快来”！,請聽夜半主發呼聲：“看哪，我必快來”！,請聽夜半主發呼聲：“看哪，我必快來”！
lyrics_bb_text/bb917.txt,19,后,当在末后年日，持守见证不移；,當在末後年日，持守見證不移；,當在末後年日，持守見證不移；
lyrics_bb_text/bb917.txt,32,历后,历经风暴，通过考验，绝不退后、心变？,歷經風暴，通過考驗，絕不退後、心變？,歷經風暴，通過考驗，絕不退後、心變？
lyrics_bb_text/bb917.txt,37,尽,应当加紧脚步，尽管黑暗四布；,應當加緊腳步，儘管黑暗四布；,應當加緊腳步，儘管黑暗四布；
lyrics_bb_text/bb917.txt,39,征,终将撒但征服，迎接再临基督；,終將撒但征服，迎接再臨基督；,終將撒但征服，迎接再臨基督；
lyrics_bb_text/bb918.txt,8,尽,一事我心深确知，尽管我主迟延：,一事我心深確知，儘管我主遲延：,一事我心深確知，儘管我主遲延：
lyrics_bb_text/bb918.txt,14,只尽,一心只想迎见祂─也许在日尽前，,一心只想迎見祂─也許在日盡前，,一心只想迎見祂─也許在日盡前，
lyrics_bb_text/bb919.txt,8,于,按祂形像我们被造，将祂权柄显于地。,按祂形像我們被造，將祂權柄顯於地。,按祂形像我們被造，將祂權柄顯於地。
lyrics_bb_text/bb919.txt,15,后,并非宗教人士所说，死后才能进国度；,並非宗教人士所說，死後纔能進國度；,並非宗教人士所説，死後纔能進國度；
lyrics_bb_text/bb919.txt,20,里,今成那灵进入人里，作为赐生命之气。,今成那靈進入人裏，作為賜生命之氣。,今成那靈進入人裏，作為賜生命之氣。
lyrics_bb_text/bb919.txt,21,里,祂是小小生命子粒，生根在人的灵里；,祂是小小生命子粒，生根在人的靈裏；,祂是小小生命子粒，生根在人的靈裏；
lyrics_bb_text/bb919.txt,22,里,从里到外，不住扩展，直到生命全漫溢。,從裏到外，不住擴展，直到生命全漫溢。,從裏到外，不住擴展，直到生命全漫溢。
lyrics_bb_text/bb919.txt,26,借,借着生命长大成熟，我们催促祂脚步。,藉著生命長大成熟，我們催促祂腳步。,藉着生命長大成熟，我們催促祂腳步。
lyrics_bb_text/bb919.txt,27,斗,不再挣扎，不再奋斗，要灵中转向主；,不再掙扎，不再奮鬥，要靈中轉向主；,不再掙扎，不再奮鬥，要靈中轉向主；
lyrics_bb_text/bb919.txt,28,只,凡事长入元首基督，只生命种子成国度。,凡事長入元首基督，只生命種子成國度。,凡事長入元首基督，只生命種子成國度。
lyrics_bb_text/bb919.txt,33,发,哦，让我们发展、取用，生命种子的丰富；,哦，讓我們發展、取用，生命種子的豐富；,哦，讓我們發展、取用，生命種子的豐富；
lyrics_bb_text/bb920.txt,16,松,一他连得不藏匿，克服松懒的己意，凭主事奉不乏力─要及时！,一他連得不藏匿，克服松懶的己意，憑主事奉不乏力─要及時！,一他連得不藏匿，克服松懶的己意，憑主事奉不乏力─要及時！
lyrics_bb_text/bb920.txt,24,尽,与主联结成为一，胜过所有的死寂，奔向标竿尽全力─要及时！,與主聯結成為一，勝過所有的死寂，奔向標竿盡全力─要及時！,與主聯結成為一，勝過所有的死寂，奔向標竿盡全力─要及時！
lyrics_bb_text/bb921.txt,7,里,神在子里成为肉身，乃神所赐宏恩：,神在子裏成為肉身，乃神所賜宏恩：,神在子裏成為肉身，乃神所賜宏恩：
lyrics_bb_text/bb921.txt,8,尽,基督丰富享受不尽，供应全备常新。,基督豐富享受不盡，供應全備常新。,基督豐富享受不盡，供應全備常新。
lyrics_bb_text/bb921.txt,9,尽,此恩浩大，超人能度，奇妙，难尽述说；,此恩浩大，超人能度，奇妙，難盡述說；,此恩浩大，超人能度，奇妙，難盡述説；
lyrics_bb_text/bb921.txt,19,松,番石榴树代替蒺藜，松树顶替荆棘；,番石榴樹代替蒺藜，松樹頂替荊棘；,番石榴樹代替蒺藜，松樹頂替荊棘；
lyrics_bb_text/bb921.txt,21,发,大山小山发声欢呼，树木拍掌鼓舞；,大山小山發聲歡呼，樹木拍掌鼓舞；,大山小山發聲歡呼，樹木拍掌鼓舞；
lyrics_bb_text/bb921.txt,25,致,神的深恩细致陶甄，每日作工我身；,神的深恩細緻陶甄，每日作工我身；,神的深恩細緻陶甄，每日作工我身；
lyrics_bb_text/bb921.txt,26,尽,分赐之工今虽藏隐，那日要显无尽。,分賜之工今雖藏隱，那日要顯無盡。,分賜之工今雖藏隱，那日要顯無盡。
lyrics_bb_text/bb921.txt,33,云恶,恶者虽曾肆无忌惮，终如烟消云散；,惡者雖曾肆無忌憚，終如煙消雲散；,惡者雖曾肆無忌憚，終如煙消雲散；
lyrics_bb_text/bb921.txt,39,尽,惟愿今日生活点滴，尽是恩典滴沥；,惟願今日生活點滴，盡是恩典滴瀝；,惟願今日生活點滴，盡是恩典滴瀝；
lyrics_bb_text/bb921.txt,40,里,是神自己加添我里，那日光荣无比。,是神自己加添我裏，那日光榮無比。,是神自己加添我裏，那日光榮無比。
lyrics_bb_text/bb922.txt,9,历,藉主的话转向主，时刻经历救恩。,藉主的話轉向主，時刻經歷救恩。,藉主的話轉向主，時刻經歷救恩。
lyrics_bb_text/bb922.txt,13,后,这爱在末后日子，更洋溢布开；,這愛在末後日子，更洋溢布開；,這愛在末後日子，更洋溢布開；
lyrics_bb_text/bb922.txt,31,里,蒙祂圣别保守，遍及全人里外；,蒙祂聖別保守，遍及全人裏外；,蒙祂聖別保守，遍及全人裏外；
lyrics_bb_text/bb923.txt,15,面,时日飞逝如箭，不久要见你面─阿们，我主，愿你快回！,時日飛逝如箭，不久要見你面─阿們，我主，願你快回！,時日飛逝如箭，不久要見你面─阿們，我主，願你快回！
lyrics_bb_text/bb923.txt,16,只,只盼早日见你，并且永远偕你─我们全心别无所归。,只盼早日見你，並且永遠偕你─我們全心別無所歸。,只盼早日見你，並且永遠偕你─我們全心別無所歸。
lyrics_bb_text/bb923.txt,20,尽,祈求终变感赞，渴望尽成眼见，主，你也必心满意足。,祈求終變感讚，渴望盡成眼見，主，你也必心滿意足。,祈求終變感讚，渴望盡成眼見，主，你也必心滿意足。
lyrics_bb_text/bb924.txt,2,后,与基督同作后嗣,與基督同作後嗣,與基督同作後嗣
lyrics_bb_text/bb924.txt,7,里,今在灵里，在召会中，得见异象，高、深、长、阔：,今在靈裏，在召會中，得見異象，高、深、長、闊：,今在靈裏，在召會中，得見異象，高、深、長、闊：
lyrics_bb_text/bb924.txt,16,后,竟需我们得着救恩，同为后嗣显祂荣耀。,竟需我們得著救恩，同為後嗣顯祂榮耀。,竟需我們得着救恩，同為後嗣顯祂榮耀。
lyrics_bb_text/bb924.txt,20,后,祂已立子作祂后嗣，执掌祂的神圣行政。,祂已立子作祂後嗣，執掌祂的神聖行政。,祂已立子作祂後嗣，執掌祂的神聖行政。
lyrics_bb_text/bb924.txt,24,后,乃是长子率众弟兄，同作后嗣，定命与共。,乃是長子率眾弟兄，同作後嗣，定命與共。,乃是長子率眾弟兄，同作後嗣，定命與共。
lyrics_bb_text/bb924.txt,27,后,为着够格作神后嗣，我们必须长大成熟，,為著夠格作神後嗣，我們必須長大成熟，,為着夠格作神後嗣，我們必須長大成熟，
lyrics_bb_text/bb924.txt,31,后,作神后嗣，随同长兄，承受万有，丰富无缺；,作神後嗣，隨同長兄，承受萬有，豐富無缺；,作神後嗣，隨同長兄，承受萬有，豐富無缺；
lyrics_bb_text/bb924.txt,35,里,今在灵里，在召会中，得见我们呼召、盼望：,今在靈裏，在召會中，得見我們呼召、盼望：,今在靈裏，在召會中，得見我們呼召、盼望：
lyrics_bb_text/bb925.txt,27,于,心中各房让祂安家，始于中心达圆周；,心中各房讓祂安家，始於中心達圓周；,心中各房讓祂安家，始於中心達圓周；
lyrics_bb_text/bb925.txt,28,志,更新心思、情感、意志，每一部分祂浸透。,更新心思、情感、意志，每一部分祂浸透。,更新心思、情感、意志，每一部分祂浸透。
lyrics_bb_text/bb925.txt,31,里,在生命中同被建造，爱里联结成为一；,在生命中同被建造，愛裏聯結成為一；,在生命中同被建造，愛裏聯結成為一；
lyrics_bb_text/bb925.txt,33,里,愿主扩长，我们衰减，让祂建造我们里；,願主擴長，我們衰減，讓祂建造我們裏；,願主擴長，我們衰減，讓祂建造我們裏；
lyrics_bb_text/bb925.txt,37,于里,最终召会，身体，新人，要显现于荣耀里；,最終召會，身體，新人，要顯現於榮耀裏；,最終召會，身體，新人，要顯現於榮耀裏；
lyrics_bb_text/bb925.txt,39,尽,神终得着团体器皿，将祂荣耀尽陈明─,神終得著團體器皿，將祂榮耀盡陳明─,神終得着團體器皿，將祂榮耀盡陳明─
lyrics_bb_text/bb926.txt,7,历,历经世代未停歇，向前直奔流。,歷經世代未停歇，向前直奔流。,歷經世代未停歇，向前直奔流。
lyrics_bb_text/bb926.txt,14,历,深入的探究，经历中享受，妆饰并预备祂荣美新妇；,深入的探究，經歷中享受，妝飾並預備祂榮美新婦；,深入的探究，經歷中享受，妝飾並預備祂榮美新婦；
lyrics_bb_text/bb926.txt,29,里,主爱激励我们献自己，蒙召投身时代水流里：,主愛激勵我們獻自己，蒙召投身時代水流裏：,主愛激勵我們獻自己，蒙召投身時代水流裏：
lyrics_bb_text/bb926.txt,30,复,启示高举，神人生活照神牧养，达“新的复兴”；,啟示高舉，神人生活照神牧養，達“新的復興”；,啓示高舉，神人生活照神牧養，達“新的復興”；
lyrics_bb_text/bb926.txt,32,里,葡萄园里，献上爱情，香草山上催促我主快临！,葡萄園裏，獻上愛情，香草山上催促我主快臨！,葡萄園裏，獻上愛情，香草山上催促我主快臨！
lyrics_bb_text/bb926.txt,34,里,主爱激励我们献自己，蒙召投身时代水流里：,主愛激勵我們獻自己，蒙召投身時代水流裏：,主愛激勵我們獻自己，蒙召投身時代水流裏：
lyrics_bb_text/bb926.txt,35,复,启示高举，神人生活照神牧养，达“新的复兴”；,啟示高舉，神人生活照神牧養，達“新的復興”；,啓示高舉，神人生活照神牧養，達“新的復興”；
lyrics_bb_text/bb926.txt,36,里,“荣耀托付”引我们前行，同着良人开展到全地，葡萄园里，,“榮耀託付”引我們前行，同著良人開展到全地，葡萄園裏，,“榮耀託付”引我們前行，同着良人開展到全地，葡萄園裏，
lyrics_bb_text/bb927.txt,9,借,祂就是万有、内住的基督，借着主话作我们食物。,祂就是萬有、內住的基督，藉著主話作我們食物。,祂就是萬有、內住的基督，藉着主話作我們食物。
lyrics_bb_text/bb927.txt,12,复,有父圣别的性情，有子复活的生命，,有父聖別的性情，有子復活的生命，,有父聖別的性情，有子復活的生命，
lyrics_bb_text/bb928.txt,17,于,所得福分完完全全是本于恩，,所得福分完完全全是本於恩，,所得福分完完全全是本於恩，
lyrics_bb_text/bb928.txt,18,借,我因信，借着应许而生，,我因信，藉著應許而生，,我因信，藉着應許而生，
lyrics_bb_text/bb928.txt,19,于,同来得着儿子名分，出于撒冷；,同來得著兒子名分，出於撒冷；,同來得着兒子名分，出於撒冷；
lyrics_bb_text/bb928.txt,28,尽,从开始，尽是恩典故事，,從開始，盡是恩典故事，,從開始，盡是恩典故事，
lyrics_bb_text/bb928.txt,30,后,愿今后，向着我们更洋溢扩增，,願今後，向著我們更洋溢擴增，,願今後，向着我們更洋溢擴增，
lyrics_bb_text/bb928.txt,33,借,借着圣城神得彰显，永永远远。,藉著聖城神得彰顯，永永遠遠。,藉着聖城神得彰顯，永永遠遠。
lyrics_bb_text/bb929.txt,13,借,我们的盼望就是借着,我們的盼望就是藉著,我們的盼望就是藉着
lyrics_bb_text/bb930.txt,8,面,精明童女儆醒预备不稍怠，切切等候面见新郎风采。,精明童女儆醒預備不稍怠，切切等候面見新郎風采。,精明童女儆醒預備不稍怠，切切等候面見新郎風采。
lyrics_bb_text/bb930.txt,13,里,主，助我们，黄金岁月全赎回；属天膏油，器皿里常预备。,主，助我們，黃金歲月全贖回；屬天膏油，器皿裏常預備。,主，助我們，黃金歲月全贖回；屬天膏油，器皿裏常預備。
lyrics_bb_text/bb930.txt,22,松,应当儆醒，无一刻松懒随便；朝思暮想，惟盼新郎归旋。,應當儆醒，無一刻松懶隨便；朝思暮想，惟盼新郎歸旋。,應當儆醒，無一刻松懶隨便；朝思暮想，惟盼新郎歸旋。
lyrics_bb_text/bb930.txt,25,发里,同众童女，欢喜出去迎新郎；灵里焚烧，灯都发光剔亮；,同眾童女，歡喜出去迎新郎；靈裏焚燒，燈都發光剔亮；,同眾童女，歡喜出去迎新郎；靈裏焚燒，燈都發光剔亮；
lyrics_db_text/db1.txt,7,于,但愿荣耀归于圣父，并圣子基督，,但願榮耀歸於聖父，並聖子基督，,但願榮耀歸於聖父，並聖子基督，
lyrics_db_text/db1.txt,8,于,且愿荣耀归于圣灵到永古。,且願榮耀歸於聖靈到永古。,且願榮耀歸於聖靈到永古。
lyrics_db_text/db1.txt,11,制,当我观赏广大创造，神智所制订，,當我觀賞廣大創造，神智所制訂，,當我觀賞廣大創造，神智所制訂，
lyrics_db_text/db1.txt,16,里,今在子里对你赞美，并赏识。,今在子裏對你讚美，並賞識。,今在子裏對你讚美，並賞識。
lyrics_db_text/db1.txt,23,借,因此借着基督救赎，既将敌全克，,因此藉著基督救贖，既將敵全克，,因此藉着基督救贖，既將敵全克，
lyrics_db_text/db1.txt,24,里,在新造里你就带来敬拜者。,在新造裏你就帶來敬拜者。,在新造裏你就帶來敬拜者。
lyrics_db_text/db1.txt,27,于,但愿荣耀归于圣父，并圣子基督，,但願榮耀歸於聖父，並聖子基督，,但願榮耀歸於聖父，並聖子基督，
lyrics_db_text/db1.txt,28,于,且愿荣耀归于圣灵到永古。,且願榮耀歸於聖靈到永古。,且願榮耀歸於聖靈到永古。
lyrics_db_text/db100.txt,2,复,赞美主－他的复活,讚美主－他的復活,讚美主－他的復活
lyrics_db_text/db100.txt,7,复,主已复活，死的审判已过；,主已復活，死的審判已過；,主已復活，死的審判已過；
lyrics_db_text/db100.txt,8,里面,在他里面，死亡难再淹没。,在他裏面，死亡難再淹沒。,在他裏面，死亡難再淹沒。
lyrics_db_text/db100.txt,9,复,主已复活，我今不再定罪；,主已復活，我今不再定罪；,主已復活，我今不再定罪；
lyrics_db_text/db100.txt,13,复,主已复活，我也同他复活；,主已復活，我也同他復活；,主已復活，我也同他復活；
lyrics_db_text/db100.txt,15,复,主已复活，我得脱离死寨；,主已復活，我得脫離死寨；,主已復活，我得脱離死寨；
lyrics_db_text/db100.txt,16,复里面,在他里面，复活生命倚赖。,在他裏面，復活生命倚賴。,在他裏面，復活生命倚賴。
lyrics_db_text/db100.txt,19,复,主已复活，我已得蒙拯救，,主已復活，我已得蒙拯救，,主已復活，我已得蒙拯救，
lyrics_db_text/db100.txt,21,复,主已复活，我得进至圣所，,主已復活，我得進至聖所，,主已復活，我得進至聖所，
lyrics_db_text/db100.txt,22,面,与他一同在神面光生活。,與他一同在神面光生活。,與他一同在神面光生活。
lyrics_db_text/db100.txt,25,复,主已复活，作了幔内先锋，,主已復活，作了幔內先鋒，,主已復活，作了幔內先鋒，
lyrics_db_text/db100.txt,27,复,主已复活，我要高唱凯歌：,主已復活，我要高唱凱歌：,主已復活，我要高唱凱歌：
lyrics_db_text/db101.txt,2,复,赞美主－祂的复活,讚美主－祂的復活,讚美主－祂的復活
lyrics_db_text/db101.txt,7,复,基督复活！阿利路亚！得胜的主已复活；,基督復活！阿利路亞！得勝的主已復活；,基督復活！阿利路亞！得勝的主已復活；
lyrics_db_text/db101.txt,9,面,我心感戴，向祂敬拜，因祂面光又重显；,我心感戴，向祂敬拜，因祂面光又重顯；,我心感戴，向祂敬拜，因祂面光又重顯；
lyrics_db_text/db101.txt,12,复,基督复活！阿利路亚！得胜的主已复活；,基督復活！阿利路亞！得勝的主已復活；,基督復活！阿利路亞！得勝的主已復活；
lyrics_db_text/db101.txt,16,复,基督复活！何等欢欣！地上艰苦都过去；,基督復活！何等歡欣！地上艱苦都過去；,基督復活！何等歡欣！地上艱苦都過去；
lyrics_db_text/db101.txt,18,复征,死亡阴间全都征服，复活作了得胜者；,死亡陰間全都征服，復活作了得勝者；,死亡陰間全都征服，復活作了得勝者；
lyrics_db_text/db101.txt,22,复,基督复活，何等超脱！死亡、阴间难困我；,基督復活，何等超脫！死亡、陰間難困我；,基督復活，何等超脱！死亡、陰間難困我；
lyrics_db_text/db101.txt,25,复,复活之日应该欢畅，兴起来赴这筵席。,復活之日應該歡暢，興起來赴這筵席。,復活之日應該歡暢，興起來赴這筵席。
lyrics_db_text/db102.txt,2,复,赞美主－他的复活,讚美主－他的復活,讚美主－他的復活
lyrics_db_text/db102.txt,7,复,救主基督已复活，阿利路亚！,救主基督已復活，阿利路亞！,救主基督已復活，阿利路亞！
lyrics_db_text/db102.txt,15,复,他曾死过又复生，阿利路亚！,他曾死過又復生，阿利路亞！,他曾死過又復生，阿利路亞！
lyrics_db_text/db102.txt,25,复,我们与他同复活，阿利路亚！,我們與他同復活，阿利路亞！,我們與他同復活，阿利路亞！
lyrics_db_text/db103.txt,2,复,赞美主－他的复活,讚美主－他的復活,讚美主－他的復活
lyrics_db_text/db103.txt,15,发只复,欢呼！耶稣已经复活，未损毫发，只增荣耀；,歡呼！耶穌已經復活，未損毫髮，只增榮耀；,歡呼！耶穌已經復活，未損毫髮，只增榮耀；
lyrics_db_text/db103.txt,23,复,神用复活答覆流血，承认流血所成救赎；,神用復活答覆流血，承認流血所成救贖；,神用復活答覆流血，承認流血所成救贖；
lyrics_db_text/db104.txt,2,复,赞美主－祂的复活,讚美主－祂的復活,讚美主－祂的復活
lyrics_db_text/db104.txt,13,冲复,你已冲破坟墓，从死复活；,你已衝破墳墓，從死復活；,你已衝破墳墓，從死復活；
lyrics_db_text/db105.txt,2,复,赞美主－祂的复活,讚美主－祂的復活,讚美主－祂的復活
lyrics_db_text/db105.txt,7,复,阿利路亚，‘祂已复活’！,阿利路亞，‘祂已復活’！,阿利路亞，‘祂已復活’！
lyrics_db_text/db105.txt,9,复,天使欢呼，人响应；祂已复活，祂已复活，,天使歡呼，人響應；祂已復活，祂已復活，,天使歡呼，人響應；祂已復活，祂已復活，
lyrics_db_text/db105.txt,10,复,祂今活著作生命。祂已复活，祂已复活，,祂今活著作生命。祂已復活，祂已復活，,祂今活著作生命。祂已復活，祂已復活，
lyrics_db_text/db105.txt,14,复,阿利路亚，祂已复活！作我高举的元首！,阿利路亞，祂已復活！作我高舉的元首！,阿利路亞，祂已復活！作我高舉的元首！
lyrics_db_text/db105.txt,16,复,祂已复活，祂已复活，使我称义蒙拯救。,祂已復活，祂已復活，使我稱義蒙拯救。,祂已復活，祂已復活，使我稱義蒙拯救。
lyrics_db_text/db105.txt,19,复,阿利路亚，祂已复活！死亡永远失权势！,阿利路亞，祂已復活！死亡永遠失權勢！,阿利路亞，祂已復活！死亡永遠失權勢！
lyrics_db_text/db105.txt,20,复,基督自己就是复活，要救我们脱离死；,基督自己就是復活，要救我們脫離死；,基督自己就是復活，要救我們脱離死；
lyrics_db_text/db105.txt,21,复,祂已复活，祂已复活，一直活著作恩赐。,祂已復活，祂已復活，一直活著作恩賜。,祂已復活，祂已復活，一直活著作恩賜。
lyrics_db_text/db106.txt,2,复,赞美主－他的复活,讚美主－他的復活,讚美主－他的復活
lyrics_db_text/db106.txt,7,于复,荣耀归于你，复活得胜子，,榮耀歸於你，復活得勝子，,榮耀歸於你，復活得勝子，
lyrics_db_text/db106.txt,10,复,凭着你的空墓，你复活启示。,憑著你的空墓，你復活啟示。,憑着你的空墓，你復活啓示。
lyrics_db_text/db106.txt,12,于复,荣耀归于你，复活得胜子，,榮耀歸於你，復活得勝子，,榮耀歸於你，復活得勝子，
lyrics_db_text/db106.txt,16,复,看！复活基督，与我们相见；,看！復活基督，與我們相見；,看！復活基督，與我們相見；
lyrics_db_text/db106.txt,17,尽,他那可爱问安，驱尽惧与暗；,他那可愛問安，驅盡懼與暗；,他那可愛問安，驅盡懼與暗；
lyrics_db_text/db106.txt,24,余复,使我得胜有余，靠复活大能，,使我得勝有餘，靠復活大能，,使我得勝有餘，靠復活大能，
lyrics_db_text/db107.txt,2,复,赞美主－他的复活,讚美主－他的復活,讚美主－他的復活
lyrics_db_text/db107.txt,20,只,当日不过只一位，今日已变全召会。,當日不過只一位，今日已變全召會。,當日不過只一位，今日已變全召會。
lyrics_db_text/db108.txt,20,借,你借十架已经剪除今世背叛君王，,你借十架已經剪除今世背叛君王，,你借十架已經剪除今世背叛君王，
lyrics_db_text/db108.txt,21,借,并借你的生命大能，投入黑暗阴府，,並借你的生命大能，投入黑暗陰府，,並借你的生命大能，投入黑暗陰府，
lyrics_db_text/db109.txt,12,复,赞美、赞美基督复生！赞美基督已复生！,讚美、讚美基督復生！讚美基督已復生！,讚美、讚美基督復生！讚美基督已復生！
lyrics_db_text/db109.txt,14,冲复,冲破阴府残忍幽冥，显出复活的大能！,衝破陰府殘忍幽冥，顯出復活的大能！,衝破陰府殘忍幽冥，顯出復活的大能！
lyrics_db_text/db109.txt,23,复,阿利路亚，基督复生！阿利路亚，已复生！,阿利路亞，基督復生！阿利路亞，已復生！,阿利路亞，基督復生！阿利路亞，已復生！
lyrics_db_text/db11.txt,7,松,父神，你如青翠松树，永远常新不衰！,父神，你如青翠松樹，永遠常新不衰！,父神，你如青翠松樹，永遠常新不衰！
lyrics_db_text/db11.txt,11,尽,千万亿载仍是鲜新！尽管年日悠久。,千萬億載仍是鮮新！儘管年日悠久。,千萬億載仍是鮮新！儘管年日悠久。
lyrics_db_text/db110.txt,8,发,万万千千立即响应，和声爆发同颂扬。,萬萬千千立即響應，和聲爆發同頌揚。,萬萬千千立即響應，和聲爆發同頌揚。
lyrics_db_text/db110.txt,19,发,子所有的一切光辉，使父荣耀得发挥；,子所有的一切光輝，使父榮耀得發揮；,子所有的一切光輝，使父榮耀得發揮；
lyrics_db_text/db110.txt,23,借,借着圣灵无往不透，天人无数都无求，,藉著聖靈無往不透，天人無數都無求，,藉着聖靈無往不透，天人無數都無求，
lyrics_db_text/db110.txt,31,发,听哪，天上又发歌声，赞美声音又四震，,聽哪，天上又發歌聲，讚美聲音又四震，,聽哪，天上又發歌聲，讚美聲音又四震，
lyrics_db_text/db111.txt,18,里,召会的头，你坐那里，赐福给你所有肢体，,召會的頭，你坐那裏，賜福給你所有肢體，,召會的頭，你坐那裏，賜福給你所有肢體，
lyrics_db_text/db112.txt,8,云,乘驾彩云当祂车辇，归回天上的王宫；,乘駕彩雲當祂車輦，歸回天上的王宮；,乘駕彩雲當祂車輦，歸回天上的王宮；
lyrics_db_text/db112.txt,16,复,祂已忍受十架苦难，且从坟墓已复起；,祂已忍受十架苦難，且從墳墓已復起；,祂已忍受十架苦難，且從墳墓已復起；
lyrics_db_text/db112.txt,17,借,祂已除灭罪与撒但，借着死，借着死，,祂已除滅罪與撒但，藉著死，藉著死，,祂已除滅罪與撒但，藉着死，藉着死，
lyrics_db_text/db112.txt,18,借,借着祂死毁仇敌。,藉著祂死毀仇敵。,藉着祂死毀仇敵。
lyrics_db_text/db112.txt,25,面,得以进到神面前。,得以進到神面前。,得以進到神面前。
lyrics_db_text/db113.txt,12,历,你们历代殉道众圣，要从祭坛欢呼，,你們歷代殉道眾聖，要從祭壇歡呼，,你們歷代殉道眾聖，要從祭壇歡呼，
lyrics_db_text/db113.txt,16,后,你们被赎亚当后代，出身‘堕落’圣徒，,你們被贖亞當後代，出身‘墮落’聖徒，,你們被贖亞當後代，出身‘墮落’聖徒，
lyrics_db_text/db113.txt,21,面,今当到祂面前瞻望祂这万有之主。,今當到祂面前瞻望祂這萬有之主。,今當到祂面前瞻望祂這萬有之主。
lyrics_db_text/db115.txt,12,复,带着身体从死复活，仍然是人升天坐。,帶著身體從死復活，仍然是人升天坐。,帶着身體從死復活，仍然是人升天坐。
lyrics_db_text/db115.txt,15,里面,在祂里面神降为卑，神来地上同人处；,在祂裏面神降為卑，神來地上同人處；,在祂裏面神降為卑，神來地上同人處；
lyrics_db_text/db115.txt,16,里面,在祂里面人升为高，人到天上同神住。,在祂裏面人升為高，人到天上同神住。,在祂裏面人升為高，人到天上同神住。
lyrics_db_text/db115.txt,19,里,祂是真神与人调和，神在人里被宣告；,祂是真神與人調和，神在人裏被宣告；,祂是真神與人調和，神在人裏被宣告；
lyrics_db_text/db115.txt,20,里,祂是真人与神联合，人在神里得荣耀。,祂是真人與神聯合，人在神裏得榮耀。,祂是真人與神聯合，人在神裏得榮耀。
lyrics_db_text/db115.txt,28,借,借着这位耶稣的灵，基督肢体能同活。,藉著這位耶穌的靈，基督肢體能同活。,藉着這位耶穌的靈，基督肢體能同活。
lyrics_db_text/db116.txt,7,历,哦主耶稣，我心喜乐，因你为我所历坎坷，,哦主耶穌，我心喜樂，因你為我所歷坎坷，,哦主耶穌，我心喜樂，因你為我所歷坎坷，
lyrics_db_text/db116.txt,17,里,你在那里是作元首，等你肢体也同接受,你在那裏是作元首，等你肢體也同接受,你在那裏是作元首，等你肢體也同接受
lyrics_db_text/db116.txt,24,于,何等欢欣，当我想到宝座是属于你。,何等歡欣，當我想到寶座是屬於你。,何等歡欣，當我想到寶座是屬於你。
lyrics_db_text/db118.txt,12,于,你今领我饮于爱河，使我知其深广。,你今領我飲於愛河，使我知其深廣。,你今領我飲於愛河，使我知其深廣。
lyrics_db_text/db118.txt,23,于,十架于你虽是辱、死，在我却是生命！,十架於你雖是辱、死，在我卻是生命！,十架於你雖是辱、死，在我卻是生命！
lyrics_db_text/db119.txt,14,历尽,竟然卑取奴仆形状，历尽地上苦人生：,竟然卑取奴僕形狀，歷盡地上苦人生：,竟然卑取奴僕形狀，歷盡地上苦人生：
lyrics_db_text/db119.txt,16,尽,十字架上死的羞辱，甘愿受尽无所遗。,十字架上死的羞辱，甘願受盡無所遺。,十字架上死的羞辱，甘願受盡無所遺。
lyrics_db_text/db12.txt,8,面,天空、地面、万有无数无边，,天空、地面、萬有無數無邊，,天空、地面、萬有無數無邊，
lyrics_db_text/db12.txt,20,尽致,使我成为你新造，将你生命显得完全尽致；,使我成為你新造，將你生命顯得完全盡致；,使我成為你新造，將你生命顯得完全盡致；
lyrics_db_text/db12.txt,29,于,我得有分于新耶路撒冷，天地更新，,我得有分於新耶路撒冷，天地更新，,我得有分於新耶路撒冷，天地更新，
lyrics_db_text/db120.txt,11,里,神在人里活在地上，曾经成为奴仆；,神在人裏活在地上，曾經成為奴僕；,神在人裏活在地上，曾經成為奴僕；
lyrics_db_text/db120.txt,12,里,人在神里住在天上，尊为万有之主。,人在神裏住在天上，尊為萬有之主。,人在神裏住在天上，尊為萬有之主。
lyrics_db_text/db120.txt,15,里,你是那人在荣耀里，与神同坐宝座；,你是那人在榮耀裏，與神同坐寶座；,你是那人在榮耀裏，與神同坐寶座；
lyrics_db_text/db120.txt,24,里,在荣耀里，并在天上，得着宝座、权柄。,在榮耀裏，並在天上，得著寶座、權柄。,在榮耀裏，並在天上，得着寶座、權柄。
lyrics_db_text/db121.txt,9,于,加冠于他、加冠于他、加冠王中的至高。,加冠於他、加冠於他、加冠王中的至高。,加冠於他、加冠於他、加冠王中的至高。
lyrics_db_text/db121.txt,14,于,加冠于他、加冠于他、加冠神心所宝爱。,加冠於他、加冠於他、加冠神心所寶愛。,加冠於他、加冠於他、加冠神心所寶愛。
lyrics_db_text/db121.txt,19,于,加冠于他、加冠于他、加冠罪魁的恩人。,加冠於他、加冠於他、加冠罪魁的恩人。,加冠於他、加冠於他、加冠罪魁的恩人。
lyrics_db_text/db121.txt,24,于,加冠于他、加冠于他、加冠于那至高者！,加冠於他、加冠於他、加冠於那至高者！,加冠於他、加冠於他、加冠於那至高者！
lyrics_db_text/db122.txt,7,里,我们的灵伏着注视在荣耀里的耶稣，,我們的靈伏著注視在榮耀裏的耶穌，,我們的靈伏着注視在榮耀裏的耶穌，
lyrics_db_text/db122.txt,12,面,今日荣耀反面说出：当日你心的忧伤。,今日榮耀反面說出：當日你心的憂傷。,今日榮耀反面説出：當日你心的憂傷。
lyrics_db_text/db122.txt,20,面,我们从你憔悴面貌，现今看见父荣耀。,我們從你憔悴面貌，現今看見父榮耀。,我們從你憔悴面貌，現今看見父榮耀。
lyrics_db_text/db123.txt,8,面,我们现在全魂、全心，到你面前来朝觐；,我們現在全魂、全心，到你面前來朝覲；,我們現在全魂、全心，到你面前來朝覲；
lyrics_db_text/db123.txt,19,历,我仰望你、记念你，为我亲历忧患地。,我仰望你、記念你，為我親歷憂患地。,我仰望你、記念你，為我親歷憂患地。
lyrics_db_text/db125.txt,9,尽,你的国度无穷尽，你的宝座坚定！,你的國度無窮盡，你的寶座堅定！,你的國度無窮盡，你的寶座堅定！
lyrics_db_text/db125.txt,15,于,祂已将祂的权柄，完全委讬于你，,祂已將祂的權柄，完全委託於你，,祂已將祂的權柄，完全委託於你，
lyrics_db_text/db126.txt,21,历,但你却来成为奴仆，亲历忧患、痛苦。,但你卻來成為奴僕，親歷憂患、痛苦。,但你卻來成為奴僕，親歷憂患、痛苦。
lyrics_db_text/db126.txt,24,恶,你愿凡事都像世人，（除了罪恶无分），,你願凡事都像世人，（除了罪惡無分），,你願凡事都像世人，（除了罪惡無分），
lyrics_db_text/db126.txt,33,后,今后我们对你尊名，永要感激、恭敬。,今後我們對你尊名，永要感激、恭敬。,今後我們對你尊名，永要感激、恭敬。
lyrics_db_text/db127.txt,10,历,回加利利，居拿撒勒，历风霜；,回加利利，居拿撒勒，歷風霜；,回加利利，居拿撒勒，歷風霜；
lyrics_db_text/db127.txt,11,于,三十三载役于人，藐视、厌弃难当；,三十三載役於人，藐視、厭棄難當；,三十三載役於人，藐視、厭棄難當；
lyrics_db_text/db127.txt,20,面,舍身救世，面如坚石，前行壮；,捨身救世，面如堅石，前行壯；,捨身救世，面如堅石，前行壯；
lyrics_db_text/db127.txt,33,复,由死复活升天上，代祷犹如馨香；,由死復活升天上，代禱猶如馨香；,由死復活升天上，代禱猶如馨香；
lyrics_db_text/db127.txt,41,恶,敌虽凶恶不足惧，救恩为我城墙；,敵雖兇惡不足懼，救恩為我城牆；,敵雖兇惡不足懼，救恩為我城牆；
lyrics_db_text/db128.txt,7,面,我今俯伏主面前，我希奇主恩典！,我今俯伏主面前，我希奇主恩典！,我今俯伏主面前，我希奇主恩典！
lyrics_db_text/db128.txt,9,里,我本罪人贪世福，那里想到要主；,我本罪人貪世福，那裏想到要主；,我本罪人貪世福，那裏想到要主；
lyrics_db_text/db128.txt,13,恶,当时我心因罪恶，纠缠得真难过，,當時我心因罪惡，糾纏得真難過，,當時我心因罪惡，糾纏得真難過，
lyrics_db_text/db128.txt,21,恶,我的罪恶比人多，我为肉体活着，,我的罪惡比人多，我為肉體活著，,我的罪惡比人多，我為肉體活着，
lyrics_db_text/db128.txt,34,只,邀你青眼，使你喜，我就只得希奇！,邀你青眼，使你喜，我就只得希奇！,邀你青眼，使你喜，我就只得希奇！
lyrics_db_text/db128.txt,37,只,无祂，我今只能说：你是无故爱我！,無祂，我今只能說：你是無故愛我！,無祂，我今只能説：你是無故愛我！
lyrics_db_text/db128.txt,50,只,你虽为我离天庭，我对你只半心。,你雖為我離天庭，我對你只半心。,你雖為我離天庭，我對你只半心。
lyrics_db_text/db128.txt,55,里,当我想到这里时，我心若有所失，,當我想到這裏時，我心若有所失，,當我想到這裏時，我心若有所失，
lyrics_db_text/db128.txt,62,尽,受尽人世的艰辛，就是为此冷心！,受盡人世的艱辛，就是為此冷心！,受盡人世的艱辛，就是為此冷心！
lyrics_db_text/db128.txt,73,于,主阿，对于你大爱，我真明白不来，,主阿，對於你大愛，我真明白不來，,主阿，對於你大愛，我真明白不來，
lyrics_db_text/db128.txt,74,面,一面我希奇不迨，一面我要敬拜；,一面我希奇不迨，一面我要敬拜；,一面我希奇不迨，一面我要敬拜；
lyrics_db_text/db129.txt,21,后,但祂前走，不稍退后，,但祂前走，不稍退後，,但祂前走，不稍退後，
lyrics_db_text/db129.txt,33,面,我心所羡，是见祂面，,我心所羨，是見祂面，,我心所羨，是見祂面，
lyrics_db_text/db13.txt,9,后,你是昔在、今在、以后永在者；,你是昔在、今在、以後永在者；,你是昔在、今在、以後永在者；
lyrics_db_text/db130.txt,7,于,哦主，你爱何等深广！过于我所能测度！,哦主，你愛何等深廣！過於我所能測度！,哦主，你愛何等深廣！過於我所能測度！
lyrics_db_text/db130.txt,13,于,你爱所给、所作太多！过于我所能述说！,你愛所給、所作太多！過於我所能述說！,你愛所給、所作太多！過於我所能述説！
lyrics_db_text/db130.txt,21,历,你是我的生命、力量，你爱给我所经历；,你是我的生命、力量，你愛給我所經歷；,你是我的生命、力量，你愛給我所經歷；
lyrics_db_text/db130.txt,22,历,我是你的恩、爱对象，所经、所历全是你。,我是你的恩、愛對象，所經、所歷全是你。,我是你的恩、愛對象，所經、所歷全是你。
lyrics_db_text/db131.txt,18,干,但祂为着我们罪人，情愿喝干这苦杯。,但祂為著我們罪人，情願喝乾這苦杯。,但祂為着我們罪人，情願喝乾這苦杯。
lyrics_db_text/db131.txt,22,后,再后就是惨案末幕：神的波浪和洪涛，,再後就是慘案末幕：神的波浪和洪濤，,再後就是慘案末幕：神的波浪和洪濤，
lyrics_db_text/db132.txt,23,里面,高得使我天上坐，深得在我里面活，,高得使我天上坐，深得在我裏面活，,高得使我天上坐，深得在我裏面活，
lyrics_db_text/db134.txt,7,于,你的大爱，过于人所能度，,你的大愛，過於人所能度，,你的大愛，過於人所能度，
lyrics_db_text/db134.txt,13,于,你的慈爱，过于人所能论，,你的慈愛，過於人所能論，,你的慈愛，過於人所能論，
lyrics_db_text/db134.txt,20,于,你的奇爱，过于人所能赞，,你的奇愛，過於人所能讚，,你的奇愛，過於人所能讚，
lyrics_db_text/db134.txt,23,恶,因为恶性如我，也得恩湛，,因為惡性如我，也得恩湛，,因為惡性如我，也得恩湛，
lyrics_db_text/db134.txt,33,面,但我却能一再来你面前，求你怜恤、帮助，,但我卻能一再來你面前，求你憐恤、幫助，,但我卻能一再來你面前，求你憐恤、幫助，
lyrics_db_text/db134.txt,38,里,领我到天上永活的江河，让我用简单的信到那里，,領我到天上永活的江河，讓我用簡單的信到那裏，,領我到天上永活的江河，讓我用簡單的信到那裏，
lyrics_db_text/db134.txt,43,面,当我面对面看见我救主，当我在他的宝座前俯伏，,當我面對面看見我救主，當我在他的寶座前俯伏，,當我面對面看見我救主，當我在他的寶座前俯伏，
lyrics_db_text/db135.txt,11,尽,耶稣这名，慰我苦情，驱尽我的惊怯，,耶穌這名，慰我苦情，驅盡我的驚怯，,耶穌這名，慰我苦情，驅盡我的驚怯，
lyrics_db_text/db135.txt,15,历,祂因爱我，竟愿经历人世所有苦楚；,祂因愛我，竟願經歷人世所有苦楚；,祂因愛我，竟願經歷人世所有苦楚；
lyrics_db_text/db138.txt,27,复,你的复活似香料，满足神的心情。,你的復活似香料，滿足神的心情。,你的復活似香料，滿足神的心情。
lyrics_db_text/db14.txt,16,后,昔在、今在、以后常在，直到永远不变。,昔在、今在、以後常在，直到永遠不變。,昔在、今在、以後常在，直到永遠不變。
lyrics_db_text/db14.txt,23,后,你的恩赐和你选召，永远没有后悔；,你的恩賜和你選召，永遠沒有後悔；,你的恩賜和你選召，永遠沒有後悔；
lyrics_db_text/db14.txt,28,借,借此对你可靠救恩，我是万分确定。,藉此對你可靠救恩，我是萬分確定。,藉此對你可靠救恩，我是萬分確定。
lyrics_db_text/db14.txt,36,借,我今以你信实为粮，借享你的甘甜。,我今以你信實為糧，借享你的甘甜。,我今以你信實為糧，借享你的甘甜。
lyrics_db_text/db140.txt,24,发,从你那些‘象牙宫’中，发出对你的称赞。,從你那些‘象牙宮’中，發出對你的稱讚。,從你那些‘象牙宮’中，發出對你的稱讚。
lyrics_db_text/db141.txt,14,尽,世上并无一个妙音，能把你恩尽唱；,世上並無一個妙音，能把你恩盡唱；,世上並無一個妙音，能把你恩盡唱；
lyrics_db_text/db142.txt,13,干,新鲜、清凉、消干、解枯、,新鮮、清涼、消乾、解枯、,新鮮、清涼、消乾、解枯、
lyrics_db_text/db142.txt,19,发面,你的面容所发光辉，使我更感你美可贵：,你的面容所發光輝，使我更感你美可貴：,你的面容所發光輝，使我更感你美可貴：
lyrics_db_text/db144.txt,7,里,我们要从哪里说起，主，你所赐一切福气？,我們要從哪裏說起，主，你所賜一切福氣？,我們要從哪裏説起，主，你所賜一切福氣？
lyrics_db_text/db145.txt,13,尽,地上所有安逸，尽都是空穴；,地上所有安逸，盡都是空穴；,地上所有安逸，盡都是空穴；
lyrics_db_text/db145.txt,27,面,人若得见你面，是蒙了奇恩；,人若得見你面，是蒙了奇恩；,人若得見你面，是蒙了奇恩；
lyrics_db_text/db146.txt,8,只,我们若有千万舌头，诗歌只有一首。,我們若有千萬舌頭，詩歌只有一首。,我們若有千萬舌頭，詩歌只有一首。
lyrics_db_text/db146.txt,19,发,不久圣徒快要上升，同发赞美之声；,不久聖徒快要上升，同發讚美之聲；,不久聖徒快要上升，同發讚美之聲；
lyrics_db_text/db147.txt,7,于,荣耀归于我主，天地齐来欢呼，,榮耀歸於我主，天地齊來歡呼，,榮耀歸於我主，天地齊來歡呼，
lyrics_db_text/db147.txt,21,发,发出感恩诗歌，起来，口唱心和，,發出感恩詩歌，起來，口唱心和，,發出感恩詩歌，起來，口唱心和，
lyrics_db_text/db148.txt,19,于,低于天使，为我们作牺牲；,低於天使，為我們作犧牲；,低於天使，為我們作犧牲；
lyrics_db_text/db148.txt,20,后,女人后裔，曾如何亲临嚣尘，,女人後裔，曾如何親臨囂塵，,女人後裔，曾如何親臨囂塵，
lyrics_db_text/db149.txt,11,尽,我们满心感激不尽，前来称颂你尊名；,我們滿心感激不盡，前來稱頌你尊名；,我們滿心感激不盡，前來稱頌你尊名；
lyrics_db_text/db149.txt,19,后尽,耶稣，你是首先、末后，你要领我到尽头；,耶穌，你是首先、末後，你要領我到盡頭；,耶穌，你是首先、末後，你要領我到盡頭；
lyrics_db_text/db15.txt,16,只,现今你只能加宽宥，因无审判可加。,現今你只能加寬宥，因無審判可加。,現今你只能加寬宥，因無審判可加。
lyrics_db_text/db150.txt,7,里,哦主，你是何等包罗，我竟得在你里！,哦主，你是何等包羅，我竟得在你裏！,哦主，你是何等包羅，我竟得在你裏！
lyrics_db_text/db150.txt,16,里面,在你里面我得称义，再无何罪可究。,在你裏面我得稱義，再無何罪可究。,在你裏面我得稱義，再無何罪可究。
lyrics_db_text/db150.txt,20,里面,在你里面我被圣别，直到与你无差。,在你裏面我被聖別，直到與你無差。,在你裏面我被聖別，直到與你無差。
lyrics_db_text/db151.txt,8,于,灵中饮于你流活水，就得与你永联结。,靈中飲於你流活水，就得與你永聯結。,靈中飲於你流活水，就得與你永聯結。
lyrics_db_text/db151.txt,10,借,借着救赎，与你联合，无何能将我动摇。,藉著救贖，與你聯合，無何能將我動搖。,藉着救贖，與你聯合，無何能將我動搖。
lyrics_db_text/db151.txt,23,借,借着你这稳固根基，我们永远享安全。,藉著你這穩固根基，我們永遠享安全。,藉着你這穩固根基，我們永遠享安全。
lyrics_db_text/db151.txt,24,于,对于我们，在你之外，无人能立别根基；,對於我們，在你之外，無人能立別根基；,對於我們，在你之外，無人能立別根基；
lyrics_db_text/db152.txt,7,于,主，你于我何其丰富，你爱说出其度量！,主，你於我何其豐富，你愛說出其度量！,主，你於我何其豐富，你愛説出其度量！
lyrics_db_text/db152.txt,16,里面,你也是神真的圣殿，在你里面神住着。,你也是神真的聖殿，在你裏面神住著。,你也是神真的聖殿，在你裏面神住着。
lyrics_db_text/db152.txt,19,表,你乃是神独生爱子，永远将父来表明，,你乃是神獨生愛子，永遠將父來表明，,你乃是神獨生愛子，永遠將父來表明，
lyrics_db_text/db152.txt,52,里,生命之道，实际之路，将我带进荣耀里。,生命之道，實際之路，將我帶進榮耀裏。,生命之道，實際之路，將我帶進榮耀裏。
lyrics_db_text/db152.txt,55,复,主，你又是奇妙复活，所有死亡全胜过；,主，你又是奇妙復活，所有死亡全勝過；,主，你又是奇妙復活，所有死亡全勝過；
lyrics_db_text/db152.txt,56,借复,使我借你复活大能，与你同死并同活。,使我借你復活大能，與你同死並同活。,使我借你復活大能，與你同死並同活。
lyrics_db_text/db152.txt,63,致,你是杆上所挂铜蛇，救我脱离致死罪；,你是杆上所掛銅蛇，救我脫離致死罪；,你是杆上所掛銅蛇，救我脱離致死罪；
lyrics_db_text/db152.txt,68,借,借你我今已得自由，青草地上尝甘甜。,借你我今已得自由，青草地上嘗甘甜。,借你我今已得自由，青草地上嘗甘甜。
lyrics_db_text/db152.txt,72,尽,将我保守在你交通，享你恩爱无穷尽。,將我保守在你交通，享你恩愛無窮盡。,將我保守在你交通，享你恩愛無窮盡。
lyrics_db_text/db152.txt,76,于,饮于你这常新水流，得脱一切的困惫。,飲於你這常新水流，得脫一切的困憊。,飲於你這常新水流，得脱一切的困憊。
lyrics_db_text/db152.txt,79,里面,你是属天永生泉源，活水藏在你里面；,你是屬天永生泉源，活水藏在你裏面；,你是屬天永生泉源，活水藏在你裏面；
lyrics_db_text/db152.txt,80,干,喝了你这永生活水，不再干渴到永远。,喝了你這永生活水，不再乾渴到永遠。,喝了你這永生活水，不再乾渴到永遠。
lyrics_db_text/db152.txt,91,里,你是一粒神圣麦子，甘愿落到死地里，,你是一粒神聖麥子，甘願落到死地裏，,你是一粒神聖麥子，甘願落到死地裏，
lyrics_db_text/db152.txt,96,里,住在你里，与你联结，享受一切你所是。,住在你裏，與你聯結，享受一切你所是。,住在你裏，與你聯結，享受一切你所是。
lyrics_db_text/db152.txt,100,里,灵里与你成为一体，得享你爱的丰富。,靈裏與你成為一體，得享你愛的豐富。,靈裏與你成為一體，得享你愛的豐富。
lyrics_db_text/db152.txt,103,借,你是雅各所见天梯，借你天向地而开；,你是雅各所見天梯，借你天向地而開；,你是雅各所見天梯，借你天向地而開；
lyrics_db_text/db152.txt,104,于,靠你我们作神圣殿，地联于天无阻碍。,靠你我們作神聖殿，地聯於天無阻礙。,靠你我們作神聖殿，地聯於天無阻礙。
lyrics_db_text/db153.txt,16,里,你在天上，又在我里，凡事为我解决。,你在天上，又在我裏，凡事為我解決。,你在天上，又在我裏，凡事為我解決。
lyrics_db_text/db153.txt,20,里,天上辩护，我里叹息，代我向神求告。,天上辯護，我裏歎息，代我向神求告。,天上辯護，我裏歎息，代我向神求告。
lyrics_db_text/db153.txt,24,借复里面,借着复活生命大能，加强里面的人。,藉著復活生命大能，加強裏面的人。,藉着復活生命大能，加強裏面的人。
lyrics_db_text/db153.txt,31,借,借你爱怜，以你自己，永远服事、眷念；,借你愛憐，以你自己，永遠服事、眷念；,借你愛憐，以你自己，永遠服事、眷念；
lyrics_db_text/db154.txt,8,里,在父怀中并荣耀里，你是神的独生子。,在父懷中並榮耀裏，你是神的獨生子。,在父懷中並榮耀裏，你是神的獨生子。
lyrics_db_text/db154.txt,10,借表,为将父的所有丰满，借着圣灵来表扬。,為將父的所有豐滿，藉著聖靈來表揚。,為將父的所有豐滿，藉着聖靈來表揚。
lyrics_db_text/db154.txt,13,借复,借着你死并你复活，你就成为神长子；,藉著你死並你復活，你就成為神長子；,藉着你死並你復活，你就成為神長子；
lyrics_db_text/db154.txt,14,借,借着重生分赐生命，我们成为神众子。,藉著重生分賜生命，我們成為神眾子。,藉着重生分賜生命，我們成為神眾子。
lyrics_db_text/db154.txt,16,复,我们是你荣耀复本，是你神圣的扩充。,我們是你榮耀複本，是你神聖的擴充。,我們是你榮耀複本，是你神聖的擴充。
lyrics_db_text/db154.txt,19,里,你曾是那惟一麦粒，落到地里而死了；,你曾是那惟一麥粒，落到地裏而死了；,你曾是那惟一麥粒，落到地裏而死了；
lyrics_db_text/db154.txt,20,借复,借着死亡，并借复活，显出繁殖的荣耀。,藉著死亡，並借復活，顯出繁殖的榮耀。,藉着死亡，並借復活，顯出繁殖的榮耀。
lyrics_db_text/db154.txt,25,制复,我们是你的复制品、是你身体并新妇、,我們是你的複製品、是你身體並新婦、,我們是你的複製品、是你身體並新婦、
lyrics_db_text/db154.txt,26,表,是你表现、是你丰满，永远让你来居住。,是你表現、是你豐滿，永遠讓你來居住。,是你表現、是你豐滿，永遠讓你來居住。
lyrics_db_text/db154.txt,28,余,是你长成、是你富余，与你合一永无间。,是你長成、是你富餘，與你合一永無間。,是你長成、是你富餘，與你合一永無間。
lyrics_db_text/db155.txt,7,表,古时一切预表、影像，全都是你的描绘；,古時一切預表、影像，全都是你的描繪；,古時一切預表、影像，全都是你的描繪；
lyrics_db_text/db155.txt,8,于征表,正如这些所表所征，你今于我何宝贵！,正如這些所表所徵，你今於我何寶貴！,正如這些所表所徵，你今於我何寶貴！
lyrics_db_text/db155.txt,14,借,借你自己和你救赎，我们得与神和谐。,借你自己和你救贖，我們得與神和諧。,借你自己和你救贖，我們得與神和諧。
lyrics_db_text/db155.txt,21,征表,羔羊和饼都是预表，象征你是我生命；,羔羊和餅都是預表，象徵你是我生命；,羔羊和餅都是預表，象徵你是我生命；
lyrics_db_text/db155.txt,28,于,为我裂开，生命流；饮于你这生命活水，,為我裂開，生命流；飲於你這生命活水，,為我裂開，生命流；飲於你這生命活水，
lyrics_db_text/db155.txt,29,干,不再干渴到永久。,不再乾渴到永久。,不再乾渴到永久。
lyrics_db_text/db155.txt,34,余借,凭你丰余向神敬拜，并且借此相交通，,憑你豐餘向神敬拜，並且藉此相交通，,憑你豐餘向神敬拜，並且藉此相交通，
lyrics_db_text/db156.txt,8,面,你的荣耀面光照临，带来生命、平安。,你的榮耀面光照臨，帶來生命、平安。,你的榮耀面光照臨，帶來生命、平安。
lyrics_db_text/db156.txt,15,云,对我你像无云清晨，又如日出晨光；,對我你像無雲清晨，又如日出晨光；,對我你像無雲清晨，又如日出晨光；
lyrics_db_text/db156.txt,20,里面,在我里面越照越明，直至中天日午。,在我裏面越照越明，直至中天日午。,在我裏面越照越明，直至中天日午。
lyrics_db_text/db156.txt,23,后,清明光线照透苦难，犹如雨后晴光；,清明光線照透苦難，猶如雨後晴光；,清明光線照透苦難，猶如雨後晴光；
lyrics_db_text/db157.txt,11,余,我之所愿你全满足，绰绰有余，应付不已！,我之所願你全滿足，綽綽有餘，應付不已！,我之所願你全滿足，綽綽有餘，應付不已！
lyrics_db_text/db157.txt,23,于,甘心顺服以至于死，为使我们得救、蒙福。,甘心順服以至於死，為使我們得救、蒙福。,甘心順服以至於死，為使我們得救、蒙福。
lyrics_db_text/db157.txt,27,借,借着生命和爱掌权，带着我们一同治理。,藉著生命和愛掌權，帶著我們一同治理。,藉着生命和愛掌權，帶着我們一同治理。
lyrics_db_text/db158.txt,8,后,你前并无更前者，你后也无可加。,你前並無更前者，你後也無可加。,你前並無更前者，你後也無可加。
lyrics_db_text/db158.txt,10,里,万有包括在你里，你是万有之总。,萬有包括在你裏，你是萬有之總。,萬有包括在你裏，你是萬有之總。
lyrics_db_text/db158.txt,20,后,你是一切末后者，你来结束万有。,你是一切末後者，你來結束萬有。,你是一切末後者，你來結束萬有。
lyrics_db_text/db158.txt,22,后,你是一切末后者，万有靠你存在。,你是一切末後者，萬有靠你存在。,你是一切末後者，萬有靠你存在。
lyrics_db_text/db158.txt,34,后,敬拜你是终结者，你后何可加添？,敬拜你是終結者，你後何可加添？,敬拜你是終結者，你後何可加添？
lyrics_db_text/db159.txt,12,里,住在你里，靠你生活，得享你的富有。,住在你裏，靠你生活，得享你的富有。,住在你裏，靠你生活，得享你的富有。
lyrics_db_text/db159.txt,27,借,主，你也是大卫之枝，借成肉身而成；,主，你也是大衛之枝，借成肉身而成；,主，你也是大衞之枝，借成肉身而成；
lyrics_db_text/db159.txt,31,发,你是神的发芽之杖，含有无穷生命；,你是神的發芽之杖，含有無窮生命；,你是神的發芽之杖，含有無窮生命；
lyrics_db_text/db159.txt,32,复,死亡永远不能胜过你那复活大能。,死亡永遠不能勝過你那復活大能。,死亡永遠不能勝過你那復活大能。
lyrics_db_text/db159.txt,36,借,借你生命超越大能，得从死水起浮。,借你生命超越大能，得從死水起浮。,借你生命超越大能，得從死水起浮。
lyrics_db_text/db16.txt,12,借,公义是你宝座根基，和平借此得以建立，,公義是你寶座根基，和平藉此得以建立，,公義是你寶座根基，和平藉此得以建立，
lyrics_db_text/db16.txt,13,借,像你信实坚定！借着你这无比公义，,像你信實堅定！藉著你這無比公義，,像你信實堅定！藉着你這無比公義，
lyrics_db_text/db16.txt,18,借,救赎借此成就；当这救赎人肯信倚，,救贖藉此成就；當這救贖人肯信倚，,救贖藉此成就；當這救贖人肯信倚，
lyrics_db_text/db16.txt,27,尽,一日你要审判万民，将你公义显得完尽，,一日你要審判萬民，將你公義顯得完盡，,一日你要審判萬民，將你公義顯得完盡，
lyrics_db_text/db16.txt,28,借,借着我主基督；我们要靠你义站立，,藉著我主基督；我們要靠你義站立，,藉着我主基督；我們要靠你義站立，
lyrics_db_text/db160.txt,10,里,而你乃是神的实际，神在你里住着。,而你乃是神的實際，神在你裏住著。,而你乃是神的實際，神在你裏住着。
lyrics_db_text/db160.txt,13,表,约柜也是你的预表，其中仅有律法；,約櫃也是你的預表，其中僅有律法；,約櫃也是你的預表，其中僅有律法；
lyrics_db_text/db160.txt,14,里面,但你里面有神自己，带着一切安家。,但你裏面有神自己，帶著一切安家。,但你裏面有神自己，帶着一切安家。
lyrics_db_text/db160.txt,15,面,约柜乃用坚实木料，上面包金而造；,約櫃乃用堅實木料，上面包金而造；,約櫃乃用堅實木料，上面包金而造；
lyrics_db_text/db160.txt,16,表,预表你有正确人性，并有神性相调。,預表你有正確人性，並有神性相調。,預表你有正確人性，並有神性相調。
lyrics_db_text/db160.txt,19,里面,你也是那真实帐幕，有神住你里面；,你也是那真實帳幕，有神住你裏面；,你也是那真實帳幕，有神住你裏面；
lyrics_db_text/db160.txt,25,表,圣殿也是你的预表，你是神的真殿；,聖殿也是你的預表，你是神的真殿；,聖殿也是你的預表，你是神的真殿；
lyrics_db_text/db160.txt,26,于借,神带一切居住于你，借你得着彰显。,神帶一切居住於你，借你得著彰顯。,神帶一切居住於你，借你得着彰顯。
lyrics_db_text/db160.txt,27,于尽,撒但虽尽其力拆毁，将你置于死地，,撒但雖盡其力拆毀，將你置於死地，,撒但雖盡其力拆毀，將你置於死地，
lyrics_db_text/db160.txt,28,复里面,但你却在复活里面，更大之殿建起。,但你卻在復活裏面，更大之殿建起。,但你卻在復活裏面，更大之殿建起。
lyrics_db_text/db160.txt,31,征,圣城象征你的丰满，是你新妇小影；,聖城象徵你的豐滿，是你新婦小影；,聖城象徵你的豐滿，是你新婦小影；
lyrics_db_text/db160.txt,32,于,这是你的丰满扩充，出于你的丰盛。,這是你的豐滿擴充，出於你的豐盛。,這是你的豐滿擴充，出於你的豐盛。
lyrics_db_text/db160.txt,33,里,神在你里作城的光，你是城中明灯；,神在你裏作城的光，你是城中明燈；,神在你裏作城的光，你是城中明燈；
lyrics_db_text/db161.txt,7,于,哦主，于我你是何丰，是我一切一切；,哦主，於我你是何豐，是我一切一切；,哦主，於我你是何豐，是我一切一切；
lyrics_db_text/db161.txt,15,复,又像约拿，被神差遣，经过死而复活；,又像約拿，被神差遣，經過死而復活；,又像約拿，被神差遣，經過死而復活；
lyrics_db_text/db161.txt,16,借表,借这死与生的表记，使我相信悔过。,借這死與生的表記，使我相信悔過。,借這死與生的表記，使我相信悔過。
lyrics_db_text/db161.txt,38,征,为神争战，征服仇敌，神的心愿成全。,為神爭戰，征服仇敵，神的心願成全。,為神爭戰，征服仇敵，神的心願成全。
lyrics_db_text/db161.txt,46,于,将来要同我们作王，王权显于众前。,將來要同我們作王，王權顯於眾前。,將來要同我們作王，王權顯於眾前。
lyrics_db_text/db161.txt,52,尽,对你献上敬拜、赞美，永远感激不尽。,對你獻上敬拜、讚美，永遠感激不盡。,對你獻上敬拜、讚美，永遠感激不盡。
lyrics_db_text/db162.txt,7,后,我主，你是‘女人后裔’，,我主，你是‘女人後裔’，,我主，你是‘女人後裔’，
lyrics_db_text/db162.txt,9,借,为借受死得胜利。你乃是神成了肉身，,為借受死得勝利。你乃是神成了肉身，,為借受死得勝利。你乃是神成了肉身，
lyrics_db_text/db162.txt,10,借,穿上血肉的身体；你已借死毁坏魔鬼，,穿上血肉的身體；你已借死毀壞魔鬼，,穿上血肉的身體；你已借死毀壞魔鬼，
lyrics_db_text/db162.txt,14,后,照神应许，你已来作‘亚伯拉罕的后裔’，,照神應許，你已來作‘亞伯拉罕的後裔’，,照神應許，你已來作‘亞伯拉罕的後裔’，
lyrics_db_text/db162.txt,17,后,但为成就神的应许，你竟作了他后裔。,但為成就神的應許，你竟作了他後裔。,但為成就神的應許，你竟作了他後裔。
lyrics_db_text/db162.txt,20,后,主，你也是‘大卫后裔’，,主，你也是‘大衛後裔’，,主，你也是‘大衞後裔’，
lyrics_db_text/db162.txt,22,于后,宝座已经归于你。虽然你是‘大卫后裔’，,寶座已經歸於你。雖然你是‘大衛後裔’，,寶座已經歸於你。雖然你是‘大衞後裔’，
lyrics_db_text/db163.txt,19,里面,父愿一切的丰满，全都住你里面；,父願一切的豐滿，全都住你裏面；,父願一切的豐滿，全都住你裏面；
lyrics_db_text/db163.txt,21,借,你已借死使万有全都与神和好，,你已借死使萬有全都與神和好，,你已借死使萬有全都與神和好，
lyrics_db_text/db163.txt,26,于,所积智慧与知识全都居住于你。,所積智慧與知識全都居住於你。,所積智慧與知識全都居住於你。
lyrics_db_text/db163.txt,27,里面,你是荣耀的盼望，现今住我里面；,你是榮耀的盼望，現今住我裏面；,你是榮耀的盼望，現今住我裏面；
lyrics_db_text/db163.txt,38,尽里,将来同显荣耀里，尽享你的丰盛。,將來同顯榮耀裏，盡享你的豐盛。,將來同顯榮耀裏，盡享你的豐盛。
lyrics_db_text/db163.txt,39,里,在你身体－新人里，你是一切一切；,在你身體－新人裏，你是一切一切；,在你身體－新人裏，你是一切一切；
lyrics_db_text/db164.txt,7,表,☆恩主，你是神的儿子，是神完满的表现；,☆恩主，你是神的兒子，是神完滿的表現；,☆恩主，你是神的兒子，是神完滿的表現；
lyrics_db_text/db164.txt,8,借,借你，神向我们说话，将祂说得详而全。,借你，神向我們說話，將祂說得詳而全。,借你，神向我們説話，將祂説得詳而全。
lyrics_db_text/db164.txt,12,发,你也就是神的自己，是神自己的发挥。,你也就是神的自己，是神自己的發揮。,你也就是神的自己，是神自己的發揮。
lyrics_db_text/db164.txt,15,借,宇宙万有借你而造，也是由你来托住，,宇宙萬有借你而造，也是由你來托住，,宇宙萬有借你而造，也是由你來托住，
lyrics_db_text/db164.txt,24,复,神已叫你从死复活，显明你是祂儿子。,神已叫你從死復活，顯明你是祂兒子。,神已叫你從死復活，顯明你是祂兒子。
lyrics_db_text/db164.txt,32,借,借恩为我尝了死味，使我能有你生命。,借恩為我嘗了死味，使我能有你生命。,借恩為我嘗了死味，使我能有你生命。
lyrics_db_text/db164.txt,39,借,☆你已借死毁坏魔鬼，使我从死得释放；,☆你已借死毀壞魔鬼，使我從死得釋放；,☆你已借死毀壞魔鬼，使我從死得釋放；
lyrics_db_text/db164.txt,40,借,今借生命使我成圣，还要带我进荣光。,今借生命使我成聖，還要帶我進榮光。,今借生命使我成聖，還要帶我進榮光。
lyrics_db_text/db164.txt,47,于,☆好像造者之于房屋，你比摩西更尊荣；,☆好像造者之於房屋，你比摩西更尊榮；,☆好像造者之於房屋，你比摩西更尊榮；
lyrics_db_text/db164.txt,55,里,你是我们属天安息，现今住在我灵里；,你是我們屬天安息，現今住在我靈裏；,你是我們屬天安息，現今住在我靈裏；
lyrics_db_text/db164.txt,63,借,你是那真麦基洗德，借着生命的大能，,你是那真麥基洗德，藉著生命的大能，,你是那真麥基洗德，藉着生命的大能，
lyrics_db_text/db164.txt,67,借,你是我们更美祭物，借着永远的圣灵，,你是我們更美祭物，藉著永遠的聖靈，,你是我們更美祭物，藉着永遠的聖靈，
lyrics_db_text/db164.txt,71,借,☆更美之约你为我立，借着你的更美血；,☆更美之約你為我立，藉著你的更美血；,☆更美之約你為我立，藉着你的更美血；
lyrics_db_text/db164.txt,72,于借,借你我今得有分于这个可靠的新约。,借你我今得有分於這個可靠的新約。,借你我今得有分於這個可靠的新約。
lyrics_db_text/db164.txt,79,借复,你今更是其执行者，借着复活的生命；,你今更是其執行者，藉著復活的生命；,你今更是其執行者，藉着復活的生命；
lyrics_db_text/db164.txt,88,借,借信与爱，随你前行，向你我要永降服。,借信與愛，隨你前行，向你我要永降服。,借信與愛，隨你前行，向你我要永降服。
lyrics_db_text/db165.txt,13,于,你是馨香的燔祭，焚于神圣火焰；,你是馨香的燔祭，焚於神聖火焰；,你是馨香的燔祭，焚於神聖火焰；
lyrics_db_text/db165.txt,15,面,你曾行在神面前，神旨是你所顾；,你曾行在神面前，神旨是你所顧；,你曾行在神面前，神旨是你所顧；
lyrics_db_text/db165.txt,26,借,借死成功了救赎，为要将我赎回。,借死成功了救贖，為要將我贖回。,借死成功了救贖，為要將我贖回。
lyrics_db_text/db165.txt,31,复,你也是我的摇祭，已经从死复活，,你也是我的搖祭，已經從死復活，,你也是我的搖祭，已經從死復活，
lyrics_db_text/db166.txt,7,里,哦主，在你名里聚集，任何不见惟见你，,哦主，在你名裏聚集，任何不見惟見你，,哦主，在你名裏聚集，任何不見惟見你，
lyrics_db_text/db166.txt,15,于,父的喜悦、安息、喜乐，一切全都在于你；,父的喜悅、安息、喜樂，一切全都在於你；,父的喜悦、安息、喜樂，一切全都在於你；
lyrics_db_text/db166.txt,19,于,父将祂爱全置于你，称你作祂的爱子；,父將祂愛全置於你，稱你作祂的愛子；,父將祂愛全置於你，稱你作祂的愛子；
lyrics_db_text/db167.txt,8,干,你的活水我已尝，永不再渴再干。,你的活水我已嘗，永不再渴再乾。,你的活水我已嘗，永不再渴再乾。
lyrics_db_text/db167.txt,16,面,隐藏在你面光中，享受你的保守。,隱藏在你面光中，享受你的保守。,隱藏在你面光中，享受你的保守。
lyrics_db_text/db168.txt,8,面,我们的灵盼望最好当面见你丰采。,我們的靈盼望最好當面見你丰采。,我們的靈盼望最好當面見你丰采。
lyrics_db_text/db168.txt,11,干,虽然我们行在野地，寂寞、干渴、骇惊，,雖然我們行在野地，寂寞、乾渴、駭驚，,雖然我們行在野地，寂寞、乾渴、駭驚，
lyrics_db_text/db168.txt,12,后,左右荆棘，前后蒺藜，四围仇敌陷阱。,左右荊棘，前後蒺藜，四圍仇敵陷阱。,左右荊棘，前後蒺藜，四圍仇敵陷阱。
lyrics_db_text/db168.txt,16,里,我们因此心里明亮，赞美你恩不置。,我們因此心裏明亮，讚美你恩不置。,我們因此心裏明亮，讚美你恩不置。
lyrics_db_text/db168.txt,24,面,直到我们进入天门，面见你的荣形。,直到我們進入天門，面見你的榮形。,直到我們進入天門，面見你的榮形。
lyrics_db_text/db169.txt,33,制里,这爱将受什么限制？要到那里停止？,這愛將受什麼限制？要到那裏停止？,這愛將受什麼限制？要到那裏停止？
lyrics_db_text/db17.txt,15,后,公义要求账须清偿；当账已经清偿之后，,公義要求賬須清償；當賬已經清償之後，,公義要求賬須清償；當賬已經清償之後，
lyrics_db_text/db17.txt,20,只,也不能再要我解决，只能将我赦免、洁净。,也不能再要我解決，只能將我赦免、潔淨。,也不能再要我解決，只能將我赦免、潔淨。
lyrics_db_text/db17.txt,28,后,前者使我何等安息，后者使我充满安慰。,前者使我何等安息，後者使我充滿安慰。,前者使我何等安息，後者使我充滿安慰。
lyrics_db_text/db170.txt,8,发表,在此，我口都要欢乐发表；,在此，我口都要歡樂發表；,在此，我口都要歡樂發表；
lyrics_db_text/db170.txt,9,复,你这复活，作我福分的主，,你這復活，作我福分的主，,你這復活，作我福分的主，
lyrics_db_text/db170.txt,21,借复,借着复活生出许多弟兄，,藉著復活生出許多弟兄，,藉着復活生出許多弟兄，
lyrics_db_text/db170.txt,26,里面,在你里面我们一无所缺；,在你裏面我們一無所缺；,在你裏面我們一無所缺；
lyrics_db_text/db171.txt,7,只,耶稣，只要一想到你，我心就满甘甜；,耶穌，只要一想到你，我心就滿甘甜；,耶穌，只要一想到你，我心就滿甘甜；
lyrics_db_text/db171.txt,8,面,但这甘甜还远不及亲眼看见你面。,但這甘甜還遠不及親眼看見你面。,但這甘甜還遠不及親眼看見你面。
lyrics_db_text/db171.txt,27,干,你外我无别的源头能解我心干渴；,你外我無別的源頭能解我心乾渴；,你外我無別的源頭能解我心乾渴；
lyrics_db_text/db171.txt,28,干,无穷宝泉！活水涌流！别流全都干涸。,無窮寶泉！活水湧流！別流全都乾涸。,無窮寶泉！活水湧流！別流全都乾涸。
lyrics_db_text/db172.txt,24,尽恶,驱尽黑暗罪恶之思，向我倒下你的圣光。,驅盡黑暗罪惡之思，向我倒下你的聖光。,驅盡黑暗罪惡之思，向我倒下你的聖光。
lyrics_db_text/db174.txt,9,表,桌上陈设这饼和杯，都是表明你的爱；,桌上陳設這餅和杯，都是表明你的愛；,桌上陳設這餅和杯，都是表明你的愛；
lyrics_db_text/db174.txt,13,历,我们记念你曾临世，成了奴仆历艰苦；,我們記念你曾臨世，成了奴僕歷艱苦；,我們記念你曾臨世，成了奴僕歷艱苦；
lyrics_db_text/db175.txt,8,尽,你为我流的宝血，价值谁能尽领会！,你為我流的寶血，價值誰能盡領會！,你為我流的寶血，價值誰能盡領會！
lyrics_db_text/db175.txt,13,借,借这有效的宝血，新约为我得成立；,借這有效的寶血，新約為我得成立；,借這有效的寶血，新約為我得成立；
lyrics_db_text/db175.txt,21,尽,用你有力洁净血，你将我罪已洗尽；,用你有力潔淨血，你將我罪已洗盡；,用你有力潔淨血，你將我罪已洗盡；
lyrics_db_text/db175.txt,25,借,借你分别的宝血，我们都已得成圣；,借你分別的寶血，我們都已得成聖；,借你分別的寶血，我們都已得成聖；
lyrics_db_text/db175.txt,26,借,借你保守的宝血，圣别成为我见证。,借你保守的寶血，聖別成為我見證。,借你保守的寶血，聖別成為我見證。
lyrics_db_text/db175.txt,27,借,借你赎罪的宝血，我们都已得称义；,借你贖罪的寶血，我們都已得稱義；,借你贖罪的寶血，我們都已得稱義；
lyrics_db_text/db175.txt,28,借,借你救赎的宝血，我得与神无距离。,借你救贖的寶血，我得與神無距離。,借你救贖的寶血，我得與神無距離。
lyrics_db_text/db175.txt,31,借,借你十架所流血，我们已与神和好；,借你十架所流血，我們已與神和好；,借你十架所流血，我們已與神和好；
lyrics_db_text/db175.txt,33,借,借着有分你的血，我已得着你生命；,藉著有分你的血，我已得著你生命；,藉着有分你的血，我已得着你生命；
lyrics_db_text/db175.txt,43,借,我们借着你的血，与众圣徒同交通；,我們藉著你的血，與眾聖徒同交通；,我們藉着你的血，與眾聖徒同交通；
lyrics_db_text/db175.txt,45,尽,我们何能用话语，说尽你血的故事，,我們何能用話語，說盡你血的故事，,我們何能用話語，説盡你血的故事，
lyrics_db_text/db176.txt,8,表,这些表记我分享，就得饱尝你超越。,這些表記我分享，就得飽嘗你超越。,這些表記我分享，就得飽嘗你超越。
lyrics_db_text/db176.txt,10,借,也是丰满救恩杯，你借你血所预备。,也是豐滿救恩杯，你借你血所預備。,也是豐滿救恩杯，你借你血所預備。
lyrics_db_text/db176.txt,13,恶,这是你流的宝血，使我罪恶得清洗；,這是你流的寶血，使我罪惡得清洗；,這是你流的寶血，使我罪惡得清洗；
lyrics_db_text/db176.txt,15,尽,你已喝了忿怒杯，为我尝尽了死味；,你已喝了忿怒杯，為我嘗盡了死味；,你已喝了忿怒杯，為我嘗盡了死味；
lyrics_db_text/db176.txt,20,借,借着你所流的血，神就成为我恩惠。,藉著你所流的血，神就成為我恩惠。,藉着你所流的血，神就成為我恩惠。
lyrics_db_text/db176.txt,26,里,在神设计的杯里，尝到属天的滋味。,在神設計的杯裏，嘗到屬天的滋味。,在神設計的杯裏，嘗到屬天的滋味。
lyrics_db_text/db177.txt,8,里,我在你内，你在我里，真是希奇，真是奥秘！,我在你內，你在我裏，真是希奇，真是奧祕！,我在你內，你在我裏，真是希奇，真是奧祕！
lyrics_db_text/db177.txt,11,于,为使我能有分于你，你竟为我舍了身体；,為使我能有分於你，你竟為我舍了身體；,為使我能有分於你，你竟為我舍了身體；
lyrics_db_text/db177.txt,15,复,你且复活化身圣灵，进入我灵作我生命，,你且復活化身聖靈，進入我靈作我生命，,你且復活化身聖靈，進入我靈作我生命，
lyrics_db_text/db177.txt,19,表面,我们面对桌上表记，思念你的可爱自己！,我們面對桌上表記，思念你的可愛自己！,我們面對桌上表記，思念你的可愛自己！
lyrics_db_text/db177.txt,20,历面,一面感激你的心意，一面重温你的经历。,一面感激你的心意，一面重溫你的經歷。,一面感激你的心意，一面重温你的經歷。
lyrics_db_text/db177.txt,23,借,借着吃饼，借着喝杯，再来享受你的甘美；,藉著喫餅，藉著喝杯，再來享受你的甘美；,藉着喫餅，藉着喝杯，再來享受你的甘美；
lyrics_db_text/db177.txt,24,里,灵里吸取，灵里接受，灵里饱尝生命珍馐。,靈裏吸取，靈裏接受，靈裏飽嘗生命珍饈。,靈裏吸取，靈裏接受，靈裏飽嘗生命珍饈。
lyrics_db_text/db178.txt,8,借,借此享受你的自己，神圣爱筵何超绝。,藉此享受你的自己，神聖愛筵何超絕。,藉此享受你的自己，神聖愛筵何超絕。
lyrics_db_text/db178.txt,12,表,看，这神圣筵席！其上何等表记！,看，這神聖筵席！其上何等表記！,看，這神聖筵席！其上何等表記！
lyrics_db_text/db178.txt,16,借,借着你的救赎之死，你将生命来分赐；,藉著你的救贖之死，你將生命來分賜；,藉着你的救贖之死，你將生命來分賜；
lyrics_db_text/db178.txt,18,借,借着分享这饼、这杯，我们陈列你的死；,藉著分享這餅、這杯，我們陳列你的死；,藉着分享這餅、這杯，我們陳列你的死；
lyrics_db_text/db178.txt,23,借,借此与众肢体交通，见证身体的合一。,藉此與眾肢體交通，見證身體的合一。,藉此與眾肢體交通，見證身體的合一。
lyrics_db_text/db178.txt,25,借,借着你血我们交通，与你所有的圣徒。,藉著你血我們交通，與你所有的聖徒。,藉着你血我們交通，與你所有的聖徒。
lyrics_db_text/db179.txt,7,表,当我注视你这桌子，表记使我惊奇；,當我注視你這桌子，表記使我驚奇；,當我注視你這桌子，表記使我驚奇；
lyrics_db_text/db179.txt,11,表,这饼表明生命之粮，作我属天食物，,這餅表明生命之糧，作我屬天食物，,這餅表明生命之糧，作我屬天食物，
lyrics_db_text/db179.txt,12,借,借着你死给我分享，使我尝你丰富。,藉著你死給我分享，使我嘗你豐富。,藉着你死給我分享，使我嘗你豐富。
lyrics_db_text/db179.txt,19,借,在此借着分享这饼，吃你生命之粮；,在此藉著分享這餅，喫你生命之糧；,在此藉着分享這餅，喫你生命之糧；
lyrics_db_text/db179.txt,23,借,借着同喝这一福杯，得享神的福气；,藉著同喝這一福杯，得享神的福氣；,藉着同喝這一福杯，得享神的福氣；
lyrics_db_text/db179.txt,27,借,借吃这饼，并喝这杯，你死我们陈列；,借喫這餅，並喝這杯，你死我們陳列；,借喫這餅，並喝這杯，你死我們陳列；
lyrics_db_text/db18.txt,25,借,借着基督赎罪宝血，我已得着你的义；,藉著基督贖罪寶血，我已得著你的義；,藉着基督贖罪寶血，我已得着你的義；
lyrics_db_text/db180.txt,7,面,在此我要，主，与你面对面，,在此我要，主，與你面對面，,在此我要，主，與你面對面，
lyrics_db_text/db180.txt,30,后,以下三节在擘饼后唱,以下三節在擘餅後唱,以下三節在擘餅後唱
lyrics_db_text/db180.txt,32,尽表,席撤何速，表记的物已尽！,席撤何速，表記的物已盡！,席撤何速，表記的物已盡！
lyrics_db_text/db180.txt,38,云,看哪，云柱今又离地上升，,看哪，雲柱今又離地上升，,看哪，雲柱今又離地上升，
lyrics_db_text/db180.txt,39,征,在这野地又要乘夜前征；,在這野地又要乘夜前徵；,在這野地又要乘夜前徵；
lyrics_db_text/db181.txt,7,借,哦主耶稣，借着饼杯，我们陈列你的死；,哦主耶穌，藉著餅杯，我們陳列你的死；,哦主耶穌，藉着餅杯，我們陳列你的死；
lyrics_db_text/db181.txt,9,表,饼杯分列，身血分开，表明你死已成就；,餅杯分列，身血分開，表明你死已成就；,餅杯分列，身血分開，表明你死已成就；
lyrics_db_text/db181.txt,17,面,使我与神不再隔绝，随时得见神圣面。,使我與神不再隔絕，隨時得見神聖面。,使我與神不再隔絕，隨時得見神聖面。
lyrics_db_text/db181.txt,19,借,我能借着你死功绩，坦然与神来接触。,我能借著你死功績，坦然與神來接觸。,我能借着你死功績，坦然與神來接觸。
lyrics_db_text/db181.txt,30,于,如此福气、如此恩典，全都由于你受死；,如此福氣、如此恩典，全都由於你受死；,如此福氣、如此恩典，全都由於你受死；
lyrics_db_text/db182.txt,11,只,只有一饼，我们只成一体，,只有一餅，我們只成一體，,只有一餅，我們只成一體，
lyrics_db_text/db182.txt,12,借表,借着这个擘饼来作表记。,藉著這個擘餅來作表記。,藉着這個擘餅來作表記。
lyrics_db_text/db182.txt,18,借,借你吸引我们都紧靠你。,借你吸引我們都緊靠你。,借你吸引我們都緊靠你。
lyrics_db_text/db182.txt,19,只,我们就能只有一饼、一体，,我們就能只有一餅、一體，,我們就能只有一餅、一體，
lyrics_db_text/db182.txt,20,借表,借着这个擘饼来作表记。,藉著這個擘餅來作表記。,藉着這個擘餅來作表記。
lyrics_db_text/db182.txt,28,只,我们只有一饼、一体，,我們只有一餅、一體，,我們只有一餅、一體，
lyrics_db_text/db182.txt,29,借表,借着这个擘饼来作表记。,藉著這個擘餅來作表記。,藉着這個擘餅來作表記。
lyrics_db_text/db182.txt,32,表,主阿，不久所有表记过去，,主阿，不久所有表記過去，,主阿，不久所有表記過去，
lyrics_db_text/db184.txt,8,尽,用尽黑暗的工夫，叫你圣心受苦；,用盡黑暗的工夫，叫你聖心受苦；,用盡黑暗的工夫，叫你聖心受苦；
lyrics_db_text/db184.txt,20,冲,又想洪涛和波澜，怎样将你冲漫；,又想洪濤和波瀾，怎樣將你衝漫；,又想洪濤和波瀾，怎樣將你衝漫；
lyrics_db_text/db184.txt,21,里,但在那里，我看见你的恩爱无限；,但在那裏，我看見你的恩愛無限；,但在那裏，我看見你的恩愛無限；
lyrics_db_text/db184.txt,25,复,我们知你已复活，作死人初熟果；,我們知你已復活，作死人初熟果；,我們知你已復活，作死人初熟果；
lyrics_db_text/db184.txt,33,表,我还要效法你死，还要表明你死，,我還要效法你死，還要表明你死，,我還要效法你死，還要表明你死，
lyrics_db_text/db185.txt,7,表,为着这饼我感谢你，这是神圣表记；,為著這餅我感謝你，這是神聖表記；,為着這餅我感謝你，這是神聖表記；
lyrics_db_text/db185.txt,8,借,借此，恩主，我得看见神计划的奥秘。,藉此，恩主，我得看見神計劃的奧祕。,藉此，恩主，我得看見神計劃的奧祕。
lyrics_db_text/db185.txt,27,借,借着这饼我们交通，使你心满意足；,藉著這餅我們交通，使你心滿意足；,藉着這餅我們交通，使你心滿意足；
lyrics_db_text/db186.txt,7,于,神圣、爱的珍馐，乃是出于恩典；,神聖、愛的珍饈，乃是出於恩典；,神聖、愛的珍饈，乃是出於恩典；
lyrics_db_text/db186.txt,8,借,借着享受这饼与酒，我们将你记念。,藉著享受這餅與酒，我們將你記念。,藉着享受這餅與酒，我們將你記念。
lyrics_db_text/db186.txt,24,只,等到那日与你再席，甜美岂只万倍！,等到那日與你再席，甜美豈只萬倍！,等到那日與你再席，甜美豈只萬倍！
lyrics_db_text/db186.txt,27,面,那时得见你面，穿上你的荣形；,那時得見你面，穿上你的榮形；,那時得見你面，穿上你的榮形；
lyrics_db_text/db187.txt,11,借,依然是酒、依然饼，借此信心却看明,依然是酒、依然餅，藉此信心卻看明,依然是酒、依然餅，藉此信心卻看明
lyrics_db_text/db187.txt,16,借,借着信心近你身，主，我们感谢你。,藉著信心近你身，主，我們感謝你。,藉着信心近你身，主，我們感謝你。
lyrics_db_text/db187.txt,19,发,为着你曾发命令，要我记念你行径－,為著你曾發命令，要我記念你行徑－,為着你曾發命令，要我記念你行徑－
lyrics_db_text/db187.txt,27,表,直到祂来，我擘饼，表明祂作我生命，,直到祂來，我擘餅，表明祂作我生命，,直到祂來，我擘餅，表明祂作我生命，
lyrics_db_text/db187.txt,31,表,直到祂来，我饮杯，表明祂赐福全备，,直到祂來，我飲杯，表明祂賜福全備，,直到祂來，我飲杯，表明祂賜福全備，
lyrics_db_text/db188.txt,22,发,是神荣耀所发光辉，是神本体的真像。,是神榮耀所發光輝，是神本體的真像。,是神榮耀所發光輝，是神本體的真像。
lyrics_db_text/db188.txt,26,尽,受神审判，被神所杀，尝尽死亡的苦味。,受神審判，被神所殺，嘗盡死亡的苦味。,受神審判，被神所殺，嘗盡死亡的苦味。
lyrics_db_text/db188.txt,31,复,荣耀基督，从死复活，成为复活初熟果；,榮耀基督，從死復活，成為復活初熟果；,榮耀基督，從死復活，成為復活初熟果；
lyrics_db_text/db188.txt,32,复,祂也使我同祂复活，将祂生命分给我。,祂也使我同祂復活，將祂生命分給我。,祂也使我同祂復活，將祂生命分給我。
lyrics_db_text/db188.txt,34,于,成为祂的许多弟兄，与祂同是出于一。,成為祂的許多弟兄，與祂同是出於一。,成為祂的許多弟兄，與祂同是出於一。
lyrics_db_text/db188.txt,37,里,荣耀基督，化成圣灵，到我灵里作生命，,榮耀基督，化成聖靈，到我靈裏作生命，,榮耀基督，化成聖靈，到我靈裏作生命，
lyrics_db_text/db188.txt,39,里面,在我里面长大成形，将我变成祂形状；,在我裏面長大成形，將我變成祂形狀；,在我裏面長大成形，將我變成祂形狀；
lyrics_db_text/db188.txt,50,尽,并赐恩赐，各尽功能，建造召会作身体。,並賜恩賜，各盡功能，建造召會作身體。,並賜恩賜，各盡功能，建造召會作身體。
lyrics_db_text/db188.txt,51,借,祂爱召会，保养、顾惜，借着召会得彰显；,祂愛召會，保養、顧惜，藉著召會得彰顯；,祂愛召會，保養、顧惜，藉着召會得彰顯；
lyrics_db_text/db188.txt,62,尽,天地一切全都更新，脱尽一切的陈旧。,天地一切全都更新，脫盡一切的陳舊。,天地一切全都更新，脱盡一切的陳舊。
lyrics_db_text/db189.txt,28,复,与主联合，我们已复活，荣耀至高的主！,與主聯合，我們已復活，榮耀至高的主！,與主聯合，我們已復活，榮耀至高的主！
lyrics_db_text/db189.txt,37,只,永能倾吐此心情愫，与祂只有一前途。,永能傾吐此心情愫，與祂只有一前途。,永能傾吐此心情愫，與祂只有一前途。
lyrics_db_text/db19.txt,15,借,你已借着基督宝血，使我永远成圣洁；,你已藉著基督寶血，使我永遠成聖潔；,你已藉着基督寶血，使我永遠成聖潔；
lyrics_db_text/db19.txt,16,借,你也借着你的真理，使我全人被分别。,你也藉著你的真理，使我全人被分別。,你也藉着你的真理，使我全人被分別。
lyrics_db_text/db19.txt,19,于借,你曾借着你的圣灵，将我圣别归于你；,你曾藉著你的聖靈，將我聖別歸於你；,你曾藉着你的聖靈，將我聖別歸於你；
lyrics_db_text/db19.txt,23,借,借着你恩，我已得到基督圣洁的生命；,藉著你恩，我已得到基督聖潔的生命；,藉着你恩，我已得到基督聖潔的生命；
lyrics_db_text/db190.txt,10,于,能力、尊贵，归于祂的圣名！,能力、尊貴，歸於祂的聖名！,能力、尊貴，歸於祂的聖名！
lyrics_db_text/db190.txt,29,复,复兴万物，永作祭司，君王！,復興萬物，永作祭司，君王！,復興萬物，永作祭司，君王！
lyrics_db_text/db194.txt,19,里,父在子里得着彰显，子今成为实际的灵；,父在子裏得著彰顯，子今成為實際的靈；,父在子裏得着彰顯，子今成為實際的靈；
lyrics_db_text/db194.txt,23,里面,当灵刚强我里面人，基督安家在我心间，,當靈剛強我裏面人，基督安家在我心間，,當靈剛強我裏面人，基督安家在我心間，
lyrics_db_text/db194.txt,27,里面,在子里面我得着父，接受他来应付所缺；,在子裏面我得著父，接受他來應付所缺；,在子裏面我得着父，接受他來應付所缺；
lyrics_db_text/db194.txt,28,历里面,在灵里面我经历子作我生命和我一切。,在靈裏面我經歷子作我生命和我一切。,在靈裏面我經歷子作我生命和我一切。
lyrics_db_text/db194.txt,31,借,求主用你神圣实际，借着你灵将我充满，,求主用你神聖實際，藉著你靈將我充滿，,求主用你神聖實際，藉着你靈將我充滿，
lyrics_db_text/db195.txt,26,面,我今已有把握，我能看见神面，,我今已有把握，我能看見神面，,我今已有把握，我能看見神面，
lyrics_db_text/db196.txt,8,复,死而复活的神人，得荣升天，此灵成。,死而復活的神人，得榮升天，此靈成。,死而復活的神人，得榮升天，此靈成。
lyrics_db_text/db196.txt,11,里,从那升天的耶稣，这灵降到我灵里，,從那升天的耶穌，這靈降到我靈裏，,從那升天的耶穌，這靈降到我靈裏，
lyrics_db_text/db196.txt,12,历,使祂一切的实际，都成我们的经历。,使祂一切的實際，都成我們的經歷。,使祂一切的實際，都成我們的經歷。
lyrics_db_text/db196.txt,19,复,死的功能及受苦、复活大能并升天、,死的功能及受苦、復活大能並升天、,死的功能及受苦、復活大能並升天、
lyrics_db_text/db196.txt,24,借,借祂膏油的涂抹，我得享受主丰盛。,借祂膏油的塗抹，我得享受主豐盛。,借祂膏油的塗抹，我得享受主豐盛。
lyrics_db_text/db196.txt,28,里,多方作工在我里，使神作我的一切。,多方作工在我裏，使神作我的一切。,多方作工在我裏，使神作我的一切。
lyrics_db_text/db197.txt,8,只,只要有人有心，只要有人饮泣；,只要有人有心，只要有人飲泣；,只要有人有心，只要有人飲泣；
lyrics_db_text/db198.txt,9,历,从人眼光你的历史到此已经无下文。,從人眼光你的歷史到此已經無下文。,從人眼光你的歷史到此已經無下文。
lyrics_db_text/db198.txt,14,准,准备迎接、准备歌颂你作宇宙的元首。,準備迎接、準備歌頌你作宇宙的元首。,準備迎接、準備歌頌你作宇宙的元首。
lyrics_db_text/db198.txt,22,发,远在天上发生的事，我今如何能知情？,遠在天上發生的事，我今如何能知情？,遠在天上發生的事，我今如何能知情？
lyrics_db_text/db198.txt,34,只,我今只能赞美称祝，圣灵恩赐已开始。,我今只能讚美稱祝，聖靈恩賜已開始。,我今只能讚美稱祝，聖靈恩賜已開始。
lyrics_db_text/db2.txt,14,借,圣子借着权能，以命令托住万有；,聖子藉著權能，以命令托住萬有；,聖子藉着權能，以命令托住萬有；
lyrics_db_text/db20.txt,8,制,为子制定永远计划：万有由祂充满。,為子制定永遠計劃：萬有由祂充滿。,為子制定永遠計劃：萬有由祂充滿。
lyrics_db_text/db20.txt,22,借,你凭智慧、借十字架，救赎为我作成；,你憑智慧、借十字架，救贖為我作成；,你憑智慧、借十字架，救贖為我作成；
lyrics_db_text/db20.txt,23,于,好叫你的宝贝自己，得以置于我灵。,好叫你的寶貝自己，得以置於我靈。,好叫你的寶貝自己，得以置於我靈。
lyrics_db_text/db20.txt,26,借,空中执政，借你召会，得知你智丰富；,空中執政，借你召會，得知你智豐富；,空中執政，借你召會，得知你智豐富；
lyrics_db_text/db20.txt,27,借,借她，你的万般智慧，在天给彼领悟。,借她，你的萬般智慧，在天給彼領悟。,借她，你的萬般智慧，在天給彼領悟。
lyrics_db_text/db20.txt,31,复,你的智慧全得显明，显得永无复加。,你的智慧全得顯明，顯得永無復加。,你的智慧全得顯明，顯得永無復加。
lyrics_db_text/db200.txt,11,干,他作活水，解我干渴，永远供我生命水流；,他作活水，解我乾渴，永遠供我生命水流；,他作活水，解我乾渴，永遠供我生命水流；
lyrics_db_text/db200.txt,15,尽,照亮我以生命之光，从我全人驱尽黑暗；,照亮我以生命之光，從我全人驅盡黑暗；,照亮我以生命之光，從我全人驅盡黑暗；
lyrics_db_text/db200.txt,19,里面,刚强我以生命大能，加力给我里面的人；,剛強我以生命大能，加力給我裏面的人；,剛強我以生命大能，加力給我裏面的人；
lyrics_db_text/db200.txt,23,借恶,借着神圣生命的律，释放我脱罪恶的律；,藉著神聖生命的律，釋放我脫罪惡的律；,藉着神聖生命的律，釋放我脱罪惡的律；
lyrics_db_text/db200.txt,24,借里面,借着神的圣别性情，在我里面将我规律。,藉著神的聖別性情，在我裏面將我規律。,藉着神的聖別性情，在我裏面將我規律。
lyrics_db_text/db200.txt,27,借,他作神的生命之灵，丰盛果子借我结出；,他作神的生命之靈，豐盛果子借我結出；,他作神的生命之靈，豐盛果子借我結出；
lyrics_db_text/db200.txt,28,借,显出神的各种美德，借着生命供人基督。,顯出神的各種美德，藉著生命供人基督。,顯出神的各種美德，藉着生命供人基督。
lyrics_db_text/db200.txt,32,里面,更新我的里面部分，使与基督相像无差。,更新我的裏面部分，使與基督相像無差。,更新我的裏面部分，使與基督相像無差。
lyrics_db_text/db200.txt,36,尽,直到全人尽都浸透，使你生命在我彰显。,直到全人盡都浸透，使你生命在我彰顯。,直到全人盡都浸透，使你生命在我彰顯。
lyrics_db_text/db201.txt,23,只,不需磐石再开，只要我挖透；,不需磐石再開，只要我挖透；,不需磐石再開，只要我挖透；
lyrics_db_text/db201.txt,24,只,不需活水再来，只要我涌流。,不需活水再來，只要我湧流。,不需活水再來，只要我湧流。
lyrics_db_text/db202.txt,8,发干,因干渴快要死，神就发命令：,因乾渴快要死，神就發命令：,因乾渴快要死，神就發命令：
lyrics_db_text/db202.txt,9,发,吩咐磐石发出活水来！击打勿再施，,吩咐磐石發出活水來！擊打勿再施，,吩咐磐石發出活水來！擊打勿再施，
lyrics_db_text/db202.txt,10,只,因早已裂开；只要吩咐，活水就流开。,因早已裂開；只要吩咐，活水就流開。,因早已裂開；只要吩咐，活水就流開。
lyrics_db_text/db202.txt,12,发,吩咐磐石发出活水来！圣灵早已赐，,吩咐磐石發出活水來！聖靈早已賜，,吩咐磐石發出活水來！聖靈早已賜，
lyrics_db_text/db202.txt,20,只,祂仍在说，挣扎果为何？只与主死合，,祂仍在說，掙扎果為何？只與主死合，,祂仍在説，掙扎果為何？只與主死合，
lyrics_db_text/db202.txt,21,干,立刻解干渴；一经约但，就必得圣鸽。,立刻解乾渴；一經約但，就必得聖鴿。,立刻解乾渴；一經約但，就必得聖鴿。
lyrics_db_text/db203.txt,11,干,愿这活水通过我，流到众人，解干渴。,願這活水通過我，流到眾人，解乾渴。,願這活水通過我，流到眾人，解乾渴。
lyrics_db_text/db203.txt,27,只,凡事只有一心愿，活水从我能溢漫。,凡事只有一心願，活水從我能溢漫。,凡事只有一心願，活水從我能溢漫。
lyrics_db_text/db204.txt,18,表,河在精金街中流，表明路在何处有；,河在精金街中流，表明路在何處有；,河在精金街中流，表明路在何處有；
lyrics_db_text/db204.txt,22,表,河的两岸生命树，表明神来作食物，,河的兩岸生命樹，表明神來作食物，,河的兩岸生命樹，表明神來作食物，
lyrics_db_text/db205.txt,23,只,人就无法再有所行，只能靠恩而生活。,人就無法再有所行，只能靠恩而生活。,人就無法再有所行，只能靠恩而生活。
lyrics_db_text/db206.txt,8,后,然而我的犯罪和退后，未曾叫他厌倦过。,然而我的犯罪和退後，未曾叫他厭倦過。,然而我的犯罪和退後，未曾叫他厭倦過。
lyrics_db_text/db207.txt,9,借里面,借灵住我里面，掌管我的全人，,借靈住我裏面，掌管我的全人，,借靈住我裏面，掌管我的全人，
lyrics_db_text/db207.txt,10,发,用爱发出火焰，在我心内直焚。,用愛發出火焰，在我心內直焚。,用愛發出火焰，在我心內直焚。
lyrics_db_text/db207.txt,25,借,我借爱子受刑，蒙恩作神儿女。,我借愛子受刑，蒙恩作神兒女。,我借愛子受刑，蒙恩作神兒女。
lyrics_db_text/db207.txt,26,于,荣耀归于我神，阿利路亚，阿们；,榮耀歸於我神，阿利路亞，阿們；,榮耀歸於我神，阿利路亞，阿們；
lyrics_db_text/db209.txt,8,于,我心就不再会摇摆，就能生根于神，,我心就不再會搖擺，就能生根於神，,我心就不再會搖擺，就能生根於神，
lyrics_db_text/db209.txt,9,于,就能生根于神。,就能生根於神。,就能生根於神。
lyrics_db_text/db209.txt,12,发,但愿圣火今在我心，就已发旺不休；,但願聖火今在我心，就已發旺不休；,但願聖火今在我心，就已發旺不休；
lyrics_db_text/db21.txt,12,于,你的计划全在于祂，祂是你恩之路；,你的計劃全在於祂，祂是你恩之路；,你的計劃全在於祂，祂是你恩之路；
lyrics_db_text/db21.txt,13,里面,在祂你这智慧里面，我得享你丰富。,在祂你這智慧裏面，我得享你豐富。,在祂你這智慧裏面，我得享你豐富。
lyrics_db_text/db21.txt,17,借,我们借祂也得成圣，我们圣洁是彼。,我們借祂也得成聖，我們聖潔是彼。,我們借祂也得成聖，我們聖潔是彼。
lyrics_db_text/db210.txt,19,发,吸入你的圣洁丰富，发现惟你是生命。,吸入你的聖潔豐富，發現惟你是生命。,吸入你的聖潔豐富，發現惟你是生命。
lyrics_db_text/db211.txt,9,里面,在我里面将我推动，,在我裏面將我推動，,在我裏面將我推動，
lyrics_db_text/db211.txt,13,里,主，何希奇，你在我里，,主，何希奇，你在我裏，,主，何希奇，你在我裏，
lyrics_db_text/db211.txt,15,里,一回灵里，就得见你，,一回靈裏，就得見你，,一回靈裏，就得見你，
lyrics_db_text/db211.txt,28,尽,使我全人都尽功用。,使我全人都盡功用。,使我全人都盡功用。
lyrics_db_text/db211.txt,31,里,当我灵里瘪气、下沉，,當我靈裏癟氣、下沉，,當我靈裏癟氣、下沉，
lyrics_db_text/db211.txt,33,里面,求你从我里面吹气，,求你從我裏面吹氣，,求你從我裏面吹氣，
lyrics_db_text/db212.txt,9,尽,吹活我全人，吹得我更新，罪孽脱尽。,吹活我全人，吹得我更新，罪孽脫盡。,吹活我全人，吹得我更新，罪孽脱盡。
lyrics_db_text/db212.txt,12,云,覆罩！覆罩！灵恩大云覆罩！,覆罩！覆罩！靈恩大雲覆罩！,覆罩！覆罩！靈恩大雲覆罩！
lyrics_db_text/db212.txt,17,云,灵恩的大云，满带神洪恩，,靈恩的大雲，滿帶神洪恩，,靈恩的大雲，滿帶神洪恩，
lyrics_db_text/db212.txt,23,尽,烧到每角落，将人纯洁；烧尽了邪污，,燒到每角落，將人純潔；燒盡了邪污，,燒到每角落，將人純潔；燒盡了邪污，
lyrics_db_text/db212.txt,24,尽,烧尽了俗物，使人、神相符，,燒盡了俗物，使人、神相符，,燒盡了俗物，使人、神相符，
lyrics_db_text/db212.txt,30,于,人灵联神灵，使神的生命显于人形。,人靈聯神靈，使神的生命顯於人形。,人靈聯神靈，使神的生命顯於人形。
lyrics_db_text/db213.txt,8,复,用那感人、复兴大能，吹动我的心魂。,用那感人、復興大能，吹動我的心魂。,用那感人、復興大能，吹動我的心魂。
lyrics_db_text/db213.txt,19,历,求你叫我有分这灵，经历三一之神。,求你叫我有分這靈，經歷三一之神。,求你叫我有分這靈，經歷三一之神。
lyrics_db_text/db214.txt,9,复,吹到我们众人无不复兴得透；,吹到我們眾人無不復興得透；,吹到我們眾人無不復興得透；
lyrics_db_text/db214.txt,12,松,哦主，现在将我来吹！吹去所有松懒沉睡！,哦主，現在將我來吹！吹去所有松懶沉睡！,哦主，現在將我來吹！吹去所有松懶沉睡！
lyrics_db_text/db214.txt,13,尽,愿你大风来临，将我退落吹尽！,願你大風來臨，將我退落吹盡！,願你大風來臨，將我退落吹盡！
lyrics_db_text/db214.txt,24,复,吹到我们复苏，充满复活生命；,吹到我們復甦，充滿復活生命；,吹到我們復甦，充滿復活生命；
lyrics_db_text/db215.txt,7,里面,奇妙的恩膏住我里面，凡事都将我教导；,奇妙的恩膏住我裏面，凡事都將我教導；,奇妙的恩膏住我裏面，凡事都將我教導；
lyrics_db_text/db215.txt,10,里面,在我里面有一奇妙恩膏，有一奇妙恩膏，,在我裏面有一奇妙恩膏，有一奇妙恩膏，,在我裏面有一奇妙恩膏，有一奇妙恩膏，
lyrics_db_text/db215.txt,11,里面,凡事都教导；在我里面有一奇妙恩膏，,凡事都教導；在我裏面有一奇妙恩膏，,凡事都教導；在我裏面有一奇妙恩膏，
lyrics_db_text/db215.txt,15,里面,圣灵的运行在我里面，柔细如同纯膏油；,聖靈的運行在我裏面，柔細如同純膏油；,聖靈的運行在我裏面，柔細如同純膏油；
lyrics_db_text/db215.txt,23,里面,凭着这里面生命涂抹，我今行在交通中；,憑著這裏面生命塗抹，我今行在交通中；,憑着這裏面生命塗抹，我今行在交通中；
lyrics_db_text/db215.txt,24,里面,凭真理之光，活在神里面，,憑真理之光，活在神裏面，,憑真理之光，活在神裏面，
lyrics_db_text/db216.txt,8,借,借此人得与神接触，交通也得蒙保守。,藉此人得與神接觸，交通也得蒙保守。,藉此人得與神接觸，交通也得蒙保守。
lyrics_db_text/db216.txt,11,恶表,血是救赎所有表记，洗净所有的罪恶；,血是救贖所有表記，洗淨所有的罪惡；,血是救贖所有表記，洗淨所有的罪惡；
lyrics_db_text/db216.txt,12,表,膏油是灵所有表号，将神带给人得着。,膏油是靈所有表號，將神帶給人得著。,膏油是靈所有表號，將神帶給人得着。
lyrics_db_text/db216.txt,16,借,借他所作并他所是，神就与人调无弛。,借他所作並他所是，神就與人調無弛。,借他所作並他所是，神就與人調無弛。
lyrics_db_text/db216.txt,19,借恶,借着基督血的洗净，我得脱去众罪恶；,藉著基督血的洗淨，我得脫去眾罪惡；,藉着基督血的洗淨，我得脱去眾罪惡；
lyrics_db_text/db216.txt,20,借,借着灵的运行涂抹，神的成分我得着。,藉著靈的運行塗抹，神的成分我得著。,藉着靈的運行塗抹，神的成分我得着。
lyrics_db_text/db216.txt,23,借,借这洗净和这涂抹，我得与神合为一；,借這洗淨和這塗抹，我得與神合為一；,借這洗淨和這塗抹，我得與神合為一；
lyrics_db_text/db216.txt,24,借,借着这血和这膏油，我得享受神自己。,藉著這血和這膏油，我得享受神自己。,藉着這血和這膏油，我得享受神自己。
lyrics_db_text/db216.txt,31,历,如此，认识神就是光，并且经历神是爱，,如此，認識神就是光，並且經歷神是愛，,如此，認識神就是光，並且經歷神是愛，
lyrics_db_text/db217.txt,15,制,使我脱离罪律辖制，脱离死亡的权势。,使我脫離罪律轄制，脫離死亡的權勢。,使我脱離罪律轄制，脱離死亡的權勢。
lyrics_db_text/db218.txt,11,干,灌输生命，解人干渴，涌流活水无止境。,灌輸生命，解人乾渴，湧流活水無止境。,灌輸生命，解人乾渴，湧流活水無止境。
lyrics_db_text/db219.txt,7,干,主，你知道所有干渴，在这不足寻求心；,主，你知道所有乾渴，在這不足尋求心；,主，你知道所有乾渴，在這不足尋求心；
lyrics_db_text/db219.txt,17,恶,我今向你承认我的所有失败和邪恶，,我今向你承認我的所有失敗和邪惡，,我今向你承認我的所有失敗和邪惡，
lyrics_db_text/db219.txt,18,里,所有自满，所有刚愎，所有心里的隐慝。,所有自滿，所有剛愎，所有心裏的隱慝。,所有自滿，所有剛愎，所有心裏的隱慝。
lyrics_db_text/db219.txt,29,表,但愿你的满有圣灵，流通在我的衷表，,但願你的滿有聖靈，流通在我的衷表，,但願你的滿有聖靈，流通在我的衷表，
lyrics_db_text/db219.txt,34,只,我今赞美答应可靠，安息只因话足凭。,我今讚美答應可靠，安息只因話足憑。,我今讚美答應可靠，安息只因話足憑。
lyrics_db_text/db219.txt,37,恶,第三节的‘隐慝’，意思是隐藏的恶念。,第三節的‘隱慝’，意思是隱藏的惡念。,第三節的‘隱慝’，意思是隱藏的惡念。
lyrics_db_text/db22.txt,19,借,因这怜悯、借着救赎，你曾丰厚赐眷顾。,因這憐憫、藉著救贖，你曾豐厚賜眷顧。,因這憐憫、藉着救贖，你曾豐厚賜眷顧。
lyrics_db_text/db22.txt,24,借,借你忍耐和你恩慈，正合我需赐恩典。,借你忍耐和你恩慈，正合我需賜恩典。,借你忍耐和你恩慈，正合我需賜恩典。
lyrics_db_text/db220.txt,13,里面,你的圣灵在我里面，不过是你生命灵，,你的聖靈在我裏面，不過是你生命靈，,你的聖靈在我裏面，不過是你生命靈，
lyrics_db_text/db220.txt,14,借,使我借着他之所是，可得有分你丰盛。,使我藉著他之所是，可得有分你豐盛。,使我藉着他之所是，可得有分你豐盛。
lyrics_db_text/db220.txt,16,借,使我借他得着装备，为你作工，事奉你。,使我借他得著裝備，為你作工，事奉你。,使我借他得着裝備，為你作工，事奉你。
lyrics_db_text/db220.txt,19,历,求主使我经历灵浸，穿上上头的能力；,求主使我經歷靈浸，穿上上頭的能力；,求主使我經歷靈浸，穿上上頭的能力；
lyrics_db_text/db220.txt,20,借,借着你这能力‘外衣’，我可进攻你仇敌。,藉著你這能力‘外衣’，我可進攻你仇敵。,藉着你這能力‘外衣’，我可進攻你仇敵。
lyrics_db_text/db220.txt,26,尽,使我能尽肢体功用，与众肢体同服事。,使我能盡肢體功用，與眾肢體同服事。,使我能盡肢體功用，與眾肢體同服事。
lyrics_db_text/db220.txt,27,借,主，借你灵丰满浇灌，所需恩赐分给我，,主，借你靈豐滿澆灌，所需恩賜分給我，,主，借你靈豐滿澆灌，所需恩賜分給我，
lyrics_db_text/db220.txt,34,里面,里面充满、外面浇灌、以及恩赐，全贯通。,裏面充滿、外面澆灌、以及恩賜，全貫通。,裏面充滿、外面澆灌、以及恩賜，全貫通。
lyrics_db_text/db221.txt,10,借尽,借此穿上上头能力，为尽神圣的职分。,藉此穿上上頭能力，為盡神聖的職分。,藉此穿上上頭能力，為盡神聖的職分。
lyrics_db_text/db221.txt,15,后里,但是后来又都受了主在圣灵里的浸，,但是後來又都受了主在聖靈裏的浸，,但是後來又都受了主在聖靈裏的浸，
lyrics_db_text/db221.txt,16,尽,穿上能力，得着装备，神圣职分才能尽。,穿上能力，得著裝備，神聖職分纔能盡。,穿上能力，得着裝備，神聖職分纔能盡。
lyrics_db_text/db221.txt,21,历,但当有人为其按手，又都经历圣灵浸，,但當有人為其按手，又都經歷聖靈浸，,但當有人為其按手，又都經歷聖靈浸，
lyrics_db_text/db221.txt,26,于,并且现今得饮于他，天天享受他丰盛。,並且現今得飲於他，天天享受他豐盛。,並且現今得飲於他，天天享受他豐盛。
lyrics_db_text/db221.txt,27,历里面,然而我们仍需经历圣灵里面的受浸，,然而我們仍需經歷聖靈裏面的受浸，,然而我們仍需經歷聖靈裏面的受浸，
lyrics_db_text/db221.txt,28,借尽,借此穿上上头能力，得着装备，尽职分。,藉此穿上上頭能力，得著裝備，盡職分。,藉此穿上上頭能力，得着裝備，盡職分。
lyrics_db_text/db221.txt,31,历,求主使我经历灵浸，这是我的真需要；,求主使我經歷靈浸，這是我的真需要；,求主使我經歷靈浸，這是我的真需要；
lyrics_db_text/db221.txt,33,历,愿主现在给我经历，我今如此迫切求；,願主現在給我經歷，我今如此迫切求；,願主現在給我經歷，我今如此迫切求；
lyrics_db_text/db221.txt,34,历,使我丰满经历灵浸，上头能力浇我透。,使我豐滿經歷靈浸，上頭能力澆我透。,使我豐滿經歷靈浸，上頭能力澆我透。
lyrics_db_text/db222.txt,8,里面,我在圣灵里面已受浸；接受这事实，,我在聖靈裏面已受浸；接受這事實，,我在聖靈裏面已受浸；接受這事實，
lyrics_db_text/db222.txt,9,里面,毋须再延迟，我在圣灵里面已受浸。,毋須再延遲，我在聖靈裏面已受浸。,毋須再延遲，我在聖靈裏面已受浸。
lyrics_db_text/db222.txt,16,只里面,我在圣灵里面已受浸；只需我持守，,我在聖靈裏面已受浸；只需我持守，,我在聖靈裏面已受浸；只需我持守，
lyrics_db_text/db222.txt,17,里面,不需我何行，我在圣灵里面已受浸。,不需我何行，我在聖靈裏面已受浸。,不需我何行，我在聖靈裏面已受浸。
lyrics_db_text/db222.txt,19,松,持守！持守！凭信持守不稍松弛；,持守！持守！憑信持守不稍鬆弛；,持守！持守！憑信持守不稍鬆弛；
lyrics_db_text/db222.txt,24,里面,我在圣灵里面已受浸；分享这福分，,我在聖靈裏面已受浸；分享這福分，,我在聖靈裏面已受浸；分享這福分，
lyrics_db_text/db222.txt,25,里面,分享得丰盛，我在圣灵里面已受浸。,分享得豐盛，我在聖靈裏面已受浸。,分享得豐盛，我在聖靈裏面已受浸。
lyrics_db_text/db222.txt,31,里面,在身体里面，与身体和谐，,在身體裏面，與身體和諧，,在身體裏面，與身體和諧，
lyrics_db_text/db222.txt,32,恶,凭这已成事实而行动；罪恶都认清，,憑這已成事實而行動；罪惡都認清，,憑這已成事實而行動；罪惡都認清，
lyrics_db_text/db224.txt,7,面,救主基督已经高升，坐在诸天的上面，,救主基督已經高升，坐在諸天的上面，,救主基督已經高升，坐在諸天的上面，
lyrics_db_text/db224.txt,13,面,浇在他的身体上面，给他肢体都穿戴，,澆在他的身體上面，給他肢體都穿戴，,澆在他的身體上面，給他肢體都穿戴，
lyrics_db_text/db224.txt,14,借,使那在天万有之主，借他召会得敬拜。,使那在天萬有之主，借他召會得敬拜。,使那在天萬有之主，借他召會得敬拜。
lyrics_db_text/db224.txt,17,借里面,基督借着成为肉身，将神带到人里面；,基督藉著成為肉身，將神帶到人裏面；,基督藉着成為肉身，將神帶到人裏面；
lyrics_db_text/db224.txt,18,借复,他也借着死而复活，将人带进神中间；,他也藉著死而復活，將人帶進神中間；,他也藉着死而復活，將人帶進神中間；
lyrics_db_text/db224.txt,19,里面,神与人的完全调和，在他里面得成全。,神與人的完全調和，在他裏面得成全。,神與人的完全調和，在他裏面得成全。
lyrics_db_text/db224.txt,24,借,借着浇下他的圣灵，已将这事证确凿。,藉著澆下他的聖靈，已將這事證確鑿。,藉着澆下他的聖靈，已將這事證確鑿。
lyrics_db_text/db224.txt,27,借,借将他灵浇灌下来，他在召会又降临；,借將他靈澆灌下來，他在召會又降臨；,借將他靈澆灌下來，他在召會又降臨；
lyrics_db_text/db224.txt,28,里面,在他这位圣灵里面，给全召会来施浸；,在他這位聖靈裏面，給全召會來施浸；,在他這位聖靈裏面，給全召會來施浸；
lyrics_db_text/db226.txt,2,面,圣灵的丰满－两方面,聖靈的豐滿－兩方面,聖靈的豐滿－兩方面
lyrics_db_text/db226.txt,7,里面,主的生命之灵，进到我里面，,主的生命之靈，進到我裏面，,主的生命之靈，進到我裏面，
lyrics_db_text/db226.txt,9,于,我可饮于这灵，且被他充满，,我可飲於這靈，且被他充滿，,我可飲於這靈，且被他充滿，
lyrics_db_text/db226.txt,15,里面,在他里面受浸，就将他穿上，,在他裏面受浸，就將他穿上，,在他裏面受浸，就將他穿上，
lyrics_db_text/db226.txt,20,里,作了生命实际，呼吸到我里；,作了生命實際，呼吸到我裏；,作了生命實際，呼吸到我裏；
lyrics_db_text/db226.txt,25,复,向着他的门徒，复活主吹气，,向著他的門徒，復活主吹氣，,向着他的門徒，復活主吹氣，
lyrics_db_text/db226.txt,26,里,将他生命之灵，吹到他们里；,將他生命之靈，吹到他們裏；,將他生命之靈，吹到他們裏；
lyrics_db_text/db226.txt,31,里面,生命之灵乃是作里面生命，,生命之靈乃是作裏面生命，,生命之靈乃是作裏面生命，
lyrics_db_text/db226.txt,43,里面,主，用生命之灵，充满我里面，,主，用生命之靈，充滿我裏面，,主，用生命之靈，充滿我裏面，
lyrics_db_text/db227.txt,2,借,圣灵的丰满－借十字架,聖靈的豐滿－借十字架,聖靈的豐滿－借十字架
lyrics_db_text/db227.txt,7,后,后是膏油先是血，要得滋润先得洁；,後是膏油先是血，要得滋潤先得潔；,後是膏油先是血，要得滋潤先得潔；
lyrics_db_text/db227.txt,12,借,因此求主借十字架，治死我的魂生命；,因此求主借十字架，治死我的魂生命；,因此求主借十字架，治死我的魂生命；
lyrics_db_text/db227.txt,16,后,先是用杖击石磐，后来活水才溢漫；,先是用杖擊石磐，後來活水纔溢漫；,先是用杖擊石磐，後來活水纔溢漫；
lyrics_db_text/db227.txt,22,后,先是祭坛后是火，若没丧失就没果；,先是祭壇後是火，若沒喪失就沒果；,先是祭壇後是火，若沒喪失就沒果；
lyrics_db_text/db227.txt,28,后,先是预备瓶子空，后是膏油盛其中；,先是預備瓶子空，後是膏油盛其中；,先是預備瓶子空，後是膏油盛其中；
lyrics_db_text/db227.txt,29,后谷,先是山谷挖成沟，后来活水才深泓；,先是山谷挖成溝，後來活水纔深泓；,先是山谷挖成溝，後來活水纔深泓；
lyrics_db_text/db227.txt,30,后,先是经过约但河，后是灵感加倍多；,先是經過約但河，後是靈感加倍多；,先是經過約但河，後是靈感加倍多；
lyrics_db_text/db227.txt,31,后,先受死亡的浸洗，后得荣耀的圣鸽。,先受死亡的浸洗，後得榮耀的聖鴿。,先受死亡的浸洗，後得榮耀的聖鴿。
lyrics_db_text/db227.txt,34,谷,当你举目望禾田，金谷丰盈你称羡；,當你舉目望禾田，金谷豐盈你稱羨；,當你舉目望禾田，金谷豐盈你稱羨；
lyrics_db_text/db227.txt,36,历,若要生命的子粒，须有死亡的经历；,若要生命的子粒，須有死亡的經歷；,若要生命的子粒，須有死亡的經歷；
lyrics_db_text/db227.txt,41,只志,除去雄心和大志，只愿顺服并受苦；,除去雄心和大志，只願順服並受苦；,除去雄心和大志，只願順服並受苦；
lyrics_db_text/db228.txt,2,借,圣灵的丰满－借十字架,聖靈的豐滿－借十字架,聖靈的豐滿－借十字架
lyrics_db_text/db228.txt,7,尽,求主宝血洁净我，洗尽所有罪过，,求主寶血潔淨我，洗盡所有罪過，,求主寶血潔淨我，洗盡所有罪過，
lyrics_db_text/db228.txt,13,后,求主使我从今后，完全充满了你。,求主使我從今後，完全充滿了你。,求主使我從今後，完全充滿了你。
lyrics_db_text/db228.txt,16,干,我心何等的干旱，常为软弱悲叹；,我心何等的乾旱，常為軟弱悲歎；,我心何等的乾旱，常為軟弱悲歎；
lyrics_db_text/db228.txt,25,干,求主烈火从天降，把我所有烧干。,求主烈火從天降，把我所有燒乾。,求主烈火從天降，把我所有燒乾。
lyrics_db_text/db228.txt,31,干,你的活水到处流，解除众人干渴。,你的活水到處流，解除眾人乾渴。,你的活水到處流，解除眾人乾渴。
lyrics_db_text/db229.txt,2,里,得救的证实与快乐－在基督里,得救的證實與快樂－在基督裏,得救的證實與快樂－在基督裏
lyrics_db_text/db229.txt,7,里面,我今在基督里面，脱离了亚当界限；,我今在基督裏面，脫離了亞當界限；,我今在基督裏面，脱離了亞當界限；
lyrics_db_text/db229.txt,10,里面,赞美主，我今在主里面！,讚美主，我今在主裏面！,讚美主，我今在主裏面！
lyrics_db_text/db23.txt,18,发,乃在你这愿发怜悯的神。,乃在你這願發憐憫的神。,乃在你這願發憐憫的神。
lyrics_db_text/db23.txt,23,面,带来你的同在，并你面光。,帶來你的同在，並你面光。,帶來你的同在，並你面光。
lyrics_db_text/db231.txt,30,历,主爱至终不消减，主爱历久不变。,主愛至終不消減，主愛歷久不變。,主愛至終不消減，主愛歷久不變。
lyrics_db_text/db231.txt,32,历,主的爱历久不变，主的爱历久不变；,主的愛歷久不變，主的愛歷久不變；,主的愛歷久不變，主的愛歷久不變；
lyrics_db_text/db231.txt,34,历,主的爱历久不变。,主的愛歷久不變。,主的愛歷久不變。
lyrics_db_text/db232.txt,7,借,永远的爱已爱我，这爱借恩我赏识；,永遠的愛已愛我，這愛借恩我賞識；,永遠的愛已愛我，這愛借恩我賞識；
lyrics_db_text/db232.txt,10,里面,在这不息爱里面，我是属他，他属我。,在這不息愛裏面，我是屬他，他屬我。,在這不息愛裏面，我是屬他，他屬我。
lyrics_db_text/db232.txt,20,里,靠在永久膀臂中，枕在爱的胸怀里。,靠在永久膀臂中，枕在愛的胸懷裏。,靠在永久膀臂中，枕在愛的胸懷裏。
lyrics_db_text/db232.txt,21,于,哦，愿永远卧于此，忧疑、自己，全逃脱，,哦，願永遠臥於此，憂疑、自己，全逃脫，,哦，願永遠卧於此，憂疑、自己，全逃脱，
lyrics_db_text/db232.txt,25,只,我是永远只属他，谁能使他与我分？,我是永遠只屬他，誰能使他與我分？,我是永遠只屬他，誰能使他與我分？
lyrics_db_text/db233.txt,7,后,神将我罪丢在背后，不再记念，不再追究；,神將我罪丟在背後，不再記念，不再追究；,神將我罪丟在背後，不再記念，不再追究；
lyrics_db_text/db233.txt,10,云,我的过犯神全赦免，好似厚云完全消散；,我的過犯神全赦免，好似厚雲完全消散；,我的過犯神全赦免，好似厚雲完全消散；
lyrics_db_text/db233.txt,11,云尽恶,我的罪恶神都涂抹，犹如薄云尽都灭没。,我的罪惡神都塗抹，猶如薄雲盡都滅沒。,我的罪惡神都塗抹，猶如薄雲盡都滅沒。
lyrics_db_text/db233.txt,14,于,神将我罪投于深海，如石下沉全被淹埋；,神將我罪投於深海，如石下沉全被淹埋；,神將我罪投於深海，如石下沉全被淹埋；
lyrics_db_text/db234.txt,2,里,得救的证实与快乐－在基督里称义,得救的證實與快樂－在基督裏稱義,得救的證實與快樂－在基督裏稱義
lyrics_db_text/db234.txt,13,尽,不能死者，竟然受死！全是奥秘，谁能尽知？,不能死者，竟然受死！全是奧祕，誰能盡知？,不能死者，竟然受死！全是奧祕，誰能盡知？
lyrics_db_text/db234.txt,26,恶,天性黑暗，邪恶满心，我灵久为罪恶监禁；,天性黑暗，邪惡滿心，我靈久為罪惡監禁；,天性黑暗，邪惡滿心，我靈久為罪惡監禁；
lyrics_db_text/db234.txt,28,尽,锁炼尽脱，全人释放，起来随主，心中欢畅。,鎖煉盡脫，全人釋放，起來隨主，心中歡暢。,鎖煉盡脱，全人釋放，起來隨主，心中歡暢。
lyrics_db_text/db234.txt,29,尽,锁炼尽脱，全人释放，起来随主，心中欢畅。,鎖煉盡脫，全人釋放，起來隨主，心中歡暢。,鎖煉盡脱，全人釋放，起來隨主，心中歡暢。
lyrics_db_text/db234.txt,32,尽,不再定罪，尚何惧忧？主和一切尽归我有！,不再定罪，尚何懼憂？主和一切盡歸我有！,不再定罪，尚何懼憂？主和一切盡歸我有！
lyrics_db_text/db234.txt,33,里面,活在元首基督里面，神圣之义将我遮掩；,活在元首基督裏面，神聖之義將我遮掩；,活在元首基督裏面，神聖之義將我遮掩；
lyrics_db_text/db235.txt,2,里,得救的证实与快乐－在基督里称义,得救的證實與快樂－在基督裏稱義,得救的證實與快樂－在基督裏稱義
lyrics_db_text/db235.txt,18,面,罪债一起清算；神就不会两面讨偿：,罪債一起清算；神就不會兩面討償：,罪債一起清算；神就不會兩面討償：
lyrics_db_text/db235.txt,19,后,先在我的中保身上…后又要我归还。,先在我的中保身上…後又要我歸還。,先在我的中保身上…後又要我歸還。
lyrics_db_text/db236.txt,2,里,得救的证实与快乐－在基督里称义,得救的證實與快樂－在基督裏稱義,得救的證實與快樂－在基督裏稱義
lyrics_db_text/db236.txt,17,复里,这是神说的话；你在基督复活主里，,這是神說的話；你在基督復活主裏，,這是神説的話；你在基督復活主裏，
lyrics_db_text/db237.txt,2,里,得救的证实与快乐－在基督里称义,得救的證實與快樂－在基督裏稱義,得救的證實與快樂－在基督裏稱義
lyrics_db_text/db237.txt,15,借,借你救赎，我已脱去我罪、我过、,借你救贖，我已脫去我罪、我過、,借你救贖，我已脱去我罪、我過、
lyrics_db_text/db237.txt,21,只,宣布你为罪人救星，他们所夸只在你名。,宣佈你為罪人救星，他們所誇只在你名。,宣佈你為罪人救星，他們所誇只在你名。
lyrics_db_text/db237.txt,24,尽,这件白衣永远不变，尽管旧造沉没多年；,這件白衣永遠不變，儘管舊造沉沒多年；,這件白衣永遠不變，儘管舊造沉沒多年；
lyrics_db_text/db238.txt,2,里,得救的证实与快乐－在基督里称义,得救的證實與快樂－在基督裏稱義,得救的證實與快樂－在基督裏稱義
lyrics_db_text/db238.txt,7,于,我的所有希望根基，并不少于基督我义；,我的所有希望根基，並不少於基督我義；,我的所有希望根基，並不少於基督我義；
lyrics_db_text/db238.txt,8,只,最好的义也不敢倚，只敢倚靠祂的自己。,最好的義也不敢倚，只敢倚靠祂的自己。,最好的義也不敢倚，只敢倚靠祂的自己。
lyrics_db_text/db238.txt,14,云,即有黑云掩祂爱脸，祂心不变，祂恩不移；,即有黑雲掩祂愛臉，祂心不變，祂恩不移；,即有黑雲掩祂愛臉，祂心不變，祂恩不移；
lyrics_db_text/db238.txt,15,里,每次风浪虽欲漫淹，信心的锚抛牢幔里。,每次風浪雖欲漫淹，信心的錨拋牢幔裏。,每次風浪雖欲漫淹，信心的錨拋牢幔裏。
lyrics_db_text/db238.txt,23,只,只穿着祂作我义裳，无可指责被献座前。,只穿著祂作我義裳，無可指責被獻座前。,只穿着祂作我義裳，無可指責被獻座前。
lyrics_db_text/db239.txt,19,于,我今安息于耶稣，他是我的义皇；,我今安息於耶穌，他是我的義皇；,我今安息於耶穌，他是我的義皇；
lyrics_db_text/db24.txt,22,尽,纵令洋海尽是墨汁，无边穹苍都成白纸，,縱令洋海盡是墨汁，無邊穹蒼都成白紙，,縱令洋海盡是墨汁，無邊穹蒼都成白紙，
lyrics_db_text/db24.txt,25,干,墨干、笔弃、纸罄、人敝，未能写出半点。,墨乾、筆棄、紙罄、人敝，未能寫出半點。,墨乾、筆棄、紙罄、人敝，未能寫出半點。
lyrics_db_text/db240.txt,16,借,我因借着祂的儿子，就得像子那么亲。,我因藉著祂的兒子，就得像子那麼親。,我因藉着祂的兒子，就得像子那麼親。
lyrics_db_text/db240.txt,24,于,祂之于我一往情深，祂对我说：‘我属你’！,祂之於我一往情深，祂對我說：‘我屬你’！,祂之於我一往情深，祂對我説：‘我屬你’！
lyrics_db_text/db241.txt,16,恶里,我罪恶的捆绑，从里外全脱落，,我罪惡的捆綁，從裏外全脫落，,我罪惡的捆綁，從裏外全脱落，
lyrics_db_text/db243.txt,30,里,心里昼夜涌美辞、颂不辍；,心裏晝夜湧美辭、頌不輟；,心裏晝夜湧美辭、頌不輟；
lyrics_db_text/db244.txt,13,恶,我不再被罪恶捆绑；,我不再被罪惡捆綁；,我不再被罪惡捆綁；
lyrics_db_text/db244.txt,18,恶,罪恶失权势，情欲不能羁绊，,罪惡失權勢，情慾不能羈絆，,罪惡失權勢，情慾不能羈絆，
lyrics_db_text/db244.txt,24,冲,救主已为我冲破世界重围，,救主已為我衝破世界重圍，,救主已為我衝破世界重圍，
lyrics_db_text/db245.txt,7,尽,前在罪中为罪奴仆，受尽罪中痛苦；,前在罪中為罪奴僕，受盡罪中痛苦；,前在罪中為罪奴僕，受盡罪中痛苦；
lyrics_db_text/db245.txt,8,制,罪作我主，将我制伏，又将我捆缚；,罪作我主，將我制伏，又將我捆縛；,罪作我主，將我制伏，又將我捆縛；
lyrics_db_text/db245.txt,12,恶,我今已蒙主恩湛，脱离了罪恶霸权，,我今已蒙主恩湛，脫離了罪惡霸權，,我今已蒙主恩湛，脱離了罪惡霸權，
lyrics_db_text/db245.txt,13,于,畅饮于生命活泉，饱尝救恩盛筵；,暢飲於生命活泉，飽嘗救恩盛筵；,暢飲於生命活泉，飽嘗救恩盛筵；
lyrics_db_text/db246.txt,7,恶,罪恶的锁炼，曾使我难当，,罪惡的鎖煉，曾使我難當，,罪惡的鎖煉，曾使我難當，
lyrics_db_text/db246.txt,14,恶,我今已脱离罪恶的捆绑，,我今已脫離罪惡的捆綁，,我今已脱離罪惡的捆綁，
lyrics_db_text/db247.txt,2,借,得救的证实与快乐－借恩得救,得救的證實與快樂－借恩得救,得救的證實與快樂－借恩得救
lyrics_db_text/db247.txt,19,后,当我见主万年之后，仍像太阳照耀，,當我見主萬年之後，仍像太陽照耀，,當我見主萬年之後，仍像太陽照耀，
lyrics_db_text/db248.txt,2,借,得救的证实与快乐－借恩得救,得救的證實與快樂－借恩得救,得救的證實與快樂－借恩得救
lyrics_db_text/db248.txt,18,于,何能大于恩典！祂是神来人间，,何能大於恩典！祂是神來人間，,何能大於恩典！祂是神來人間，
lyrics_db_text/db248.txt,19,里面,祂是神在肉身显现，是神在我里面。,祂是神在肉身顯現，是神在我裏面。,祂是神在肉身顯現，是神在我裏面。
lyrics_db_text/db249.txt,2,借,得救的证实与快乐－借恩得救,得救的證實與快樂－借恩得救,得救的證實與快樂－借恩得救
lyrics_db_text/db249.txt,8,面,但我醒来何等喜欢，竟然得以面见我王。,但我醒來何等喜歡，竟然得以面見我王。,但我醒來何等喜歡，竟然得以面見我王。
lyrics_db_text/db249.txt,10,面,我要看见祂面对面，我要述说救我恩典；,我要看見祂面對面，我要述說救我恩典；,我要看見祂面對面，我要述説救我恩典；
lyrics_db_text/db249.txt,11,面,我要看见祂面对面，我要述说救我恩典。,我要看見祂面對面，我要述說救我恩典。,我要看見祂面對面，我要述説救我恩典。
lyrics_db_text/db249.txt,22,准,有日；所以我要准备，把灯剔亮，儆醒守待；,有日；所以我要準備，把燈剔亮，儆醒守待；,有日；所以我要準備，把燈剔亮，儆醒守待；
lyrics_db_text/db25.txt,12,里,且在子里已经出来，将这心意完成。,且在子裏已經出來，將這心意完成。,且在子裏已經出來，將這心意完成。
lyrics_db_text/db25.txt,16,后,好叫我们成为众子，与祂同作后嗣。,好叫我們成為眾子，與祂同作後嗣。,好叫我們成為眾子，與祂同作後嗣。
lyrics_db_text/db25.txt,20,于,有分于你神圣性情，得享你的丰富。,有分於你神聖性情，得享你的豐富。,有分於你神聖性情，得享你的豐富。
lyrics_db_text/db25.txt,24,里,灵里重生、灵里印证、灵里使我变化。,靈裏重生、靈裏印證、靈裏使我變化。,靈裏重生、靈裏印證、靈裏使我變化。
lyrics_db_text/db250.txt,2,借,得救的证实与快乐－借恩得救,得救的證實與快樂－借恩得救,得救的證實與快樂－借恩得救
lyrics_db_text/db250.txt,14,系,我主，让此恩典维系我这流浪的心怀。,我主，讓此恩典維繫我這流浪的心懷。,我主，讓此恩典維繫我這流浪的心懷。
lyrics_db_text/db250.txt,19,恶,我已得着你的救恩，脱离罪恶和死亡；,我已得著你的救恩，脫離罪惡和死亡；,我已得着你的救恩，脱離罪惡和死亡；
lyrics_db_text/db251.txt,2,借,得救的证实与快乐－借恩得救,得救的證實與快樂－借恩得救,得救的證實與快樂－借恩得救
lyrics_db_text/db251.txt,8,后,全是恩所赐，在我信之后；,全是恩所賜，在我信之後；,全是恩所賜，在我信之後；
lyrics_db_text/db251.txt,18,恶,从前我愚昧，罪恶辖我心，,從前我愚昧，罪惡轄我心，,從前我愚昧，罪惡轄我心，
lyrics_db_text/db251.txt,32,尽,让我再说明－用尽声音－,讓我再說明－用盡聲音－,讓我再説明－用盡聲音－
lyrics_db_text/db252.txt,27,于,完全得胜，在于荣美之地。,完全得勝，在於榮美之地。,完全得勝，在於榮美之地。
lyrics_db_text/db253.txt,8,于,‘我必永远不将你弃绝，你必永远属于我’。,‘我必永遠不將你棄絕，你必永遠屬於我’。,‘我必永遠不將你棄絕，你必永遠屬於我’。
lyrics_db_text/db254.txt,8,干,永不干涸的活泉；地上一切全都,永不乾涸的活泉；地上一切全都,永不乾涸的活泉；地上一切全都
lyrics_db_text/db254.txt,11,于干,我今饮于永不干涸的活泉，,我今飲於永不乾涸的活泉，,我今飲於永不乾涸的活泉，
lyrics_db_text/db254.txt,12,于,我今饮于生命活水泉源；甜美、喜乐、欢畅，,我今飲於生命活水泉源；甜美、喜樂、歡暢，,我今飲於生命活水泉源；甜美、喜樂、歡暢，
lyrics_db_text/db254.txt,13,于,何其无限无量，我今饮于生命活水泉源。,何其無限無量，我今飲於生命活水泉源。,何其無限無量，我今飲於生命活水泉源。
lyrics_db_text/db256.txt,14,里,从前心身全是重担，今日里外都是平安；,從前心身全是重擔，今日裏外都是平安；,從前心身全是重擔，今日裏外都是平安；
lyrics_db_text/db256.txt,31,只,他之爱我，直到万代！我之爱他，岂只现在？,他之愛我，直到萬代！我之愛他，豈只現在？,他之愛我，直到萬代！我之愛他，豈只現在？
lyrics_db_text/db257.txt,7,于,一生渴慕我能饮于一个清凉的泉源，,一生渴慕我能飲於一個清涼的泉源，,一生渴慕我能飲於一個清涼的泉源，
lyrics_db_text/db257.txt,8,干里面,得以解除里面所感火烧一般的渴干。,得以解除裏面所感火燒一般的渴乾。,得以解除裏面所感火燒一般的渴乾。
lyrics_db_text/db257.txt,12,借,借祂生命救了我。,借祂生命救了我。,借祂生命救了我。
lyrics_db_text/db257.txt,16,只,虽然想吃较佳之物，但仍只有忍饥饿。,雖然想喫較佳之物，但仍只有忍飢餓。,雖然想喫較佳之物，但仍只有忍飢餓。
lyrics_db_text/db257.txt,20,只,但我所得一切粪土，只使我求受侮辱。,但我所得一切糞土，只使我求受侮辱。,但我所得一切糞土，只使我求受侮辱。
lyrics_db_text/db257.txt,24,于,难言丰富，永无不足，我的救主之于我。,難言豐富，永無不足，我的救主之於我。,難言豐富，永無不足，我的救主之於我。
lyrics_db_text/db258.txt,11,历,历久爱情、生命、欢欣，都由耶稣赐下。,歷久愛情、生命、歡欣，都由耶穌賜下。,歷久愛情、生命、歡欣，都由耶穌賜下。
lyrics_db_text/db258.txt,14,干,我尝世间许多好味，干渴仍然极深；,我嘗世間許多好味，乾渴仍然極深；,我嘗世間許多好味，乾渴仍然極深；
lyrics_db_text/db258.txt,23,干,哎哟，水却完全漏失，讥讽我的干渴。,哎喲，水卻完全漏失，譏諷我的乾渴。,哎喲，水卻完全漏失，譏諷我的乾渴。
lyrics_db_text/db259.txt,27,谷,到底我当经过死谷？或将空中遇主？,到底我當經過死谷？或將空中遇主？,到底我當經過死谷？或將空中遇主？
lyrics_db_text/db26.txt,15,里面,哦，神的爱，你是深海，我罪都埋里面；,哦，神的愛，你是深海，我罪都埋裏面；,哦，神的愛，你是深海，我罪都埋裏面；
lyrics_db_text/db26.txt,19,里,在宝血里，我已寻出你爱心的踪迹；,在寶血裏，我已尋出你愛心的蹤跡；,在寶血裏，我已尋出你愛心的蹤跡；
lyrics_db_text/db260.txt,32,恶,当你遇试探，那恶者来迷惑，,當你遇試探，那惡者來迷惑，,當你遇試探，那惡者來迷惑，
lyrics_db_text/db262.txt,7,于,今有荣光照耀我魂间，胜于星月太阳；,今有榮光照耀我魂間，勝於星月太陽；,今有榮光照耀我魂間，勝於星月太陽；
lyrics_db_text/db262.txt,15,于尽,恩主在听，且也会听见，尽管我拙于唱。,恩主在聽，且也會聽見，儘管我拙於唱。,恩主在聽，且也會聽見，儘管我拙於唱。
lyrics_db_text/db262.txt,19,于,平安之鸽吟于我心坎，恩典之花开放。,平安之鴿吟於我心坎，恩典之花開放。,平安之鴿吟於我心坎，恩典之花開放。
lyrics_db_text/db263.txt,11,干恶,赎罪宝血洗我罪恶！生命活水解我干渴！,贖罪寶血洗我罪惡！生命活水解我乾渴！,贖罪寶血洗我罪惡！生命活水解我乾渴！
lyrics_db_text/db263.txt,20,于,注定于他，永不别倾，有他就有一切福分。,註定於他，永不別傾，有他就有一切福分。,註定於他，永不別傾，有他就有一切福分。
lyrics_db_text/db264.txt,10,里,真奥秘！真奥秘！在主里我与神永合一。,真奧祕！真奧祕！在主裏我與神永合一。,真奧祕！真奧祕！在主裏我與神永合一。
lyrics_db_text/db264.txt,13,复,真超脱！真超脱！我已经与基督同复活；,真超脫！真超脫！我已經與基督同復活；,真超脱！真超脱！我已經與基督同復活；
lyrics_db_text/db264.txt,14,后恶,是罪恶、是鬼魔，从今后都不能再缠我；,是罪惡、是鬼魔，從今後都不能再纏我；,是罪惡、是鬼魔，從今後都不能再纏我；
lyrics_db_text/db265.txt,10,后,由圣灵重生，作神后嗣。,由聖靈重生，作神後嗣。,由聖靈重生，作神後嗣。
lyrics_db_text/db266.txt,8,只,但我只知有了一位，在祂右边是救主。,但我只知有了一位，在祂右邊是救主。,但我只知有了一位，在祂右邊是救主。
lyrics_db_text/db266.txt,16,借只,但我只能连唱美诗，因祂救我借救主。,但我只能連唱美詩，因祂救我借救主。,但我只能連唱美詩，因祂救我借救主。
lyrics_db_text/db266.txt,23,里,但愿祂能在我心里，完全看见劳苦功绩，,但願祂能在我心裏，完全看見勞苦功績，,但願祂能在我心裏，完全看見勞苦功績，
lyrics_db_text/db269.txt,7,干里面,我如困鹿切慕溪水，里面干渴难言；,我如困鹿切慕溪水，裏面乾渴難言；,我如困鹿切慕溪水，裏面乾渴難言；
lyrics_db_text/db269.txt,8,复,哦神，我心惟你是追，并你复苏恩典。,哦神，我心惟你是追，並你復甦恩典。,哦神，我心惟你是追，並你復甦恩典。
lyrics_db_text/db269.txt,12,尽,深愿全人与你相亲，尽享你的自己。,深願全人與你相親，盡享你的自己。,深願全人與你相親，盡享你的自己。
lyrics_db_text/db270.txt,16,里,直到神一切充满在我里。,直到神一切充滿在我裏。,直到神一切充滿在我裏。
lyrics_db_text/db271.txt,13,借历,借着基督所经历的十架，,藉著基督所經歷的十架，,藉着基督所經歷的十架，
lyrics_db_text/db271.txt,14,借,借着他死所成功的击杀，,藉著他死所成功的擊殺，,藉着他死所成功的擊殺，
lyrics_db_text/db271.txt,16,里,迁我到你爱子光明国里。,遷我到你愛子光明國裏。,遷我到你愛子光明國裏。
lyrics_db_text/db271.txt,34,借,借他十架，得享丰盛生命。,借他十架，得享豐盛生命。,借他十架，得享豐盛生命。
lyrics_db_text/db272.txt,2,于,羡慕－神显于我,羨慕－神顯於我,羨慕－神顯於我
lyrics_db_text/db272.txt,12,借,神能凭它显能力，神能借它行神迹。,神能憑它顯能力，神能借它行神蹟。,神能憑它顯能力，神能借它行神蹟。
lyrics_db_text/db272.txt,16,借,神在它身无所要，仅要借它显荣耀。,神在它身無所要，僅要借它顯榮耀。,神在它身無所要，僅要借它顯榮耀。
lyrics_db_text/db272.txt,19,借只,神借荆棘来显现，无祂只见神火焰；,神借荊棘來顯現，無祂只見神火焰；,神借荊棘來顯現，無祂只見神火焰；
lyrics_db_text/db272.txt,20,借,愿我如此，借恩典使你荣耀显完全！,願我如此，借恩典使你榮耀顯完全！,願我如此，借恩典使你榮耀顯完全！
lyrics_db_text/db273.txt,12,面,我眼有泪珠，看不清你脸面，,我眼有淚珠，看不清你臉面，,我眼有淚珠，看不清你臉面，
lyrics_db_text/db274.txt,13,里,哦主，向我吹你圣灵，吹进烦扰的心里；,哦主，向我吹你聖靈，吹進煩擾的心裏；,哦主，向我吹你聖靈，吹進煩擾的心裏；
lyrics_db_text/db275.txt,23,面,一面顺服，一面流泪，但我不肯改变地位，,一面順服，一面流淚，但我不肯改變地位，,一面順服，一面流淚，但我不肯改變地位，
lyrics_db_text/db275.txt,29,只,我只想你回来，我只想你同在。,我只想你回來，我只想你同在。,我只想你回來，我只想你同在。
lyrics_db_text/db275.txt,33,只,你是我所朝夕思慕，只有你能使我满足，,你是我所朝夕思慕，只有你能使我滿足，,你是我所朝夕思慕，只有你能使我滿足，
lyrics_db_text/db277.txt,14,于,家中的用具乱堆于幽暗，,家中的用具亂堆於幽暗，,家中的用具亂堆於幽暗，
lyrics_db_text/db277.txt,33,尽恶,将黑暗、罪恶，驱逐得净尽：,將黑暗、罪惡，驅逐得淨盡：,將黑暗、罪惡，驅逐得淨盡：
lyrics_db_text/db278.txt,7,尽恶,光中之光，照进！罪恶之夜驱尽，,光中之光，照進！罪惡之夜驅盡，,光中之光，照進！罪惡之夜驅盡，
lyrics_db_text/db278.txt,8,于,白日显于内心，光中之光，照进！,白日顯於內心，光中之光，照進！,白日顯於內心，光中之光，照進！
lyrics_db_text/db278.txt,14,尽恶,乐中之乐，请进！罪恶之苦去尽，,樂中之樂，請進！罪惡之苦去盡，,樂中之樂，請進！罪惡之苦去盡，
lyrics_db_text/db278.txt,18,尽恶,命中之命，倾进！罪恶之死吞尽，,命中之命，傾進！罪惡之死吞盡，,命中之命，傾進！罪惡之死吞盡，
lyrics_db_text/db278.txt,19,复,复苏我的内心，命中之命，倾进！,復甦我的內心，命中之命，傾進！,復甦我的內心，命中之命，傾進！
lyrics_db_text/db278.txt,22,恶,爱中之爱，流进！罪恶之恨除根，,愛中之愛，流進！罪惡之恨除根，,愛中之愛，流進！罪惡之恨除根，
lyrics_db_text/db278.txt,26,云,天上之天，降临！破除云幔遮隐，,天上之天，降臨！破除雲幔遮隱，,天上之天，降臨！破除雲幔遮隱，
lyrics_db_text/db278.txt,27,尽,地上扰乱除尽，天上之天，降临！,地上擾亂除盡，天上之天，降臨！,地上擾亂除盡，天上之天，降臨！
lyrics_db_text/db279.txt,7,复,哦主，带着丰富请进，眷顾我这复苏之心，,哦主，帶著豐富請進，眷顧我這復甦之心，,哦主，帶着豐富請進，眷顧我這復甦之心，
lyrics_db_text/db279.txt,18,于,你是我心所爱。少于你者，请勿赐给，,你是我心所愛。少於你者，請勿賜給，,你是我心所愛。少於你者，請勿賜給，
lyrics_db_text/db279.txt,22,于后,从前一切失丧于你，今后一切是你自己，,從前一切失喪於你，今後一切是你自己，,從前一切失喪於你，今後一切是你自己，
lyrics_db_text/db279.txt,23,于,你是我们永分。蒙召有分于你交通，,你是我們永分。蒙召有分於你交通，,你是我們永分。蒙召有分於你交通，
lyrics_db_text/db279.txt,24,钟,你外不再有所爱钟，哦来，恩上加恩！,你外不再有所愛鍾，哦來，恩上加恩！,你外不再有所愛鍾，哦來，恩上加恩！
lyrics_db_text/db28.txt,8,恶,因你的爱何其真。我们死在罪恶之中，,因你的愛何其真。我們死在罪惡之中，,因你的愛何其真。我們死在罪惡之中，
lyrics_db_text/db28.txt,15,里,你作他们的救主。你在子里拣选我们,你作他們的救主。你在子裏揀選我們,你作他們的救主。你在子裏揀選我們
lyrics_db_text/db28.txt,23,发,要达天地最远边疆，发自蒙赎的大会。,要達天地最遠邊疆，發自蒙贖的大會。,要達天地最遠邊疆，發自蒙贖的大會。
lyrics_db_text/db280.txt,11,于,将你自己于我应用，向我吹你圣灵；,將你自己於我應用，向我吹你聖靈；,將你自己於我應用，向我吹你聖靈；
lyrics_db_text/db280.txt,12,历,使我经历与你同钉，模成你死之形。,使我經歷與你同釘，模成你死之形。,使我經歷與你同釘，模成你死之形。
lyrics_db_text/db280.txt,16,里面,愿你工作在我里面，杀死并且供应。,願你工作在我裏面，殺死並且供應。,願你工作在我裏面，殺死並且供應。
lyrics_db_text/db280.txt,19,于,当我天然被你治死，你就应用于我；,當我天然被你治死，你就應用於我；,當我天然被你治死，你就應用於我；
lyrics_db_text/db280.txt,23,征里面,在我里面掌权作王，征服倔强仇敌；,在我裏面掌權作王，征服倔強仇敵；,在我裏面掌權作王，征服倔強仇敵；
lyrics_db_text/db280.txt,27,余,从我除去罪的余烬，使我作你居所；,從我除去罪的餘燼，使我作你居所；,從我除去罪的餘燼，使我作你居所；
lyrics_db_text/db281.txt,14,只干,今只寻求基督，解我干渴；,今只尋求基督，解我乾渴；,今只尋求基督，解我乾渴；
lyrics_db_text/db281.txt,26,发,我心仍要发出临别节奏，,我心仍要發出臨別節奏，,我心仍要發出臨別節奏，
lyrics_db_text/db282.txt,8,历,如果你是命定要我历艰辛，,如果你是命定要我歷艱辛，,如果你是命定要我歷艱辛，
lyrics_db_text/db282.txt,20,尽,用你笑容鼓舞我来尽前途；,用你笑容鼓舞我來盡前途；,用你笑容鼓舞我來盡前途；
lyrics_db_text/db283.txt,12,里,愿我的所爱到这里来，与我永同在，,願我的所愛到這裏來，與我永同在，,願我的所愛到這裏來，與我永同在，
lyrics_db_text/db283.txt,13,里,尝我纯洁爱。愿我的所爱到这里来，,嘗我純潔愛。願我的所愛到這裏來，,嘗我純潔愛。願我的所愛到這裏來，
lyrics_db_text/db283.txt,17,发,哪哒香膏浇祂头，秀丽发擦祂脚；,哪噠香膏澆祂頭，秀麗發擦祂腳；,哪噠香膏澆祂頭，秀麗發擦祂腳；
lyrics_db_text/db284.txt,8,面,让我见你荣面，引我近你身边，,讓我見你榮面，引我近你身邊，,讓我見你榮面，引我近你身邊，
lyrics_db_text/db284.txt,9,后,然后听你慈言；没有间隔，,然後聽你慈言；沒有間隔，,然後聽你慈言；沒有間隔，
lyrics_db_text/db285.txt,7,只,求主带我上到高山，给我只见你自己，,求主帶我上到高山，給我只見你自己，,求主帶我上到高山，給我只見你自己，
lyrics_db_text/db285.txt,11,于,更在灵中饮于活泉，更得享受你自己。,更在靈中飲於活泉，更得享受你自己。,更在靈中飲於活泉，更得享受你自己。
lyrics_db_text/db286.txt,23,于,使你所许福气，应于我身。,使你所許福氣，應於我身。,使你所許福氣，應於我身。
lyrics_db_text/db287.txt,18,志里,有坚定把握，我志消失你旨里。,有堅定把握，我志消失你旨裏。,有堅定把握，我志消失你旨裏。
lyrics_db_text/db287.txt,23,面,和你面对面，交通有如人间友。,和你面對面，交通有如人間友。,和你面對面，交通有如人間友。
lyrics_db_text/db287.txt,28,面,我无法达到，除非安息你面前。,我無法達到，除非安息你面前。,我無法達到，除非安息你面前。
lyrics_db_text/db288.txt,15,尽,四境所见，尽是变迁朽腐；,四境所見，盡是變遷朽腐；,四境所見，盡是變遷朽腐；
lyrics_db_text/db288.txt,20,只,只带慈良，并你施医翅膀，,只帶慈良，並你施醫翅膀，,只帶慈良，並你施醫翅膀，
lyrics_db_text/db288.txt,38,谷面,照明幽谷，指我仰望你面；,照明幽谷，指我仰望你面；,照明幽谷，指我仰望你面；
lyrics_db_text/db288.txt,39,尽,或到你来，天晓，地影尽无；,或到你來，天曉，地影盡無；,或到你來，天曉，地影盡無；
lyrics_db_text/db289.txt,11,征,愿你为大，哦主耶稣！你爱征服了我；,願你為大，哦主耶穌！你愛征服了我；,願你為大，哦主耶穌！你愛征服了我；
lyrics_db_text/db29.txt,7,恶,我们从前所有，不过就是死亡、罪恶；,我們從前所有，不過就是死亡、罪惡；,我們從前所有，不過就是死亡、罪惡；
lyrics_db_text/db29.txt,27,表,我心若说要报你爱，聊以表明感戴，,我心若說要報你愛，聊以表明感戴，,我心若説要報你愛，聊以表明感戴，
lyrics_db_text/db29.txt,31,致,但愿我们对你大爱，不致当作买卖；,但願我們對你大愛，不致當作買賣；,但願我們對你大愛，不致當作買賣；
lyrics_db_text/db29.txt,32,尽,你向我们所有爱心，我们怎能报尽！,你向我們所有愛心，我們怎能報盡！,你向我們所有愛心，我們怎能報盡！
lyrics_db_text/db29.txt,40,只面,我们只好一面感激，一面因子安息。,我們只好一面感激，一面因子安息。,我們只好一面感激，一面因子安息。
lyrics_db_text/db290.txt,2,面,羡慕－活在主面前,羨慕－活在主面前,羨慕－活在主面前
lyrics_db_text/db290.txt,7,面,主耶稣，我羡慕活在你面前，,主耶穌，我羨慕活在你面前，,主耶穌，我羨慕活在你面前，
lyrics_db_text/db290.txt,8,只,在早晨，在晚上，只有一世间；,在早晨，在晚上，只有一世間；,在早晨，在晚上，只有一世間；
lyrics_db_text/db290.txt,13,干,眼泪流滴滴，主，擦干我眼泪，,眼淚流滴滴，主，擦乾我眼淚，,眼淚流滴滴，主，擦乾我眼淚，
lyrics_db_text/db290.txt,39,只,我今日所希望只有你再来，,我今日所希望只有你再來，,我今日所希望只有你再來，
lyrics_db_text/db290.txt,40,只,我那日所快乐只有你同在。,我那日所快樂只有你同在。,我那日所快樂只有你同在。
lyrics_db_text/db290.txt,41,面,主，求你教训我活在你面前，,主，求你教訓我活在你面前，,主，求你教訓我活在你面前，
lyrics_db_text/db290.txt,42,只,在早晨，在晚上，只有一世间；,在早晨，在晚上，只有一世間；,在早晨，在晚上，只有一世間；
lyrics_db_text/db291.txt,11,借,借你生命的水流，引我你路来行走。,借你生命的水流，引我你路來行走。,借你生命的水流，引我你路來行走。
lyrics_db_text/db291.txt,14,借里,你在我里作生命，借你活律来引领；,你在我裏作生命，借你活律來引領；,你在我裏作生命，借你活律來引領；
lyrics_db_text/db292.txt,8,里,在你身边我稳固，在你爱里我居住。,在你身邊我穩固，在你愛裏我居住。,在你身邊我穩固，在你愛裏我居住。
lyrics_db_text/db292.txt,11,面,我的前面无把握，救主，领我完世路。,我的前面無把握，救主，領我完世路。,我的前面無把握，救主，領我完世路。
lyrics_db_text/db292.txt,18,尽,救主，领我到尽头，直到你来的时候，,救主，領我到盡頭，直到你來的時候，,救主，領我到盡頭，直到你來的時候，
lyrics_db_text/db293.txt,13,只,否则我只能忧愁，不知如何生活。,否則我只能憂愁，不知如何生活。,否則我只能憂愁，不知如何生活。
lyrics_db_text/db293.txt,18,只,不问平坦与崎岖，只要是你拣选，,不問平坦與崎嶇，只要是你揀選，,不問平坦與崎嶇，只要是你揀選，
lyrics_db_text/db293.txt,30,余,主，我余生的小杯，求你随意倾注，,主，我餘生的小杯，求你隨意傾注，,主，我餘生的小杯，求你隨意傾注，
lyrics_db_text/db293.txt,37,恶,或是笑容或泪眼，美名或是恶名；,或是笑容或淚眼，美名或是惡名；,或是笑容或淚眼，美名或是惡名；
lyrics_db_text/db293.txt,39,只,不要自己的感觉，只要你的荣耀。,不要自己的感覺，只要你的榮耀。,不要自己的感覺，只要你的榮耀。
lyrics_db_text/db294.txt,16,发,迷失了你，我脚发软滑跌。,迷失了你，我腳發軟滑跌。,迷失了你，我腳發軟滑跌。
lyrics_db_text/db294.txt,19,面,紧握我手！前面道路不预晓，,緊握我手！前面道路不預曉，,緊握我手！前面道路不預曉，
lyrics_db_text/db294.txt,21,借,但是，当我借信瞥见你荣耀，,但是，當我借信瞥見你榮耀，,但是，當我借信瞥見你榮耀，
lyrics_db_text/db294.txt,22,发,我的喜乐立即发音成唱。,我的喜樂立即發音成唱。,我的喜樂立即發音成唱。
lyrics_db_text/db295.txt,7,只,只要是你道路，不论如何黑暗，,只要是你道路，不論如何黑暗，,只要是你道路，不論如何黑暗，
lyrics_db_text/db296.txt,14,历复,更多认识复活大能，更多经历无穷生命；,更多認識復活大能，更多經歷無窮生命；,更多認識復活大能，更多經歷無窮生命；
lyrics_db_text/db297.txt,2,里,羡慕－在主里的长进,羨慕－在主裏的長進,羨慕－在主裏的長進
lyrics_db_text/db297.txt,22,面,主！使我更属天，更常见你面，,主！使我更屬天，更常見你面，,主！使我更屬天，更常見你面，
lyrics_db_text/db298.txt,2,里,羡慕－在主里的长进,羨慕－在主裏的長進,羨慕－在主裏的長進
lyrics_db_text/db298.txt,14,恶,当你荣光照我心头，所有恶念都消；,當你榮光照我心頭，所有惡念都消；,當你榮光照我心頭，所有惡念都消；
lyrics_db_text/db298.txt,28,借,使我逐日借着你恩，更配与你相交。,使我逐日藉著你恩，更配與你相交。,使我逐日藉着你恩，更配與你相交。
lyrics_db_text/db299.txt,15,干,让我白白来畅饮，消除我的干渴；,讓我白白來暢飲，消除我的乾渴；,讓我白白來暢飲，消除我的乾渴；
lyrics_db_text/db299.txt,20,里,在你话并你灵里，饱尝你的大爱。,在你話並你靈裏，飽嘗你的大愛。,在你話並你靈裏，飽嘗你的大愛。
lyrics_db_text/db3.txt,7,于,荣耀、荣耀归于圣父，荣耀、荣耀归圣子，,榮耀、榮耀歸於聖父，榮耀、榮耀歸聖子，,榮耀、榮耀歸於聖父，榮耀、榮耀歸聖子，
lyrics_db_text/db3.txt,8,于,荣耀、荣耀归于圣灵，荣耀归神永无止。,榮耀、榮耀歸於聖靈，榮耀歸神永無止。,榮耀、榮耀歸於聖靈，榮耀歸神永無止。
lyrics_db_text/db3.txt,20,于,荣耀、荣耀归于圣父，荣耀、荣耀归圣子，,榮耀、榮耀歸於聖父，榮耀、榮耀歸聖子，,榮耀、榮耀歸於聖父，榮耀、榮耀歸聖子，
lyrics_db_text/db3.txt,21,于,荣耀、荣耀归于圣灵，荣耀归神永无止。,榮耀、榮耀歸於聖靈，榮耀歸神永無止。,榮耀、榮耀歸於聖靈，榮耀歸神永無止。
lyrics_db_text/db30.txt,19,里面,你要进入人的里面，与人调和，将人成全，,你要進入人的裏面，與人調和，將人成全，,你要進入人的裏面，與人調和，將人成全，
lyrics_db_text/db30.txt,24,借,借着救赎将人带回，显出万般爱心、智慧。,藉著救贖將人帶回，顯出萬般愛心、智慧。,藉着救贖將人帶回，顯出萬般愛心、智慧。
lyrics_db_text/db30.txt,27,复里,你在子里已经显出，死而复活成功救赎；,你在子裏已經顯出，死而復活成功救贖；,你在子裏已經顯出，死而復活成功救贖；
lyrics_db_text/db30.txt,28,借里面,借成那灵也已进入，在我里面施恩、眷顾。,借成那靈也已進入，在我裏面施恩、眷顧。,借成那靈也已進入，在我裏面施恩、眷顧。
lyrics_db_text/db30.txt,32,里,要我灵里与你相交，如同祭司烧香、祷告。,要我靈裏與你相交，如同祭司燒香、禱告。,要我靈裏與你相交，如同祭司燒香、禱告。
lyrics_db_text/db30.txt,40,里,心中感激你的大爱，灵里向你献上敬拜。,心中感激你的大愛，靈裏向你獻上敬拜。,心中感激你的大愛，靈裏向你獻上敬拜。
lyrics_db_text/db300.txt,23,面,观看主的荣光，与主面对面；,觀看主的榮光，與主面對面；,觀看主的榮光，與主面對面；
lyrics_db_text/db301.txt,25,于,圣洁而谦卑，于人无伤，,聖潔而謙卑，於人無傷，,聖潔而謙卑，於人無傷，
lyrics_db_text/db302.txt,15,里,灵里接触相交，我灵就刚强；,靈裏接觸相交，我靈就剛強；,靈裏接觸相交，我靈就剛強；
lyrics_db_text/db302.txt,16,里,灵里读经、祷告，我灵就高昂。,靈裏讀經、禱告，我靈就高昂。,靈裏讀經、禱告，我靈就高昂。
lyrics_db_text/db302.txt,28,冲,但愿我灵一冲，人灵就提起！,但願我靈一衝，人靈就提起！,但願我靈一衝，人靈就提起！
lyrics_db_text/db303.txt,7,面,祂的脸面，祂的天使常看见，,祂的臉面，祂的天使常看見，,祂的臉面，祂的天使常看見，
lyrics_db_text/db303.txt,10,面,他们不久也要看见祂脸面，,他們不久也要看見祂臉面，,他們不久也要看見祂臉面，
lyrics_db_text/db303.txt,19,尽,那日虽有无穷无尽的赞美，,那日雖有無窮無盡的讚美，,那日雖有無窮無盡的讚美，
lyrics_db_text/db303.txt,37,借,这些不久的祝福，我借这些与你联结。,這些不久的祝福，我借這些與你聯結。,這些不久的祝福，我借這些與你聯結。
lyrics_db_text/db303.txt,40,面,主，我羡慕早日看见你脸面，,主，我羨慕早日看見你臉面，,主，我羨慕早日看見你臉面，
lyrics_db_text/db304.txt,8,于,对于我的所有问题，求你以你为答应。,對於我的所有問題，求你以你為答應。,對於我的所有問題，求你以你為答應。
lyrics_db_text/db304.txt,14,里面,但愿你的荣耀火焰，今从里面就露襭。,但願你的榮耀火焰，今從裏面就露襭。,但願你的榮耀火焰，今從裏面就露襭。
lyrics_db_text/db304.txt,16,只,作你顺服、安静奴仆，只有被你来推动。,作你順服、安靜奴僕，只有被你來推動。,作你順服、安靜奴僕，只有被你來推動。
lyrics_db_text/db304.txt,19,发,所有肢体每个时刻，约束、等候你发言，,所有肢體每個時刻，約束、等候你發言，,所有肢體每個時刻，約束、等候你發言，
lyrics_db_text/db304.txt,20,准,准备为你前来负轭，或是不用放一边。,準備為你前來負軛，或是不用放一邊。,準備為你前來負軛，或是不用放一邊。
lyrics_db_text/db304.txt,28,于,对于我的所有问题，求你以你为答应。,對於我的所有問題，求你以你為答應。,對於我的所有問題，求你以你為答應。
lyrics_db_text/db305.txt,8,发,所有必须发生变更，我不害怕看到；,所有必須發生變更，我不害怕看到；,所有必須發生變更，我不害怕看到；
lyrics_db_text/db305.txt,13,干,常以笑容欢迎事态，擦干不禁眼泪，,常以笑容歡迎事態，擦乾不禁眼淚，,常以笑容歡迎事態，擦乾不禁眼淚，
lyrics_db_text/db305.txt,17,志,我不要有不安意志，急忙到东到西，,我不要有不安意志，急忙到東到西，,我不要有不安意志，急忙到東到西，
lyrics_db_text/db305.txt,23,发,我与人心有个交契，我要保守发旺，,我與人心有個交契，我要保守發旺，,我與人心有個交契，我要保守發旺，
lyrics_db_text/db305.txt,28,里,心能从里与外调和，当我与你契交；,心能從裏與外調和，當我與你契交；,心能從裏與外調和，當我與你契交；
lyrics_db_text/db305.txt,29,只,满意只占微小旁侧，若你能得荣耀。,滿意只佔微小旁側，若你能得榮耀。,滿意只佔微小旁側，若你能得榮耀。
lyrics_db_text/db305.txt,34,里,但心靠你若是卑下，无论那里可爱。,但心靠你若是卑下，無論那裏可愛。,但心靠你若是卑下，無論那裏可愛。
lyrics_db_text/db307.txt,23,面,助我献完全的祭在你面前；,助我獻完全的祭在你面前；,助我獻完全的祭在你面前；
lyrics_db_text/db308.txt,7,复,世上景色我已一阅，愿你使我目复盲；,世上景色我已一閱，願你使我目復盲；,世上景色我已一閲，願你使我目復盲；
lyrics_db_text/db308.txt,10,复,世上景色我已一阅，愿你使我目复盲；,世上景色我已一閱，願你使我目復盲；,世上景色我已一閲，願你使我目復盲；
lyrics_db_text/db308.txt,14,云,晨曦、晚霞、星光、云锦，,晨曦、晚霞、星光、雲錦，,晨曦、晚霞、星光、雲錦，
lyrics_db_text/db308.txt,24,发,祂受人欺，祂被人讥，我见祂的发光脸。,祂受人欺，祂被人譏，我見祂的發光臉。,祂受人欺，祂被人譏，我見祂的發光臉。
lyrics_db_text/db308.txt,27,云,超过月亮，超过日头，超过星河并云霄，,超過月亮，超過日頭，超過星河並雲霄，,超過月亮，超過日頭，超過星河並雲霄，
lyrics_db_text/db308.txt,29,后,这首诗歌是一位姊妹写的。她原来双目失明，当另一位姊妹为她按手祷告之后，她的眼睛得了医治，她就写了这首诗歌。第一节‘你’就是指为她按手的姊妹。,這首詩歌是一位姊妹寫的。她原來雙目失明，當另一位姊妹為她按手禱告之後，她的眼睛得了醫治，她就寫了這首詩歌。第一節‘你’就是指為她按手的姊妹。,這首詩歌是一位姊妹寫的。她原來雙目失明，當另一位姊妹為她按手禱告之後，她的眼睛得了醫治，她就寫了這首詩歌。第一節‘你’就是指為她按手的姊妹。
lyrics_db_text/db309.txt,10,恶,善虽愿意作不来，恶虽恨恶脱不开。,善雖願意作不來，惡雖恨惡脫不開。,善雖願意作不來，惡雖恨惡脱不開。
lyrics_db_text/db309.txt,13,里面,里面意思虽要神，外头行为总可恨；,裏面意思雖要神，外頭行為總可恨；,裏面意思雖要神，外頭行為總可恨；
lyrics_db_text/db309.txt,15,恶,神律才显罪便在，善念一动恶也来；,神律纔顯罪便在，善念一動惡也來；,神律纔顯罪便在，善念一動惡也來；
lyrics_db_text/db309.txt,16,斗,肢体的律掳了我，挣扎奋斗终难脱。,肢體的律擄了我，掙扎奮鬥終難脫。,肢體的律擄了我，掙扎奮鬥終難脱。
lyrics_db_text/db309.txt,19,志,多次跌倒多次起，时而立志时而遗，,多次跌倒多次起，時而立志時而遺，,多次跌倒多次起，時而立志時而遺，
lyrics_db_text/db309.txt,43,恶,完全圣洁无恶意！完全顺服无自己－,完全聖潔無惡意！完全順服無自己－,完全聖潔無惡意！完全順服無自己－
lyrics_db_text/db309.txt,44,面,不再觉羞到父前！不再难过见主面！,不再覺羞到父前！不再難過見主面！,不再覺羞到父前！不再難過見主面！
lyrics_db_text/db31.txt,9,后,还要保守，还要保守，我们今后永稳固。,還要保守，還要保守，我們今後永穩固。,還要保守，還要保守，我們今後永穩固。
lyrics_db_text/db31.txt,10,后,我们今后永稳固。,我們今後永穩固。,我們今後永穩固。
lyrics_db_text/db310.txt,13,尽,惟恐我的末日已定，用尽全身所有力量；,惟恐我的末日已定，用盡全身所有力量；,惟恐我的末日已定，用盡全身所有力量；
lyrics_db_text/db310.txt,19,复,奇哉！又像无法脱身，我的胆量又复加甚。,奇哉！又像無法脫身，我的膽量又復加甚。,奇哉！又像無法脱身，我的膽量又復加甚。
lyrics_db_text/db310.txt,23,只,我仍不知所战为谁，只知祂有很大赏赐；,我仍不知所戰為誰，只知祂有很大賞賜；,我仍不知所戰為誰，只知祂有很大賞賜；
lyrics_db_text/db310.txt,37,冲,瞬息之间，光满我心，如同洪流冲破堤防，,瞬息之間，光滿我心，如同洪流衝破堤防，,瞬息之間，光滿我心，如同洪流衝破堤防，
lyrics_db_text/db310.txt,38,尽,我就看见荣耀无尽，迫我敬拜、迫我隐藏；,我就看見榮耀無盡，迫我敬拜、迫我隱藏；,我就看見榮耀無盡，迫我敬拜、迫我隱藏；
lyrics_db_text/db310.txt,52,面,怎么可能！怎么可以！见神的面，与神相持！,怎麼可能！怎麼可以！見神的面，與神相持！,怎麼可能！怎麼可以！見神的面，與神相持！
lyrics_db_text/db310.txt,57,于,我恨自己过于昏沉，因为骄傲瞎了眼睛；,我恨自己過於昏沉，因為驕傲瞎了眼睛；,我恨自己過於昏沉，因為驕傲瞎了眼睛；
lyrics_db_text/db310.txt,59,只,浑身无力，何只一腿？百节俱脱，全人崩溃！,渾身無力，何只一腿？百節俱脫，全人崩潰！,渾身無力，何只一腿？百節俱脱，全人崩潰！
lyrics_db_text/db310.txt,63,只,保全自己，将神牺牲，愚昧的心只知快意，,保全自己，將神犧牲，愚昧的心只知快意，,保全自己，將神犧牲，愚昧的心只知快意，
lyrics_db_text/db310.txt,64,于,我还以为祝福在于强神来听我的所欲。,我還以為祝福在於強神來聽我的所欲。,我還以為祝福在於強神來聽我的所欲。
lyrics_db_text/db310.txt,72,恶,世界竟有如此邪恶、骄傲、顽固、诡诈的人！,世界竟有如此邪惡、驕傲、頑固、詭詐的人！,世界竟有如此邪惡、驕傲、頑固、詭詐的人！
lyrics_db_text/db310.txt,74,只,我无可望，只望怜悯，你来怜悯败坏这心。,我無可望，只望憐憫，你來憐憫敗壞這心。,我無可望，只望憐憫，你來憐憫敗壞這心。
lyrics_db_text/db311.txt,16,志,使我意志服你的，谦卑顺服到死地。,使我意志服你的，謙卑順服到死地。,使我意志服你的，謙卑順服到死地。
lyrics_db_text/db311.txt,20,只,只在你的光中行，只靠你的能力动。,只在你的光中行，只靠你的能力動。,只在你的光中行，只靠你的能力動。
lyrics_db_text/db312.txt,16,于,给我觉得安息于你，并不一定可靠。,給我覺得安息於你，並不一定可靠。,給我覺得安息於你，並不一定可靠。
lyrics_db_text/db312.txt,20,里,惟独让你作王掌权，里外全都管理。,惟獨讓你作王掌權，裏外全都管理。,惟獨讓你作王掌權，裏外全都管理。
lyrics_db_text/db313.txt,8,只,这个重大圣洁成绩，只你有办法。,這個重大聖潔成績，只你有辦法。,這個重大聖潔成績，只你有辦法。
lyrics_db_text/db313.txt,10,里面,求主倒空我脱自己，里面无良善；,求主倒空我脫自己，裏面無良善；,求主倒空我脱自己，裏面無良善；
lyrics_db_text/db313.txt,12,里面,求主倒空我脱自己，里面真黑暗。,求主倒空我脫自己，裏面真黑暗。,求主倒空我脱自己，裏面真黑暗。
lyrics_db_text/db313.txt,24,里,到底是在那里有失，信心不坦然？,到底是在那裏有失，信心不坦然？,到底是在那裏有失，信心不坦然？
lyrics_db_text/db314.txt,13,里面,在我老旧天性里面，己是强而有力：,在我老舊天性裏面，己是強而有力：,在我老舊天性裏面，己是強而有力：
lyrics_db_text/db314.txt,15,面,全都随着己意。己的各面必须拒绝，,全都隨著己意。己的各面必須拒絕，,全都隨着己意。己的各面必須拒絕，
lyrics_db_text/db314.txt,16,于,必须置于死地，我才能进灵中迦南，,必須置於死地，我纔能進靈中迦南，,必須置於死地，我纔能進靈中迦南，
lyrics_db_text/db314.txt,21,复里面,愿‘我’失去在你里面，永远不得复辟。,願‘我’失去在你裏面，永遠不得復辟。,願‘我’失去在你裏面，永遠不得復辟。
lyrics_db_text/db314.txt,29,只,只以基督为我夸耀，惟独将祂高举。,只以基督為我誇耀，惟獨將祂高舉。,只以基督為我誇耀，惟獨將祂高舉。
lyrics_db_text/db314.txt,33,复面,所有己的各方各面，永远不再复起。,所有己的各方各面，永遠不再復起。,所有己的各方各面，永遠不再復起。
lyrics_db_text/db315.txt,11,里面,圣洁里面仍有行为，谦卑时候仍凭自己；,聖潔裏面仍有行為，謙卑時候仍憑自己；,聖潔裏面仍有行為，謙卑時候仍憑自己；
lyrics_db_text/db315.txt,23,只,我的所有难脱旧造，只要一动就有自己；,我的所有難脫舊造，只要一動就有自己；,我的所有難脱舊造，只要一動就有自己；
lyrics_db_text/db315.txt,27,只,不敢祈求、不敢应许，主，我只能向你注视；,不敢祈求、不敢應許，主，我只能向你注視；,不敢祈求、不敢應許，主，我只能向你注視；
lyrics_db_text/db316.txt,14,历,我想我是丢弃自己，但我不忘自己经历！,我想我是丟棄自己，但我不忘自己經歷！,我想我是丟棄自己，但我不忘自己經歷！
lyrics_db_text/db316.txt,27,表,当有朋友向我慰问，向我苦情表示同情，,當有朋友向我慰問，向我苦情表示同情，,當有朋友向我慰問，向我苦情表示同情，
lyrics_db_text/db316.txt,59,尽,我是羞耻，羞耻无尽，我有如此败坏的心。,我是羞恥，羞恥無盡，我有如此敗壞的心。,我是羞恥，羞恥無盡，我有如此敗壞的心。
lyrics_db_text/db316.txt,62,准,我的言语何等不准，我的生命何等肤浅，,我的言語何等不準，我的生命何等膚淺，,我的言語何等不準，我的生命何等膚淺，
lyrics_db_text/db316.txt,64,恶,我今恨恶我的自己，主阿，我的希望在你。,我今恨惡我的自己，主阿，我的希望在你。,我今恨惡我的自己，主阿，我的希望在你。
lyrics_db_text/db317.txt,8,志,从那怕有大志之惧，从那不敢上进之虚，,從那怕有大志之懼，從那不敢上進之虛，,從那怕有大志之懼，從那不敢上進之虛，
lyrics_db_text/db317.txt,19,云冲,使我不像沉海沙土，却能上腾冲出云雾。,使我不像沉海沙土，卻能上騰衝出雲霧。,使我不像沉海沙土，卻能上騰衝出雲霧。
lyrics_db_text/db318.txt,20,干,求你引领！擦干我的眼泪，,求你引領！擦乾我的眼淚，,求你引領！擦乾我的眼淚，
lyrics_db_text/db32.txt,22,于,我得永远属于你，享受你的丰盛。,我得永遠屬於你，享受你的豐盛。,我得永遠屬於你，享受你的豐盛。
lyrics_db_text/db320.txt,7,干,哦神，一棵没有祝福、枯干而无安息的树，,哦神，一棵沒有祝福、枯乾而無安息的樹，,哦神，一棵沒有祝福、枯乾而無安息的樹，
lyrics_db_text/db320.txt,18,志,顽固意志，如石未碎，虽含金质难显宝贵；,頑固意志，如石未碎，雖含金質難顯寶貴；,頑固意志，如石未碎，雖含金質難顯寶貴；
lyrics_db_text/db320.txt,25,干,好像磨石压碎麦子，也像干果破壳供食；,好像磨石壓碎麥子，也像乾果破殼供食；,好像磨石壓碎麥子，也像乾果破殼供食；
lyrics_db_text/db320.txt,32,制,为你事工要将我制作。,為你事工要將我製作。,為你事工要將我製作。
lyrics_db_text/db320.txt,35,制,好像金块经过模制，就成各种有用样式；,好像金塊經過模製，就成各種有用樣式；,好像金塊經過模製，就成各種有用樣式；
lyrics_db_text/db320.txt,36,制,也像麦粉经过泡制，水调火烤，可供人食；,也像麥粉經過泡製，水調火烤，可供人食；,也像麥粉經過泡製，水調火烤，可供人食；
lyrics_db_text/db320.txt,37,制,照样用火将我来制作，永远勿让你爱废弃我’。,照樣用火將我來製作，永遠勿讓你愛廢棄我’。,照樣用火將我來製作，永遠勿讓你愛廢棄我’。
lyrics_db_text/db321.txt,9,于,我心痛苦，不能安息，除非我心安息于你。,我心痛苦，不能安息，除非我心安息於你。,我心痛苦，不能安息，除非我心安息於你。
lyrics_db_text/db321.txt,14,志,我志虽定，我情却离，我欲向你，反而背你。,我志雖定，我情卻離，我欲向你，反而揹你。,我志雖定，我情卻離，我欲向你，反而揹你。
lyrics_db_text/db321.txt,24,借,我心才会不再拘泥，当它借你得了安息。,我心纔會不再拘泥，當它借你得了安息。,我心纔會不再拘泥，當它借你得了安息。
lyrics_db_text/db321.txt,28,恶,恶欲邪情钉死绝迹，不私留一宝贝罪恶；,惡欲邪情釘死絕跡，不私留一寶貝罪惡；,惡欲邪情釘死絕跡，不私留一寶貝罪惡；
lyrics_db_text/db322.txt,26,借后,所以今后真不愿意再借天然能力。,所以今後真不願意再借天然能力。,所以今後真不願意再借天然能力。
lyrics_db_text/db323.txt,11,借,光来明显一切，主，光来除去自借，主，,光來明顯一切，主，光來除去自借，主，,光來明顯一切，主，光來除去自借，主，
lyrics_db_text/db323.txt,16,准,求你对准你光线在我身上，我主！,求你對準你光線在我身上，我主！,求你對準你光線在我身上，我主！
lyrics_db_text/db324.txt,14,于,对于我的自己，我真不够认识；,對於我的自己，我真不夠認識；,對於我的自己，我真不夠認識；
lyrics_db_text/db324.txt,18,于,对于你的自己，我更缺少认识；,對於你的自己，我更缺少認識；,對於你的自己，我更缺少認識；
lyrics_db_text/db324.txt,22,于,对于你的生命，我也缺乏认识；,對於你的生命，我也缺乏認識；,對於你的生命，我也缺乏認識；
lyrics_db_text/db324.txt,26,于,对于你的道路，我也常是迷糊；,對於你的道路，我也常是迷糊；,對於你的道路，我也常是迷糊；
lyrics_db_text/db324.txt,27,于,因着偏于单独，就难认识正路。,因著偏於單獨，就難認識正路。,因着偏於單獨，就難認識正路。
lyrics_db_text/db324.txt,30,于,对于你的旨意，我也不够认识；,對於你的旨意，我也不夠認識；,對於你的旨意，我也不夠認識；
lyrics_db_text/db324.txt,34,于,对于你的召会，我更需要启示；,對於你的召會，我更需要啟示；,對於你的召會，我更需要啓示；
lyrics_db_text/db325.txt,12,只,只觉自己如何奋勉，如何上前。,只覺自己如何奮勉，如何上前。,只覺自己如何奮勉，如何上前。
lyrics_db_text/db325.txt,15,里面,当我住在黑暗里面，我就不知自己肤浅，,當我住在黑暗裏面，我就不知自己膚淺，,當我住在黑暗裏面，我就不知自己膚淺，
lyrics_db_text/db325.txt,19,面,当我来到你的面前，亮光刺破遮蔽幕帘，,當我來到你的面前，亮光刺破遮蔽幕簾，,當我來到你的面前，亮光刺破遮蔽幕簾，
lyrics_db_text/db325.txt,23,只面,在你面前我只萎缩，一切萎缩、一切消没，,在你面前我只萎縮，一切萎縮、一切消沒，,在你面前我只萎縮，一切萎縮、一切消沒，
lyrics_db_text/db325.txt,28,只,只有自惭，只有自懊，能否祷告？,只有自慚，只有自懊，能否禱告？,只有自慚，只有自懊，能否禱告？
lyrics_db_text/db326.txt,19,复,求主复兴、复兴我，阿们！,求主復興、復興我，阿們！,求主復興、復興我，阿們！
lyrics_db_text/db327.txt,13,恶,使我倒空我器皿，罪恶认清；,使我倒空我器皿，罪惡認清；,使我倒空我器皿，罪惡認清；
lyrics_db_text/db327.txt,14,恶,倒空器皿，罪恶认清，彻底认清。,倒空器皿，罪惡認清，徹底認清。,倒空器皿，罪惡認清，徹底認清。
lyrics_db_text/db327.txt,18,复,求主充满我的灵，使我复兴；,求主充滿我的靈，使我復興；,求主充滿我的靈，使我復興；
lyrics_db_text/db327.txt,19,复,充满我灵，使我复兴，全人复兴。,充滿我靈，使我復興，全人復興。,充滿我靈，使我復興，全人復興。
lyrics_db_text/db328.txt,7,面,主，你荣面是我所羡，开启我眼使我看见；,主，你榮面是我所羨，開啟我眼使我看見；,主，你榮面是我所羨，開啓我眼使我看見；
lyrics_db_text/db328.txt,9,面,恩主，我今寻求你面，愿你不再向我隐瞒；,恩主，我今尋求你面，願你不再向我隱瞞；,恩主，我今尋求你面，願你不再向我隱瞞；
lyrics_db_text/db328.txt,10,面,开启我眼，使我看见你的荣面！,開啟我眼，使我看見你的榮面！,開啓我眼，使我看見你的榮面！
lyrics_db_text/db328.txt,14,恶,愿你声音绕我耳边，消除恶者一切谎言。,願你聲音繞我耳邊，消除惡者一切謊言。,願你聲音繞我耳邊，消除惡者一切謊言。
lyrics_db_text/db328.txt,15,面,恩主，我今寻求你面，愿你不再向我隐瞒；,恩主，我今尋求你面，願你不再向我隱瞞；,恩主，我今尋求你面，願你不再向我隱瞞；
lyrics_db_text/db328.txt,20,里面,愿你丰满溢我心间，使我失去在你里面。,願你豐滿溢我心間，使我失去在你裏面。,願你豐滿溢我心間，使我失去在你裏面。
lyrics_db_text/db328.txt,21,面,恩主，我今寻求你面，愿你不再向我隐瞒；,恩主，我今尋求你面，願你不再向我隱瞞；,恩主，我今尋求你面，願你不再向我隱瞞；
lyrics_db_text/db329.txt,17,后,有人竟把主撇在背后，,有人竟把主撇在背後，,有人竟把主撇在背後，
lyrics_db_text/db329.txt,18,恶,有人竟随从恶人计谋，,有人竟隨從惡人計謀，,有人竟隨從惡人計謀，
lyrics_db_text/db329.txt,35,面,有人将被提到主面前，,有人將被提到主面前，,有人將被提到主面前，
lyrics_db_text/db33.txt,7,里,父神阿，你在羔羊里，是我的希望和安息，,父神阿，你在羔羊裏，是我的希望和安息，,父神阿，你在羔羊裏，是我的希望和安息，
lyrics_db_text/db33.txt,8,表,你名所表一切慈仁，都是为着赐福我们。,你名所表一切慈仁，都是為著賜福我們。,你名所表一切慈仁，都是為着賜福我們。
lyrics_db_text/db33.txt,12,借,我们属你，是借宝血，作你儿女，永远联结。,我們屬你，是借寶血，作你兒女，永遠聯結。,我們屬你，是借寶血，作你兒女，永遠聯結。
lyrics_db_text/db330.txt,19,于复,亲友、欲好、利名，于我夫复何用？,親友、欲好、利名，於我夫復何用？,親友、欲好、利名，於我夫復何用？
lyrics_db_text/db330.txt,32,只,只求我主用你爱情，绕我灵、魂、身体。,只求我主用你愛情，繞我靈、魂、身體。,只求我主用你愛情，繞我靈、魂、身體。
lyrics_db_text/db331.txt,8,复,将你洗得清洁，使你从死复生。,將你洗得清潔，使你從死復生。,將你洗得清潔，使你從死復生。
lyrics_db_text/db331.txt,22,于,为你，我受多苦，过于你口能述，,為你，我受多苦，過於你口能述，,為你，我受多苦，過於你口能述，
lyrics_db_text/db331.txt,28,复,救恩无以复加，赦免陪同慈爱。,救恩無以復加，赦免陪同慈愛。,救恩無以復加，赦免陪同慈愛。
lyrics_db_text/db332.txt,7,于,哦，那不肯放我之爱，我将疲魂安息于你；,哦，那不肯放我之愛，我將疲魂安息於你；,哦，那不肯放我之愛，我將疲魂安息於你；
lyrics_db_text/db332.txt,8,余,我把所欠余生归来，好使它在你这深海，,我把所欠餘生歸來，好使它在你這深海，,我把所欠餘生歸來，好使它在你這深海，
lyrics_db_text/db332.txt,13,借复,我心因得你光复亮，它的日子借你太阳，,我心因得你光復亮，它的日子借你太陽，,我心因得你光復亮，它的日子借你太陽，
lyrics_db_text/db333.txt,19,尽,尽都是偶像，使人颠倒；,盡都是偶像，使人顛倒；,盡都是偶像，使人顛倒；
lyrics_db_text/db333.txt,33,里,并他心里柔爱的流露。,並他心裏柔愛的流露。,並他心裏柔愛的流露。
lyrics_db_text/db333.txt,51,干,与偶像还有什么相干？,與偶像還有什麼相干？,與偶像還有什麼相干？
lyrics_db_text/db334.txt,7,于,绝对分别出来，归于主圣灵！,絕對分別出來，歸於主聖靈！,絕對分別出來，歸於主聖靈！
lyrics_db_text/db334.txt,12,于,绝对分别出来，归于万有主，,絕對分別出來，歸於萬有主，,絕對分別出來，歸於萬有主，
lyrics_db_text/db334.txt,16,于,绝对分别出来，归于主圣灵！,絕對分別出來，歸於主聖靈！,絕對分別出來，歸於主聖靈！
lyrics_db_text/db334.txt,22,于,绝对分别出来，归于神旨意！,絕對分別出來，歸於神旨意！,絕對分別出來，歸於神旨意！
lyrics_db_text/db334.txt,36,制,脱离罪的辖制、疑惑与恐惧，,脫離罪的轄制、疑惑與恐懼，,脱離罪的轄制、疑惑與恐懼，
lyrics_db_text/db334.txt,41,面,在祂面前等候，照祂的心意；,在祂面前等候，照祂的心意；,在祂面前等候，照祂的心意；
lyrics_db_text/db334.txt,43,里面,将我里面各部完全都炼净。,將我裏面各部完全都煉淨。,將我裏面各部完全都煉淨。
lyrics_db_text/db334.txt,48,后里面,今后里面亮光永不再变暗，,今後裏面亮光永不再變暗，,今後裏面亮光永不再變暗，
lyrics_db_text/db335.txt,10,后,我已越过分别界线，世界已丢在背后。,我已越過分別界線，世界已丟在背後。,我已越過分別界線，世界已丟在背後。
lyrics_db_text/db335.txt,12,后,远远丢背后，远远丢背后，,遠遠丟背後，遠遠丟背後，,遠遠丟背後，遠遠丟背後，
lyrics_db_text/db335.txt,13,后,我已越过分别界线，世界已丢在背后。,我已越過分別界線，世界已丟在背後。,我已越過分別界線，世界已丟在背後。
lyrics_db_text/db335.txt,19,后,就愿为祂舍去所有，世界已丢在背后。,就願為祂捨去所有，世界已丟在背後。,就願為祂捨去所有，世界已丟在背後。
lyrics_db_text/db335.txt,21,后,远远丢背后，远远丢背后，,遠遠丟背後，遠遠丟背後，,遠遠丟背後，遠遠丟背後，
lyrics_db_text/db335.txt,22,后,就愿为祂舍去所有，世界已丢在背后。,就願為祂捨去所有，世界已丟在背後。,就願為祂捨去所有，世界已丟在背後。
lyrics_db_text/db335.txt,28,后尽,地的捆绑就此脱尽，世界已丢在背后。,地的捆綁就此脫盡，世界已丟在背後。,地的捆綁就此脱盡，世界已丟在背後。
lyrics_db_text/db335.txt,30,后,远远丢背后，远远丢背后，,遠遠丟背後，遠遠丟背後，,遠遠丟背後，遠遠丟背後，
lyrics_db_text/db335.txt,31,后尽,地的捆绑就此脱尽，世界已丢在背后。,地的捆綁就此脫盡，世界已丟在背後。,地的捆綁就此脱盡，世界已丟在背後。
lyrics_db_text/db335.txt,35,于,我也不求更好福音，过于祂赐的宽恕；,我也不求更好福音，過於祂賜的寬恕；,我也不求更好福音，過於祂賜的寬恕；
lyrics_db_text/db335.txt,37,后,已往一切实为可恨，世界已丢在背后。,已往一切實為可恨，世界已丟在背後。,已往一切實為可恨，世界已丟在背後。
lyrics_db_text/db335.txt,39,后,远远丢背后，远远丢背后，,遠遠丟背後，遠遠丟背後，,遠遠丟背後，遠遠丟背後，
lyrics_db_text/db335.txt,40,后,已往一切实为可恨，世界已丢在背后。,已往一切實為可恨，世界已丟在背後。,已往一切實為可恨，世界已丟在背後。
lyrics_db_text/db336.txt,17,于,恩主，求你使我愿意出到营外归于你，,恩主，求你使我願意出到營外歸於你，,恩主，求你使我願意出到營外歸於你，
lyrics_db_text/db337.txt,8,面,我要永远爱主，随主，天天活在主面前。,我要永遠愛主，隨主，天天活在主面前。,我要永遠愛主，隨主，天天活在主面前。
lyrics_db_text/db339.txt,23,于,得着我心与我意，全归于你不他依；,得著我心與我意，全歸於你不他依；,得着我心與我意，全歸於你不他依；
lyrics_db_text/db339.txt,24,于,得着我爱与我情，全注于你不别倾。,得著我愛與我情，全注於你不別傾。,得着我愛與我情，全注於你不別傾。
lyrics_db_text/db339.txt,28,里,爱你、念你、事奉你，永远失去在你里。,愛你、念你、事奉你，永遠失去在你裏。,愛你、念你、事奉你，永遠失去在你裏。
lyrics_db_text/db34.txt,7,于,荣耀归于父神，祂已作大事；,榮耀歸於父神，祂已作大事；,榮耀歸於父神，祂已作大事；
lyrics_db_text/db34.txt,14,借,哦，来就近父神，借着祂儿子，,哦，來就近父神，藉著祂兒子，,哦，來就近父神，藉着祂兒子，
lyrics_db_text/db34.txt,25,借,我们也要大乐，借着祂儿子；,我們也要大樂，藉著祂兒子；,我們也要大樂，藉着祂兒子；
lyrics_db_text/db340.txt,14,发,凡你赐我的，全都不缺。求你向我发言，,凡你賜我的，全都不缺。求你向我發言，,凡你賜我的，全都不缺。求你向我發言，
lyrics_db_text/db341.txt,2,于,奉献－属于主,奉獻－屬於主,奉獻－屬於主
lyrics_db_text/db341.txt,9,后,我已弃绝化装偶像，今后不再属自己；,我已棄絕化裝偶像，今後不再屬自己；,我已棄絕化裝偶像，今後不再屬自己；
lyrics_db_text/db341.txt,13,于,我今属于基督，不再属于自己。,我今屬於基督，不再屬於自己。,我今屬於基督，不再屬於自己。
lyrics_db_text/db341.txt,16,于只,哦，只属于我主基督，带来何等的安息！,哦，只屬於我主基督，帶來何等的安息！,哦，只屬於我主基督，帶來何等的安息！
lyrics_db_text/db341.txt,18,于,荣耀恩主，将我接收，使我完全属于你，,榮耀恩主，將我接收，使我完全屬於你，,榮耀恩主，將我接收，使我完全屬於你，
lyrics_db_text/db342.txt,7,只,活着为耶稣，只望能单纯，,活著為耶穌，只望能單純，,活着為耶穌，只望能單純，
lyrics_db_text/db342.txt,15,只,我的一生一世，基督，只要为你生活。,我的一生一世，基督，只要為你生活。,我的一生一世，基督，只要為你生活。
lyrics_db_text/db344.txt,9,制,制造又甄陶，照你美意；,製造又甄陶，照你美意；,製造又甄陶，照你美意；
lyrics_db_text/db344.txt,14,面,我在你面前谦卑俯伏：,我在你面前謙卑俯伏：,我在你面前謙卑俯伏：
lyrics_db_text/db344.txt,28,于,基督活于我，彰显你形。,基督活於我，彰顯你形。,基督活於我，彰顯你形。
lyrics_db_text/db346.txt,19,谷,或在明媚乐土，或在死荫幽谷；,或在明媚樂土，或在死蔭幽谷；,或在明媚樂土，或在死蔭幽谷；
lyrics_db_text/db346.txt,25,云,或是阳光满目，或是黑云密布；,或是陽光滿目，或是黑雲密佈；,或是陽光滿目，或是黑雲密佈；
lyrics_db_text/db348.txt,9,尽,前我所爱、所慕、所求，今与雄心同归尽；,前我所愛、所慕、所求，今與雄心同歸盡；,前我所愛、所慕、所求，今與雄心同歸盡；
lyrics_db_text/db348.txt,14,面,人面、人心，欺我、骗我，,人面、人心，欺我、騙我，,人面、人心，欺我、騙我，
lyrics_db_text/db348.txt,22,于,我既称他阿爸父亲，我既将心注于你；,我既稱他阿爸父親，我既將心注於你；,我既稱他阿爸父親，我既將心注於你；
lyrics_db_text/db348.txt,23,云,怒吼暴风、密集厚云，都该效力成我益。,怒吼暴風、密集厚雲，都該效力成我益。,怒吼暴風、密集厚雲，都該效力成我益。
lyrics_db_text/db348.txt,28,面,有何忧苦能将我袭，当你荣面向我显？,有何憂苦能將我襲，當你榮面向我顯？,有何憂苦能將我襲，當你榮面向我顯？
lyrics_db_text/db348.txt,29,里面,有何快乐能将我迷，若你不在它里面？,有何快樂能將我迷，若你不在它裏面？,有何快樂能將我迷，若你不在它裏面？
lyrics_db_text/db349.txt,25,发,当主稍微求祂一点，就立发怨言。,當主稍微求祂一點，就立發怨言。,當主稍微求祂一點，就立發怨言。
lyrics_db_text/db349.txt,30,志,求主给我这样心志，赤忠忘生死。,求主給我這樣心志，赤忠忘生死。,求主給我這樣心志，赤忠忘生死。
lyrics_db_text/db35.txt,8,复,钉死，复活，又升天，作我大祭司。,釘死，復活，又升天，作我大祭司。,釘死，復活，又升天，作我大祭司。
lyrics_db_text/db35.txt,19,借,借你爱子的救赎，得蒙你救恩。,借你愛子的救贖，得蒙你救恩。,借你愛子的救贖，得蒙你救恩。
lyrics_db_text/db350.txt,12,借,借着你的救赎，并借你恩典，,藉著你的救贖，並借你恩典，,藉着你的救贖，並借你恩典，
lyrics_db_text/db352.txt,7,历,我们虽然时常摇动，但祂依然历久不变；,我們雖然時常搖動，但祂依然歷久不變；,我們雖然時常搖動，但祂依然歷久不變；
lyrics_db_text/db352.txt,15,尽,祂永不肯辜负我们，所有信讬祂都尽力；,祂永不肯辜負我們，所有信託祂都盡力；,祂永不肯辜負我們，所有信託祂都盡力；
lyrics_db_text/db352.txt,20,里,祂外，我们另事偶像，心里也不抱歉半点！,祂外，我們另事偶像，心裏也不抱歉半點！,祂外，我們另事偶像，心裏也不抱歉半點！
lyrics_db_text/db352.txt,28,发,一若毫无其事发生，并爱我们一直到底。,一若毫無其事發生，並愛我們一直到底。,一若毫無其事發生，並愛我們一直到底。
lyrics_db_text/db352.txt,31,发,哦主，我们对着这爱，不能不发高声赞美；,哦主，我們對著這愛，不能不發高聲讚美；,哦主，我們對着這愛，不能不發高聲讚美；
lyrics_db_text/db352.txt,32,只,比死坚强，比水忍耐，我们心融，只有感佩。,比死堅強，比水忍耐，我們心融，只有感佩。,比死堅強，比水忍耐，我們心融，只有感佩。
lyrics_db_text/db353.txt,25,复,今则追求属地物，与俗复有何异？,今則追求屬地物，與俗復有何異？,今則追求屬地物，與俗復有何異？
lyrics_db_text/db353.txt,29,只后,应许你说：‘从今后，我只听你差遣，,應許你說：‘從今後，我只聽你差遣，,應許你説：‘從今後，我只聽你差遣，
lyrics_db_text/db353.txt,46,面,前面荣耀快现，我愿忠心受苦。,前面榮耀快現，我願忠心受苦。,前面榮耀快現，我願忠心受苦。
lyrics_db_text/db354.txt,7,后,我岂可再冷淡退后，使神圣灵终日担忧，,我豈可再冷淡退後，使神聖靈終日擔憂，,我豈可再冷淡退後，使神聖靈終日擔憂，
lyrics_db_text/db354.txt,14,后,使我今后无望、无求，惟愿父旨成就。,使我今後無望、無求，惟願父旨成就。,使我今後無望、無求，惟願父旨成就。
lyrics_db_text/db355.txt,15,干,永远勿说这是牺牲！无论代价若干，,永遠勿說這是犧牲！無論代價若干，,永遠勿説這是犧牲！無論代價若干，
lyrics_db_text/db355.txt,16,只,只要能入加略圣军，权利都是难言。,只要能入加略聖軍，權利都是難言。,只要能入加略聖軍，權利都是難言。
lyrics_db_text/db356.txt,9,借,与你合一，蒙爱之子，借恩成为你一部，,與你合一，蒙愛之子，借恩成為你一部，,與你合一，蒙愛之子，借恩成為你一部，
lyrics_db_text/db356.txt,10,后,与你同为父的后嗣，并作圣灵的房屋。,與你同為父的後嗣，並作聖靈的房屋。,與你同為父的後嗣，並作聖靈的房屋。
lyrics_db_text/db356.txt,16,复,日复一日，时复一时，与你合作不稍离。,日復一日，時復一時，與你合作不稍離。,日復一日，時復一時，與你合作不稍離。
lyrics_db_text/db356.txt,20,恶,永远同你向罪而死，并胜凶恶的阴府。,永遠同你向罪而死，並勝兇惡的陰府。,永遠同你向罪而死，並勝兇惡的陰府。
lyrics_db_text/db356.txt,21,复,与你合一，复活之子，脱离坟墓的埋没，,與你合一，復活之子，脫離墳墓的埋沒，,與你合一，復活之子，脱離墳墓的埋沒，
lyrics_db_text/db357.txt,7,于,联于基督得胜的主，并祂十架工夫；,聯於基督得勝的主，並祂十架工夫；,聯於基督得勝的主，並祂十架工夫；
lyrics_db_text/db357.txt,11,于复,联于基督复活的主，现今居于天府，,聯於基督復活的主，現今居於天府，,聯於基督復活的主，現今居於天府，
lyrics_db_text/db357.txt,15,于,联于基督完全得胜，我灵立即飞腾；,聯於基督完全得勝，我靈立即飛騰；,聯於基督完全得勝，我靈立即飛騰；
lyrics_db_text/db357.txt,19,复,复活基督，你真庄严！愿我与你相联；,復活基督，你真莊嚴！願我與你相聯；,復活基督，你真莊嚴！願我與你相聯；
lyrics_db_text/db357.txt,23,于,联于基督何等尊大！这是神的救法，,聯於基督何等尊大！這是神的救法，,聯於基督何等尊大！這是神的救法，
lyrics_db_text/db358.txt,8,借,借恩得救何荣耀，竟然能与他一样。,借恩得救何榮耀，竟然能與他一樣。,借恩得救何榮耀，竟然能與他一樣。
lyrics_db_text/db358.txt,10,于,但今与他行于此，我就能与他一样。,但今與他行於此，我就能與他一樣。,但今與他行於此，我就能與他一樣。
lyrics_db_text/db358.txt,16,复,合一与他同钉死，合一与他同复活；,合一與他同釘死，合一與他同復活；,合一與他同釘死，合一與他同復活；
lyrics_db_text/db359.txt,7,里,与你合一，恩主耶稣，与你合一在灵里；,與你合一，恩主耶穌，與你合一在靈裏；,與你合一，恩主耶穌，與你合一在靈裏；
lyrics_db_text/db359.txt,8,里,凡你所是都活我里，我今得享你自己。,凡你所是都活我裏，我今得享你自己。,凡你所是都活我裏，我今得享你自己。
lyrics_db_text/db359.txt,15,于,所有你的为人生活，都能用于我人生。,所有你的為人生活，都能用於我人生。,所有你的為人生活，都能用於我人生。
lyrics_db_text/db359.txt,18,里面,与你合一，在十架上，在你里面我已死；,與你合一，在十架上，在你裏面我已死；,與你合一，在十架上，在你裏面我已死；
lyrics_db_text/db359.txt,22,复里,与你合一，在复活里，现今与你同活着；,與你合一，在復活裏，現今與你同活著；,與你合一，在復活裏，現今與你同活着；
lyrics_db_text/db359.txt,23,复里面,复活生命－你的自己－在我里面供应我。,復活生命－你的自己－在我裏面供應我。,復活生命－你的自己－在我裏面供應我。
lyrics_db_text/db359.txt,26,里,与你合一，在升天里，现今同你坐天上；,與你合一，在升天裏，現今同你坐天上；,與你合一，在升天裏，現今同你坐天上；
lyrics_db_text/db359.txt,30,于,与你合一，在宝座上，有分于你的权柄，,與你合一，在寶座上，有分於你的權柄，,與你合一，在寶座上，有分於你的權柄，
lyrics_db_text/db359.txt,31,于,如同有分于你生命，同一性情，同一灵。,如同有分於你生命，同一性情，同一靈。,如同有分於你生命，同一性情，同一靈。
lyrics_db_text/db36.txt,9,里,灵里比前更坚强；荣耀归神，阿利路亚！,靈裏比前更堅強；榮耀歸神，阿利路亞！,靈裏比前更堅強；榮耀歸神，阿利路亞！
lyrics_db_text/db36.txt,23,里面,荣耀归神，阿利路亚！那里，我可面见,榮耀歸神，阿利路亞！那裏，我可面見,榮耀歸神，阿利路亞！那裏，我可面見
lyrics_db_text/db36.txt,27,借里,那里，我们要借新诗喊出救赎恩；,那裏，我們要借新詩喊出救贖恩；,那裏，我們要借新詩喊出救贖恩；
lyrics_db_text/db36.txt,28,里,荣耀归神，阿利路亚！那里，我们要同,榮耀歸神，阿利路亞！那裏，我們要同,榮耀歸神，阿利路亞！那裏，我們要同
lyrics_db_text/db360.txt,2,于复,与基督的联合－联于祂死与复活,與基督的聯合－聯於祂死與復活,與基督的聯合－聯於祂死與復活
lyrics_db_text/db360.txt,16,借,在此我同主死：借着与主同钉十架，,在此我同主死：藉著與主同釘十架，,在此我同主死：藉着與主同釘十架，
lyrics_db_text/db360.txt,21,复,也曾把我埋过；主的复苏我也有分，,也曾把我埋過；主的復甦我也有分，,也曾把我埋過；主的復甦我也有分，
lyrics_db_text/db361.txt,2,于复,与基督的联合－联于他死与复活,與基督的聯合－聯於他死與復活,與基督的聯合－聯於他死與復活
lyrics_db_text/db361.txt,11,里,你的十架就是我的，其光照耀我生命里；,你的十架就是我的，其光照耀我生命裏；,你的十架就是我的，其光照耀我生命裏；
lyrics_db_text/db361.txt,12,里,一信与你同钉那里，世界失去它的能力。,一信與你同釘那裏，世界失去它的能力。,一信與你同釘那裏，世界失去它的能力。
lyrics_db_text/db361.txt,15,恶,我既与你十架同钉，胜过罪恶、自己、人情，,我既與你十架同釘，勝過罪惡、自己、人情，,我既與你十架同釘，勝過罪惡、自己、人情，
lyrics_db_text/db361.txt,19,里,因此，我便到你那里，与你同站十架死地，,因此，我便到你那裏，與你同站十架死地，,因此，我便到你那裏，與你同站十架死地，
lyrics_db_text/db361.txt,24,历,我自然可和你同胜，天天经历你的大能。,我自然可和你同勝，天天經歷你的大能。,我自然可和你同勝，天天經歷你的大能。
lyrics_db_text/db361.txt,27,只,但是我主，我们只能靠着你的十架得胜；,但是我主，我們只能靠著你的十架得勝；,但是我主，我們只能靠着你的十架得勝；
lyrics_db_text/db361.txt,28,面,你走的路，我们当走，直到与你见面时候。,你走的路，我們當走，直到與你見面時候。,你走的路，我們當走，直到與你見面時候。
lyrics_db_text/db362.txt,2,于复,与基督的联合－联于他死与复活,與基督的聯合－聯於他死與復活,與基督的聯合－聯於他死與復活
lyrics_db_text/db362.txt,7,恶,我已与基督同钉死，脱自己、罪恶、俗世；,我已與基督同釘死，脫自己、罪惡、俗世；,我已與基督同釘死，脱自己、罪惡、俗世；
lyrics_db_text/db362.txt,12,里,一直走十架窄路！主是受死在那里！,一直走十架窄路！主是受死在那裏！,一直走十架窄路！主是受死在那裏！
lyrics_db_text/db362.txt,16,复,我何难与基督同死，因复活我已认识；,我何難與基督同死，因復活我已認識；,我何難與基督同死，因復活我已認識；
lyrics_db_text/db362.txt,18,借复里,主借着复活的能力，今生在我的灵里，,主藉著復活的能力，今生在我的靈裏，,主藉着復活的能力，今生在我的靈裏，
lyrics_db_text/db362.txt,24,发,真可乐！若在那早晨，你听主对你发声，,真可樂！若在那早晨，你聽主對你發聲，,真可樂！若在那早晨，你聽主對你發聲，
lyrics_db_text/db363.txt,2,于复,与基督的联合－联于祂死与复活,與基督的聯合－聯於祂死與復活,與基督的聯合－聯於祂死與復活
lyrics_db_text/db363.txt,10,于,主，时时刻刻，我归于你名。,主，時時刻刻，我歸於你名。,主，時時刻刻，我歸於你名。
lyrics_db_text/db363.txt,13,于,我时时刻刻在祂前等候，我时时刻刻归于祂的名。,我時時刻刻在祂前等候，我時時刻刻歸於祂的名。,我時時刻刻在祂前等候，我時時刻刻歸於祂的名。
lyrics_db_text/db364.txt,2,于复,与基督的联合－联于他死与复活,與基督的聯合－聯於他死與復活,與基督的聯合－聯於他死與復活
lyrics_db_text/db364.txt,7,复,与主同葬，也一同复活，,與主同葬，也一同復活，,與主同葬，也一同復活，
lyrics_db_text/db364.txt,9,只斗,只要我不再奋斗击空，,只要我不再奮鬥擊空，,只要我不再奮鬥擊空，
lyrics_db_text/db364.txt,10,只,只要我照新生而举动。,只要我照新生而舉動。,只要我照新生而舉動。
lyrics_db_text/db364.txt,11,于,荣耀归于神！,榮耀歸於神！,榮耀歸於神！
lyrics_db_text/db364.txt,14,复,与主我的元首同复活，,與主我的元首同復活，,與主我的元首同復活，
lyrics_db_text/db364.txt,18,于,是何其好！荣耀归于神！,是何其好！榮耀歸於神！,是何其好！榮耀歸於神！
lyrics_db_text/db364.txt,25,于,荣耀归于神！,榮耀歸於神！,榮耀歸於神！
lyrics_db_text/db364.txt,32,于,荣耀归于神！,榮耀歸於神！,榮耀歸於神！
lyrics_db_text/db364.txt,39,于,荣耀归于神！,榮耀歸於神！,榮耀歸於神！
lyrics_db_text/db365.txt,2,于复,与基督的联合－联于他死与复活,與基督的聯合－聯於他死與復活,與基督的聯合－聯於他死與復活
lyrics_db_text/db365.txt,8,复里,我与基督已同复活，他生我里，供应我。,我與基督已同復活，他生我裏，供應我。,我與基督已同復活，他生我裏，供應我。
lyrics_db_text/db365.txt,11,恶,脱世界、自己、罪恶！与基督同活，,脫世界、自己、罪惡！與基督同活，,脱世界、自己、罪惡！與基督同活，
lyrics_db_text/db365.txt,12,里,何等的超脱！他生我里，供应我。,何等的超脫！他生我裏，供應我。,何等的超脱！他生我裏，供應我。
lyrics_db_text/db365.txt,15,借历,历世历代所藏奥秘，今借信心可知悉：,歷世歷代所藏奧祕，今借信心可知悉：,歷世歷代所藏奧祕，今借信心可知悉：
lyrics_db_text/db365.txt,19,征,天然景物都有隐征：麦种死了子粒生；,天然景物都有隱徵：麥種死了子粒生；,天然景物都有隱徵：麥種死了子粒生；
lyrics_db_text/db365.txt,20,面,贱木接在珍树上面，小则变大，苦变甜。,賤木接在珍樹上面，小則變大，苦變甜。,賤木接在珍樹上面，小則變大，苦變甜。
lyrics_db_text/db365.txt,27,只,这个会使病痛得治－只要你向自己死，,這個會使病痛得治－只要你向自己死，,這個會使病痛得治－只要你向自己死，
lyrics_db_text/db365.txt,32,后,先是死亡，后是荣耀，主既如此我仿效。,先是死亡，後是榮耀，主既如此我仿效。,先是死亡，後是榮耀，主既如此我仿效。
lyrics_db_text/db366.txt,2,于复,与基督的联合－联于祂死与复活,與基督的聯合－聯於祂死與復活,與基督的聯合－聯於祂死與復活
lyrics_db_text/db366.txt,7,于,基督虽能千回降生于伯利恒，,基督雖能千回降生於伯利恆，,基督雖能千回降生於伯利恆，
lyrics_db_text/db366.txt,10,里,在你里的十架，才有能医治你。,在你裏的十架，纔有能醫治你。,在你裏的十架，纔有能醫治你。
lyrics_db_text/db367.txt,2,历,经历基督－作那灵,經歷基督－作那靈,經歷基督－作那靈
lyrics_db_text/db367.txt,8,表,你今乃是仍旧生活，从你另一形态表示。,你今乃是仍舊生活，從你另一形態表示。,你今乃是仍舊生活，從你另一形態表示。
lyrics_db_text/db367.txt,31,复,你今不是远在高天，不是一去就不复返，,你今不是遠在高天，不是一去就不復返，,你今不是遠在高天，不是一去就不復返，
lyrics_db_text/db368.txt,2,历,经历基督－作那灵,經歷基督－作那靈,經歷基督－作那靈
lyrics_db_text/db368.txt,7,借里,主，当无人认识父时，父在你里借你来地，,主，當無人認識父時，父在你裏借你來地，,主，當無人認識父時，父在你裏借你來地，
lyrics_db_text/db368.txt,8,只,好叫我们虽然无知，如要识父只要认你。,好叫我們雖然無知，如要識父只要認你。,好叫我們雖然無知，如要識父只要認你。
lyrics_db_text/db368.txt,15,于,你今成为那灵再来，有如当初父显于你，,你今成為那靈再來，有如當初父顯於你，,你今成為那靈再來，有如當初父顯於你，
lyrics_db_text/db368.txt,16,于,我要识父是看父怀，我要识你在于灵力。,我要識父是看父懷，我要識你在於靈力。,我要識父是看父懷，我要識你在於靈力。
lyrics_db_text/db368.txt,20,里,你今乃是住我灵里，时刻用灵供应自己。,你今乃是住我靈裏，時刻用靈供應自己。,你今乃是住我靈裏，時刻用靈供應自己。
lyrics_db_text/db369.txt,2,历,经历基督－作那灵,經歷基督－作那靈,經歷基督－作那靈
lyrics_db_text/db369.txt,12,里面,不再是那外面接触，乃是里面合一不弛。,不再是那外面接觸，乃是裏面合一不弛。,不再是那外面接觸，乃是裏面合一不弛。
lyrics_db_text/db369.txt,15,里,我今因你所成圣灵，住在灵里不断启示,我今因你所成聖靈，住在靈裏不斷啟示,我今因你所成聖靈，住在靈裏不斷啓示
lyrics_db_text/db369.txt,19,历,我能认识你的生命，远超当日门徒经历；,我能認識你的生命，遠超當日門徒經歷；,我能認識你的生命，遠超當日門徒經歷；
lyrics_db_text/db369.txt,28,里,圣灵现今是从衷里，时刻将你供应给我，,聖靈現今是從衷裏，時刻將你供應給我，,聖靈現今是從衷裏，時刻將你供應給我，
lyrics_db_text/db369.txt,32,里,因你成灵，住我灵里，将你供应，与我合一，,因你成靈，住我靈裏，將你供應，與我合一，,因你成靈，住我靈裏，將你供應，與我合一，
lyrics_db_text/db37.txt,7,面,阿爸，父阿，我们现在因主到你面前来；,阿爸，父阿，我們現在因主到你面前來；,阿爸，父阿，我們現在因主到你面前來；
lyrics_db_text/db37.txt,9,借,祂的宝血已洗我们，我们借祂来得恩；,祂的寶血已洗我們，我們借祂來得恩；,祂的寶血已洗我們，我們借祂來得恩；
lyrics_db_text/db37.txt,19,表,你用为父的爱亲嘴，表明你赦浪子罪；,你用為父的愛親嘴，表明你赦浪子罪；,你用為父的愛親嘴，表明你赦浪子罪；
lyrics_db_text/db37.txt,22,复,‘因我儿子死而复活，曾经失去又得着’。,‘因我兒子死而復活，曾經失去又得著’。,‘因我兒子死而復活，曾經失去又得着’。
lyrics_db_text/db370.txt,2,历,经历基督－作那灵,經歷基督－作那靈,經歷基督－作那靈
lyrics_db_text/db370.txt,20,里面,带着你的所有丰盛，在我里面将你启示。,帶著你的所有豐盛，在我裏面將你啟示。,帶着你的所有豐盛，在我裏面將你啓示。
lyrics_db_text/db371.txt,2,历,经历基督－作那灵,經歷基督－作那靈,經歷基督－作那靈
lyrics_db_text/db371.txt,12,制,生命之律，规律、节制，使我自由、使我刚强。,生命之律，規律、節制，使我自由、使我剛強。,生命之律，規律、節制，使我自由、使我剛強。
lyrics_db_text/db371.txt,19,里,哦主，你今乃是那灵，居住、生活在我灵里；,哦主，你今乃是那靈，居住、生活在我靈裏；,哦主，你今乃是那靈，居住、生活在我靈裏；
lyrics_db_text/db371.txt,20,借,你灵借着我灵行动，二灵相调，化合为一。,你靈藉著我靈行動，二靈相調，化合為一。,你靈藉着我靈行動，二靈相調，化合為一。
lyrics_db_text/db371.txt,24,里,使我活在你的灵里，凭你实际将你活出。,使我活在你的靈裏，憑你實際將你活出。,使我活在你的靈裏，憑你實際將你活出。
lyrics_db_text/db372.txt,2,历,经历基督－作神的中心与普及,經歷基督－作神的中心與普及,經歷基督－作神的中心與普及
lyrics_db_text/db372.txt,11,里,基督是神的化身，神的丰满住他里；,基督是神的化身，神的豐滿住他裏；,基督是神的化身，神的豐滿住他裏；
lyrics_db_text/db372.txt,19,借,一切创造全为他，万有借着他而有；,一切創造全為他，萬有藉著他而有；,一切創造全為他，萬有藉着他而有；
lyrics_db_text/db372.txt,23,借复,他是救赎的一切，万有借他得复交；,他是救贖的一切，萬有借他得復交；,他是救贖的一切，萬有借他得復交；
lyrics_db_text/db372.txt,24,借,借他有效的宝血，万有得与神和好。,借他有效的寶血，萬有得與神和好。,借他有效的寶血，萬有得與神和好。
lyrics_db_text/db372.txt,32,借,借他荣耀来管治，天地万有全从命。,借他榮耀來管治，天地萬有全從命。,借他榮耀來管治，天地萬有全從命。
lyrics_db_text/db372.txt,35,里,他在新天新地里，要作万有的中心；,他在新天新地裏，要作萬有的中心；,他在新天新地裏，要作萬有的中心；
lyrics_db_text/db372.txt,36,尽,为着神性、为着人，直到永远无穷尽。,為著神性、為著人，直到永遠無窮盡。,為着神性、為着人，直到永遠無窮盡。
lyrics_db_text/db373.txt,2,历,经历基督－作神的见证,經歷基督－作神的見證,經歷基督－作神的見證
lyrics_db_text/db373.txt,12,只,律法不过只用字句，非用生命，将神述说。,律法不過只用字句，非用生命，將神述說。,律法不過只用字句，非用生命，將神述説。
lyrics_db_text/db374.txt,2,历,经历基督－作实际,經歷基督－作實際,經歷基督－作實際
lyrics_db_text/db374.txt,13,表,一切的形像、所有的预表，,一切的形像、所有的預表，,一切的形像、所有的預表，
lyrics_db_text/db374.txt,15,征,全都是影儿，象征神基督，,全都是影兒，象徵神基督，,全都是影兒，象徵神基督，
lyrics_db_text/db374.txt,16,表,表明他是我一切的事物。,表明他是我一切的事物。,表明他是我一切的事物。
lyrics_db_text/db374.txt,19,尽,万事与万物尽都是虚空，,萬事與萬物盡都是虛空，,萬事與萬物盡都是虛空，
lyrics_db_text/db374.txt,21,尽,纵然能得到并享尽一切，,縱然能得到並享盡一切，,縱然能得到並享盡一切，
lyrics_db_text/db374.txt,34,尽,不过是字句，尽都是虚无。,不過是字句，盡都是虛無。,不過是字句，盡都是虛無。
lyrics_db_text/db374.txt,38,尽,一切的事物，尽都同此理；,一切的事物，盡都同此理；,一切的事物，盡都同此理；
lyrics_db_text/db375.txt,2,历,经历基督－作实际,經歷基督－作實際,經歷基督－作實際
lyrics_db_text/db375.txt,8,于,荣耀实际对于信心，比诸地上任何都真；,榮耀實際對於信心，比諸地上任何都真；,榮耀實際對於信心，比諸地上任何都真；
lyrics_db_text/db375.txt,18,面,你的荣面要更光明，你的恩言要更有能；,你的榮面要更光明，你的恩言要更有能；,你的榮面要更光明，你的恩言要更有能；
lyrics_db_text/db376.txt,2,历,经历基督－作恩典,經歷基督－作恩典,經歷基督－作恩典
lyrics_db_text/db376.txt,8,里,是神在子里所给的自己；,是神在子裏所給的自己；,是神在子裏所給的自己；
lyrics_db_text/db376.txt,9,于,不重在事物，赐于古或今，,不重在事物，賜於古或今，,不重在事物，賜於古或今，
lyrics_db_text/db376.txt,15,借,人借主从神所得的恩典，,人借主從神所得的恩典，,人借主從神所得的恩典，
lyrics_db_text/db376.txt,20,于只,恩典之于他，只是神基督；,恩典之於他，只是神基督；,恩典之於他，只是神基督；
lyrics_db_text/db376.txt,21,借历,乃借这恩典－他所经历主，,乃借這恩典－他所經歷主，,乃借這恩典－他所經歷主，
lyrics_db_text/db376.txt,25,里,基督在我里，作我的能力，,基督在我裏，作我的能力，,基督在我裏，作我的能力，
lyrics_db_text/db376.txt,27,里,这够用恩典在我的灵里，,這夠用恩典在我的靈裏，,這夠用恩典在我的靈裏，
lyrics_db_text/db377.txt,2,历,经历基督－作生命,經歷基督－作生命,經歷基督－作生命
lyrics_db_text/db378.txt,2,历,经历基督－作生命,經歷基督－作生命,經歷基督－作生命
lyrics_db_text/db378.txt,7,里面,何等生命！何等平安！基督活在我的里面！,何等生命！何等平安！基督活在我的裏面！,何等生命！何等平安！基督活在我的裏面！
lyrics_db_text/db378.txt,13,里,何等快乐！何等安息！基督成形在我心里！,何等快樂！何等安息！基督成形在我心裏！,何等快樂！何等安息！基督成形在我心裏！
lyrics_db_text/db378.txt,27,发表,祂的心意是我爱好，祂的荣耀是我发表；,祂的心意是我愛好，祂的榮耀是我發表；,祂的心意是我愛好，祂的榮耀是我發表；
lyrics_db_text/db379.txt,6,复,何等大能！何等大力！神使基督从死复起，,何等大能！何等大力！神使基督從死復起，,何等大能！何等大力！神使基督從死復起，
lyrics_db_text/db379.txt,8,尽,浩大能力全为召会，好使万有尽都来归。,浩大能力全為召會，好使萬有盡都來歸。,浩大能力全為召會，好使萬有盡都來歸。
lyrics_db_text/db379.txt,9,尽,浩大能力全为召会，好使万有尽都来归。,浩大能力全為召會，好使萬有盡都來歸。,浩大能力全為召會，好使萬有盡都來歸。
lyrics_db_text/db379.txt,13,里面,与众圣徒彼此相调，新人里面同被建造；,與眾聖徒彼此相調，新人裏面同被建造；,與眾聖徒彼此相調，新人裏面同被建造；
lyrics_db_text/db379.txt,14,于,联于我们升天元首，作祂身体，照神所筹。,聯於我們升天元首，作祂身體，照神所籌。,聯於我們升天元首，作祂身體，照神所籌。
lyrics_db_text/db379.txt,15,于,联于我们升天元首，作祂身体，照神所筹。,聯於我們升天元首，作祂身體，照神所籌。,聯於我們升天元首，作祂身體，照神所籌。
lyrics_db_text/db38.txt,13,里,世界还未起首时候，你就在基督里头，,世界還未起首時候，你就在基督裏頭，,世界還未起首時候，你就在基督裏頭，
lyrics_db_text/db38.txt,19,里,我们天性在亚当里，真是败坏无可比；,我們天性在亞當裏，真是敗壞無可比；,我們天性在亞當裏，真是敗壞無可比；
lyrics_db_text/db38.txt,20,于,但是你的永远旨意，预定我们归于你；,但是你的永遠旨意，預定我們歸於你；,但是你的永遠旨意，預定我們歸於你；
lyrics_db_text/db380.txt,2,历,经历基督－作生命,經歷基督－作生命,經歷基督－作生命
lyrics_db_text/db380.txt,10,里面,在祂里面全藏着；祂今竟是我的生命，,在祂裏面全藏著；祂今竟是我的生命，,在祂裏面全藏着；祂今竟是我的生命，
lyrics_db_text/db380.txt,11,里面,在我里面供应我。,在我裏面供應我。,在我裏面供應我。
lyrics_db_text/db380.txt,15,里面,祂已化身成为圣灵，到我里面来居住。,祂已化身成為聖靈，到我裏面來居住。,祂已化身成為聖靈，到我裏面來居住。
lyrics_db_text/db380.txt,18,里面,加力、滋润，在我里面供应我。,加力、滋潤，在我裏面供應我。,加力、滋潤，在我裏面供應我。
lyrics_db_text/db380.txt,23,复,祂也带我同祂复生，使我和祂同活着，,祂也帶我同祂復生，使我和祂同活著，,祂也帶我同祂復生，使我和祂同活着，
lyrics_db_text/db380.txt,24,历复里面,经历祂的复活大能，在我里面供应我。,經歷祂的復活大能，在我裏面供應我。,經歷祂的復活大能，在我裏面供應我。
lyrics_db_text/db380.txt,31,里面,在我里面供应我。,在我裏面供應我。,在我裏面供應我。
lyrics_db_text/db380.txt,37,里面,直到那日被提变化，在我里面供应我。,直到那日被提變化，在我裏面供應我。,直到那日被提變化，在我裏面供應我。
lyrics_db_text/db381.txt,2,历,经历基督－作生命,經歷基督－作生命,經歷基督－作生命
lyrics_db_text/db381.txt,7,里面,主，你是我生命，活在我里面；,主，你是我生命，活在我裏面；,主，你是我生命，活在我裏面；
lyrics_db_text/db381.txt,10,复,你的复活大能，使我能得胜。,你的復活大能，使我能得勝。,你的復活大能，使我能得勝。
lyrics_db_text/db381.txt,26,复,时常将我滋润，使我得复苏。,時常將我滋潤，使我得復甦。,時常將我滋潤，使我得復甦。
lyrics_db_text/db381.txt,32,里,照着你的心意，活在交通里；,照著你的心意，活在交通裏；,照着你的心意，活在交通裏；
lyrics_db_text/db381.txt,33,志,不再立志挣扎，不再改自己，,不再立志掙扎，不再改自己，,不再立志掙扎，不再改自己，
lyrics_db_text/db382.txt,2,历,经历基督－作生命,經歷基督－作生命,經歷基督－作生命
lyrics_db_text/db382.txt,11,尽,奥妙、丰富，享受不尽！,奧妙、豐富，享受不盡！,奧妙、豐富，享受不盡！
lyrics_db_text/db382.txt,13,里,在我灵里作我福分！,在我靈裏作我福分！,在我靈裏作我福分！
lyrics_db_text/db382.txt,16,里面,神的丰盛藏你里面，神的荣耀从你彰显；,神的豐盛藏你裏面，神的榮耀從你彰顯；,神的豐盛藏你裏面，神的榮耀從你彰顯；
lyrics_db_text/db382.txt,20,于,凡父所有全由你承，凡你所是都归于灵；,凡父所有全由你承，凡你所是都歸於靈；,凡父所有全由你承，凡你所是都歸於靈；
lyrics_db_text/db382.txt,21,历,灵进我灵作你实际，使你成为我的经历。,靈進我靈作你實際，使你成為我的經歷。,靈進我靈作你實際，使你成為我的經歷。
lyrics_db_text/db382.txt,24,借里面,灵今借你生命活话，在我里面将你实化；,靈今借你生命活話，在我裏面將你實化；,靈今借你生命活話，在我裏面將你實化；
lyrics_db_text/db382.txt,28,里,灵里敬拜，灵里瞻仰，如镜返照你的荣光，,靈裏敬拜，靈裏瞻仰，如鏡返照你的榮光，,靈裏敬拜，靈裏瞻仰，如鏡返照你的榮光，
lyrics_db_text/db382.txt,36,借,借此你灵浸透全人，到处是你，到处是神！,藉此你靈浸透全人，到處是你，到處是神！,藉此你靈浸透全人，到處是你，到處是神！
lyrics_db_text/db383.txt,2,历,经历基督－作生命,經歷基督－作生命,經歷基督－作生命
lyrics_db_text/db383.txt,15,冲,冲破阴府升天庭，远超诸执政，,衝破陰府升天庭，遠超諸執政，,衝破陰府升天庭，遠超諸執政，
lyrics_db_text/db383.txt,22,于,使他荣耀的生命，彰显于我身。,使他榮耀的生命，彰顯於我身。,使他榮耀的生命，彰顯於我身。
lyrics_db_text/db384.txt,2,历,经历基督－作食物,經歷基督－作食物,經歷基督－作食物
lyrics_db_text/db384.txt,10,里,神在基督里作人食粮，基督成为灵供人营养；,神在基督裏作人食糧，基督成為靈供人營養；,神在基督裏作人食糧，基督成為靈供人營養；
lyrics_db_text/db385.txt,2,历,经历基督－作食物,經歷基督－作食物,經歷基督－作食物
lyrics_db_text/db385.txt,12,干,随时我都可喝，使我免去干渴。,隨時我都可喝，使我免去乾渴。,隨時我都可喝，使我免去乾渴。
lyrics_db_text/db386.txt,2,历,经历基督－作一切,經歷基督－作一切,經歷基督－作一切
lyrics_db_text/db386.txt,15,获谷,祂赐日光，又赐甘霖，祂赐收获，金谷丰稔；,祂賜日光，又賜甘霖，祂賜收穫，金谷豐稔；,祂賜日光，又賜甘霖，祂賜收穫，金谷豐稔；
lyrics_db_text/db386.txt,16,谷,日光甘霖，金谷丰收，祂是我友！,日光甘霖，金谷豐收，祂是我友！,日光甘霖，金谷豐收，祂是我友！
lyrics_db_text/db387.txt,2,历,经历基督－作一切,經歷基督－作一切,經歷基督－作一切
lyrics_db_text/db387.txt,7,恶,无论罪恶如何深剧，无论道路如何崎岖，,無論罪惡如何深劇，無論道路如何崎嶇，,無論罪惡如何深劇，無論道路如何崎嶇，
lyrics_db_text/db387.txt,12,尽,即使脚步尽都跌倒，主，你总是够用！,即使腳步盡都跌倒，主，你總是夠用！,即使腳步盡都跌倒，主，你總是夠用！
lyrics_db_text/db387.txt,16,云,安逸竟成遮光之云，主，你当然够用！,安逸竟成遮光之雲，主，你當然夠用！,安逸竟成遮光之雲，主，你當然夠用！
lyrics_db_text/db387.txt,24,于历,使我经历你之于我，乃是全足之主！,使我經歷你之於我，乃是全足之主！,使我經歷你之於我，乃是全足之主！
lyrics_db_text/db388.txt,2,历,经历基督－作一切,經歷基督－作一切,經歷基督－作一切
lyrics_db_text/db388.txt,12,发,又是神的公义太阳，发出医治光线。,又是神的公義太陽，發出醫治光線。,又是神的公義太陽，發出醫治光線。
lyrics_db_text/db388.txt,20,干里面,在我里面流到永远，解除一切干渴。,在我裏面流到永遠，解除一切乾渴。,在我裏面流到永遠，解除一切乾渴。
lyrics_db_text/db388.txt,37,尽,我这基督充满万有，怎能述尽说竭？,我這基督充滿萬有，怎能述盡說竭？,我這基督充滿萬有，怎能述盡説竭？
lyrics_db_text/db388.txt,38,后,他是首先、他是末后、他是一切一切！,他是首先、他是末後、他是一切一切！,他是首先、他是末後、他是一切一切！
lyrics_db_text/db388.txt,51,发,又是神的公义太阳，发出医治光线。,又是神的公義太陽，發出醫治光線。,又是神的公義太陽，發出醫治光線。
lyrics_db_text/db388.txt,59,干里面,在我里面是生命泉，解我一切干渴。,在我裏面是生命泉，解我一切乾渴。,在我裏面是生命泉，解我一切乾渴。
lyrics_db_text/db388.txt,84,台,是我堡垒、高台、避所、是我永远目的。,是我堡壘、高臺、避所、是我永遠目的。,是我堡壘、高台、避所、是我永遠目的。
lyrics_db_text/db388.txt,92,里,基督是我真葡萄树，我在他里居住。,基督是我真葡萄樹，我在他裏居住。,基督是我真葡萄樹，我在他裏居住。
lyrics_db_text/db388.txt,99,尽,我这基督充满万有，怎能述尽说竭？,我這基督充滿萬有，怎能述盡說竭？,我這基督充滿萬有，怎能述盡説竭？
lyrics_db_text/db388.txt,100,后,他是首先、他是末后、他是一切一切！,他是首先、他是末後、他是一切一切！,他是首先、他是末後、他是一切一切！
lyrics_db_text/db389.txt,2,历,经历基督－作一切,經歷基督－作一切,經歷基督－作一切
lyrics_db_text/db39.txt,20,于获,获罪于你，何敢祷祈？,獲罪於你，何敢禱祈？,獲罪於你，何敢禱祈？
lyrics_db_text/db39.txt,21,只,只看见你无私公义，,只看見你無私公義，,只看見你無私公義，
lyrics_db_text/db39.txt,25,借,但你借着怀中独子，,但你藉著懷中獨子，,但你藉着懷中獨子，
lyrics_db_text/db390.txt,2,历,经历基督－作一切,經歷基督－作一切,經歷基督－作一切
lyrics_db_text/db390.txt,16,于,耶稣于康健，耶稣于病痛，,耶穌於康健，耶穌於病痛，,耶穌於康健，耶穌於病痛，
lyrics_db_text/db390.txt,17,于,耶稣于富裕，或是于贫穷，,耶穌於富裕，或是於貧窮，,耶穌於富裕，或是於貧窮，
lyrics_db_text/db390.txt,23,台,祂是我生命、亮光和高台，,祂是我生命、亮光和高臺，,祂是我生命、亮光和高台，
lyrics_db_text/db390.txt,34,于,耶稣于喜乐、或是于痛苦，,耶穌於喜樂、或是於痛苦，,耶穌於喜樂、或是於痛苦，
lyrics_db_text/db391.txt,2,历,经历基督－作一切,經歷基督－作一切,經歷基督－作一切
lyrics_db_text/db391.txt,9,里面,我从一切忧困、罪缠，前来藏身在你里面。,我從一切憂困、罪纏，前來藏身在你裏面。,我從一切憂困、罪纏，前來藏身在你裏面。
lyrics_db_text/db391.txt,19,复,愁苦之时，是我喜乐；死亡之中，是我复活。,愁苦之時，是我喜樂；死亡之中，是我復活。,愁苦之時，是我喜樂；死亡之中，是我復活。
lyrics_db_text/db391.txt,23,里面,我愿藏身在你里面，享受你的甜美同在：,我願藏身在你裏面，享受你的甜美同在：,我願藏身在你裏面，享受你的甜美同在：
lyrics_db_text/db391.txt,24,尽,你是我的一切一切，享受不尽、取用不竭！,你是我的一切一切，享受不盡、取用不竭！,你是我的一切一切，享受不盡、取用不竭！
lyrics_db_text/db392.txt,2,历,经历基督－作一切,經歷基督－作一切,經歷基督－作一切
lyrics_db_text/db393.txt,2,历,经历基督－作一切,經歷基督－作一切,經歷基督－作一切
lyrics_db_text/db393.txt,7,干,祂是乐中之乐，祂已解我干渴；,祂是樂中之樂，祂已解我乾渴；,祂是樂中之樂，祂已解我乾渴；
lyrics_db_text/db393.txt,15,复,祂是命中之命，使我从死复生；,祂是命中之命，使我從死復生；,祂是命中之命，使我從死復生；
lyrics_db_text/db394.txt,2,历,经历基督－作一切,經歷基督－作一切,經歷基督－作一切
lyrics_db_text/db394.txt,13,于,一切在于基督，主是我一切。,一切在於基督，主是我一切。,一切在於基督，主是我一切。
lyrics_db_text/db394.txt,22,于,前是忙于打算，今则靠祈求；,前是忙於打算，今則靠祈求；,前是忙於打算，今則靠祈求；
lyrics_db_text/db395.txt,2,历,经历基督－作一切,經歷基督－作一切,經歷基督－作一切
lyrics_db_text/db395.txt,23,复,复活生命、升天丰富，祂都分赐祂肢体。,復活生命、升天豐富，祂都分賜祂肢體。,復活生命、升天豐富，祂都分賜祂肢體。
lyrics_db_text/db396.txt,2,历,经历基督－作一切,經歷基督－作一切,經歷基督－作一切
lyrics_db_text/db396.txt,9,表,可爱太阳如失光线，田野枉欲表现欢喜；,可愛太陽如失光線，田野枉欲表現歡喜；,可愛太陽如失光線，田野枉欲表現歡喜；
lyrics_db_text/db396.txt,10,里面,当我快乐在祂里面，阴霾也如晴空美丽。,當我快樂在祂裏面，陰霾也如晴空美麗。,當我快樂在祂裏面，陰霾也如晴空美麗。
lyrics_db_text/db396.txt,13,发,祂名发出最美香味，祂声成为最甜音乐，,祂名發出最美香味，祂聲成為最甜音樂，,祂名發出最美香味，祂聲成為最甜音樂，
lyrics_db_text/db396.txt,14,尽里面,祂的同在展我愁眉，使我里面尽都欢悦；,祂的同在展我愁眉，使我裏面盡都歡悅；,祂的同在展我愁眉，使我裏面盡都歡悦；
lyrics_db_text/db396.txt,19,只面,看见祂面我就甘甜，我就只求祂的欢喜，,看見祂面我就甘甜，我就只求祂的歡喜，,看見祂面我就甘甜，我就只求祂的歡喜，
lyrics_db_text/db396.txt,21,只,只要感觉祂的爱恋，宫殿也成可笑玩具，,只要感覺祂的愛戀，宮殿也成可笑玩具，,只要感覺祂的愛戀，宮殿也成可笑玩具，
lyrics_db_text/db396.txt,27,云复,或将黑云赶离我天，恢复你的欢乐同在；,或將黑雲趕離我天，恢復你的歡樂同在；,或將黑雲趕離我天，恢復你的歡樂同在；
lyrics_db_text/db396.txt,28,云面,或接我到你的面前，无冬昏昧，无云叆叇。,或接我到你的面前，無冬昏昧，無雲靉靆。,或接我到你的面前，無冬昏昧，無雲靉靆。
lyrics_db_text/db397.txt,2,历面,经历基督－在主观方面,經歷基督－在主觀方面,經歷基督－在主觀方面
lyrics_db_text/db397.txt,7,于历,基督是我主观经历，住于我灵作生命；,基督是我主觀經歷，住於我靈作生命；,基督是我主觀經歷，住於我靈作生命；
lyrics_db_text/db397.txt,10,历,哦，基督是我主观的经历，,哦，基督是我主觀的經歷，,哦，基督是我主觀的經歷，
lyrics_db_text/db397.txt,15,历,基督是我主观经历，时时供我以生命；,基督是我主觀經歷，時時供我以生命；,基督是我主觀經歷，時時供我以生命；
lyrics_db_text/db397.txt,16,复,生命之灵使我复苏，天天使我灵高升。,生命之靈使我復甦，天天使我靈高升。,生命之靈使我復甦，天天使我靈高升。
lyrics_db_text/db397.txt,19,历,基督是我主观经历，变化我的魂生命；,基督是我主觀經歷，變化我的魂生命；,基督是我主觀經歷，變化我的魂生命；
lyrics_db_text/db397.txt,20,志,更新我的心思、意志，将我模成祂荣形。,更新我的心思、意志，將我模成祂榮形。,更新我的心思、意志，將我模成祂榮形。
lyrics_db_text/db397.txt,23,历,基督是我主观经历，使我全人都超脱；,基督是我主觀經歷，使我全人都超脫；,基督是我主觀經歷，使我全人都超脱；
lyrics_db_text/db397.txt,24,借,借祂生命律的大能，在我灵中释放我。,借祂生命律的大能，在我靈中釋放我。,借祂生命律的大能，在我靈中釋放我。
lyrics_db_text/db397.txt,27,准历,基督是我主观经历，事事作我的准绳，,基督是我主觀經歷，事事作我的準繩，,基督是我主觀經歷，事事作我的準繩，
lyrics_db_text/db397.txt,32,历,基督是我主观经历，使我所需无缺欠；,基督是我主觀經歷，使我所需無缺欠；,基督是我主觀經歷，使我所需無缺欠；
lyrics_db_text/db398.txt,2,历面,经历基督－在客观与主观两面,經歷基督－在客觀與主觀兩面,經歷基督－在客觀與主觀兩面
lyrics_db_text/db398.txt,7,于,基督今日于我，客观也主观；,基督今日於我，客觀也主觀；,基督今日於我，客觀也主觀；
lyrics_db_text/db398.txt,9,里,主观，祂在我里作我的生命，,主觀，祂在我裏作我的生命，,主觀，祂在我裏作我的生命，
lyrics_db_text/db398.txt,22,里面,作我里面侍从，维持以大能。,作我裏面侍從，維持以大能。,作我裏面侍從，維持以大能。
lyrics_db_text/db398.txt,28,里,将人带到神里，人、神得成一。,將人帶到神裏，人、神得成一。,將人帶到神裏，人、神得成一。
lyrics_db_text/db398.txt,31,里,祂在我里使我有分神丰满，,祂在我裏使我有分神豐滿，,祂在我裏使我有分神豐滿，
lyrics_db_text/db398.txt,32,里面,祂乃那灵将神带到我里面；,祂乃那靈將神帶到我裏面；,祂乃那靈將神帶到我裏面；
lyrics_db_text/db398.txt,33,借,借着启示，使神成为我实际，,藉著啟示，使神成為我實際，,藉着啓示，使神成為我實際，
lyrics_db_text/db398.txt,39,里,内住主观基督，今活我灵里，,內住主觀基督，今活我靈裏，,內住主觀基督，今活我靈裏，
lyrics_db_text/db399.txt,2,历,经历基督－作内住者,經歷基督－作內住者,經歷基督－作內住者
lyrics_db_text/db399.txt,8,面,不是接受外面宗教，乃让基督来居衷。,不是接受外面宗教，乃讓基督來居衷。,不是接受外面宗教，乃讓基督來居衷。
lyrics_db_text/db399.txt,10,里面,神的心意所喜所爱：基督作到我里面；,神的心意所喜所愛：基督作到我裏面；,神的心意所喜所愛：基督作到我裏面；
lyrics_db_text/db399.txt,11,面,不是有何外面成就，乃让基督来扩展。,不是有何外面成就，乃讓基督來擴展。,不是有何外面成就，乃讓基督來擴展。
lyrics_db_text/db399.txt,14,里面,神的心意所喜所爱：基督活在我里面；,神的心意所喜所愛：基督活在我裏面；,神的心意所喜所愛：基督活在我裏面；
lyrics_db_text/db399.txt,15,面,不是注意外面事工，乃享基督作恩典。,不是注意外面事工，乃享基督作恩典。,不是注意外面事工，乃享基督作恩典。
lyrics_db_text/db399.txt,19,面,不是跟随外面仪式，乃让基督时加添。,不是跟隨外面儀式，乃讓基督時加添。,不是跟隨外面儀式，乃讓基督時加添。
lyrics_db_text/db399.txt,23,面,不仅外面对他事奉，更让基督全占有。,不僅外面對他事奉，更讓基督全佔有。,不僅外面對他事奉，更讓基督全佔有。
lyrics_db_text/db399.txt,27,面,不是外面客观荣耀，乃是基督作荣光。,不是外面客觀榮耀，乃是基督作榮光。,不是外面客觀榮耀，乃是基督作榮光。
lyrics_db_text/db399.txt,31,面,不是外面有何得着，乃有基督作秘诀。,不是外面有何得著，乃有基督作祕訣。,不是外面有何得着，乃有基督作祕訣。
lyrics_db_text/db40.txt,26,借,下沉的灵借以再起，直至晨曦显明；,下沉的靈藉以再起，直至晨曦顯明；,下沉的靈藉以再起，直至晨曦顯明；
lyrics_db_text/db40.txt,32,只,并非只有一时美丽，转眼即已枯残，,並非只有一時美麗，轉眼即已枯殘，,並非只有一時美麗，轉眼即已枯殘，
lyrics_db_text/db400.txt,2,历,经历基督－作便利者,經歷基督－作便利者,經歷基督－作便利者
lyrics_db_text/db400.txt,14,于,对于我的大小需要，你是丰富供应；,對於我的大小需要，你是豐富供應；,對於我的大小需要，你是豐富供應；
lyrics_db_text/db400.txt,15,于,何其全备、何其充足，我得应用于灵。,何其全備、何其充足，我得應用於靈。,何其全備、何其充足，我得應用於靈。
lyrics_db_text/db400.txt,19,借,借你能力无限供应，使我刚强、灵活。,借你能力無限供應，使我剛強、靈活。,借你能力無限供應，使我剛強、靈活。
lyrics_db_text/db401.txt,2,历,经历基督－作释放者,經歷基督－作釋放者,經歷基督－作釋放者
lyrics_db_text/db401.txt,10,余,基督使我得胜有余，仗他十架我夸胜！,基督使我得勝有餘，仗他十架我誇勝！,基督使我得勝有餘，仗他十架我誇勝！
lyrics_db_text/db401.txt,15,制,完全活在恩典之下，不受律法的挟制。,完全活在恩典之下，不受律法的挾制。,完全活在恩典之下，不受律法的挾制。
lyrics_db_text/db401.txt,18,恶,基督已经定罪了罪，除掉罪恶的权势；,基督已經定罪了罪，除掉罪惡的權勢；,基督已經定罪了罪，除掉罪惡的權勢；
lyrics_db_text/db401.txt,19,里,罪在我身再无地位，我从罪里得开释。,罪在我身再無地位，我從罪裏得開釋。,罪在我身再無地位，我從罪裏得開釋。
lyrics_db_text/db401.txt,23,复,胜过死亡顽强禁拘，彰显复活的大能。,勝過死亡頑強禁拘，彰顯復活的大能。,勝過死亡頑強禁拘，彰顯復活的大能。
lyrics_db_text/db402.txt,2,历,经历基督－与一切相对,經歷基督－與一切相對,經歷基督－與一切相對
lyrics_db_text/db402.txt,21,里,乃是基督自己，在我人性里，,乃是基督自己，在我人性裏，,乃是基督自己，在我人性裏，
lyrics_db_text/db402.txt,22,借复,借祂复活大能，作成祂身体。,借祂復活大能，作成祂身體。,借祂復活大能，作成祂身體。
lyrics_db_text/db403.txt,2,历,经历基督－他的丰富,經歷基督－他的豐富,經歷基督－他的豐富
lyrics_db_text/db403.txt,20,复,复活大能、升天超越，神所喜爱的宝藏！,復活大能、升天超越，神所喜愛的寶藏！,復活大能、升天超越，神所喜愛的寶藏！
lyrics_db_text/db403.txt,32,历,愿我认识我主丰富，丰满经历神基督；,願我認識我主豐富，豐滿經歷神基督；,願我認識我主豐富，豐滿經歷神基督；
lyrics_db_text/db404.txt,2,历,经历基督－祂的带领,經歷基督－祂的帶領,經歷基督－祂的帶領
lyrics_db_text/db404.txt,20,只,是福是苦由你定夺，只要你手来带领我。,是福是苦由你定奪，只要你手來帶領我。,是福是苦由你定奪，只要你手來帶領我。
lyrics_db_text/db405.txt,2,历,经历基督－爱祂,經歷基督－愛祂,經歷基督－愛祂
lyrics_db_text/db405.txt,20,只,并要赞美你，只要你给气息。,並要讚美你，只要你給氣息。,並要讚美你，只要你給氣息。
lyrics_db_text/db405.txt,21,表,即是死临到，我仍然要表白：,即是死臨到，我仍然要表白：,即是死臨到，我仍然要表白：
lyrics_db_text/db405.txt,25,里,在那无止境喜乐的荣耀里，,在那無止境喜樂的榮耀裏，,在那無止境喜樂的榮耀裏，
lyrics_db_text/db406.txt,2,历,经历基督－与祂交通,經歷基督－與祂交通,經歷基督－與祂交通
lyrics_db_text/db406.txt,22,复,平安无复加，安息在那永久膀臂中。,平安無復加，安息在那永久膀臂中。,平安無復加，安息在那永久膀臂中。
lyrics_db_text/db407.txt,2,历,经历基督－与祂交通,經歷基督－與祂交通,經歷基督－與祂交通
lyrics_db_text/db407.txt,8,云,勿让人世有云遮掩仆人心眼不见慈颜。,勿讓人世有雲遮掩僕人心眼不見慈顏。,勿讓人世有雲遮掩僕人心眼不見慈顏。
lyrics_db_text/db407.txt,12,后,深愿今晚最后思念，乃是永世息你胸前。,深願今晚最後思念，乃是永世息你胸前。,深願今晚最後思念，乃是永世息你胸前。
lyrics_db_text/db408.txt,2,历,经历基督－与他交通,經歷基督－與他交通,經歷基督－與他交通
lyrics_db_text/db408.txt,19,里,进入他爱里，享受他肥甘，,進入他愛裏，享受他肥甘，,進入他愛裏，享受他肥甘，
lyrics_db_text/db408.txt,25,于,良人属于我，我也属于他，,良人屬於我，我也屬於他，,良人屬於我，我也屬於他，
lyrics_db_text/db408.txt,31,复,同死的没药，复活的乳香，,同死的沒藥，復活的乳香，,同死的沒藥，復活的乳香，
lyrics_db_text/db408.txt,38,面,愿在他面前，皎洁似百合；,願在他面前，皎潔似百合；,願在他面前，皎潔似百合；
lyrics_db_text/db409.txt,2,历,经历基督－与他交通,經歷基督－與他交通,經歷基督－與他交通
lyrics_db_text/db409.txt,38,尽,他心切望能够尽速把我带到那边；,他心切望能夠盡速把我帶到那邊；,他心切望能夠盡速把我帶到那邊；
lyrics_db_text/db41.txt,16,尽,已叫我们的灵魂，脱尽所有猜疑。,已叫我們的靈魂，脫盡所有猜疑。,已叫我們的靈魂，脱盡所有猜疑。
lyrics_db_text/db41.txt,34,发,从前发声如雷的，说：‘罪人，我属你’！,從前發聲如雷的，說：‘罪人，我屬你’！,從前發聲如雷的，説：‘罪人，我屬你’！
lyrics_db_text/db410.txt,2,历,经历基督－与祂交通,經歷基督－與祂交通,經歷基督－與祂交通
lyrics_db_text/db410.txt,7,里,哦，在荣耀里的基督，已将我心全照亮；,哦，在榮耀裏的基督，已將我心全照亮；,哦，在榮耀裏的基督，已將我心全照亮；
lyrics_db_text/db410.txt,15,面,毫无遮蔽，永不衰亏，使我得见祂荣面，,毫無遮蔽，永不衰虧，使我得見祂榮面，,毫無遮蔽，永不衰虧，使我得見祂榮面，
lyrics_db_text/db410.txt,22,面,注视祂面无间无歇，得听隐密的话语。,注視祂面無間無歇，得聽隱密的話語。,注視祂面無間無歇，得聽隱密的話語。
lyrics_db_text/db410.txt,25,面,我已看见基督荣面，别事请勿向我题；,我已看見基督榮面，別事請勿向我題；,我已看見基督榮面，別事請勿向我題；
lyrics_db_text/db410.txt,27,借发面,借祂荣耀所发光辉，有福荣面我已见，,借祂榮耀所發光輝，有福榮面我已見，,借祂榮耀所發光輝，有福榮面我已見，
lyrics_db_text/db411.txt,2,历,经历基督－与他交通,經歷基督－與他交通,經歷基督－與他交通
lyrics_db_text/db411.txt,8,里,晚星高照暗中明，幽夜近主灵里清，,晚星高照暗中明，幽夜近主靈裏清，,晚星高照暗中明，幽夜近主靈裏清，
lyrics_db_text/db411.txt,12,面,我心所羡灵所慕，是你可爱的面目，,我心所羨靈所慕，是你可愛的面目，,我心所羨靈所慕，是你可愛的面目，
lyrics_db_text/db411.txt,16,面,在这宇宙广厦中，我心寻求你面容，,在這宇宙廣廈中，我心尋求你面容，,在這宇宙廣廈中，我心尋求你面容，
lyrics_db_text/db411.txt,22,冲面,愿能冲过众星辰，得见你面近你身，,願能衝過眾星辰，得見你面近你身，,願能衝過眾星辰，得見你面近你身，
lyrics_db_text/db412.txt,2,历,经历基督－与他交通,經歷基督－與他交通,經歷基督－與他交通
lyrics_db_text/db412.txt,8,借,凭信取用你的能力，借你宝血来领受。,憑信取用你的能力，借你寶血來領受。,憑信取用你的能力，借你寶血來領受。
lyrics_db_text/db412.txt,10,借,摸你，就得生命供应，借着你灵的运行；,摸你，就得生命供應，藉著你靈的運行；,摸你，就得生命供應，藉着你靈的運行；
lyrics_db_text/db413.txt,2,历,经历基督－与祂交通,經歷基督－與祂交通,經歷基督－與祂交通
lyrics_db_text/db413.txt,9,只,只有祂美丽、宝贝的自己，,只有祂美麗、寶貝的自己，,只有祂美麗、寶貝的自己，
lyrics_db_text/db413.txt,19,表,带我进内室，向我表意思，,帶我進內室，向我表意思，,帶我進內室，向我表意思，
lyrics_db_text/db413.txt,26,表,我渴求来饮你肯表露的爱情。,我渴求來飲你肯表露的愛情。,我渴求來飲你肯表露的愛情。
lyrics_db_text/db413.txt,38,面,注视祂的可爱面。,注視祂的可愛面。,注視祂的可愛面。
lyrics_db_text/db414.txt,2,历,经历基督－与祂交通,經歷基督－與祂交通,經歷基督－與祂交通
lyrics_db_text/db414.txt,25,复,进入幔内，吸取复活大能，,進入幔內，吸取復活大能，,進入幔內，吸取復活大能，
lyrics_db_text/db414.txt,27,面,我若看见祂在天上面容，,我若看見祂在天上面容，,我若看見祂在天上面容，
lyrics_db_text/db414.txt,33,历,地上经历虽使我心酸痛，,地上經歷雖使我心痠痛，,地上經歷雖使我心痠痛，
lyrics_db_text/db414.txt,44,尽,出到营外，直到营都灭尽；,出到營外，直到營都滅盡；,出到營外，直到營都滅盡；
lyrics_db_text/db414.txt,45,于,直到天地所有同归于一，,直到天地所有同歸於一，,直到天地所有同歸於一，
lyrics_db_text/db415.txt,2,历,经历基督－与祂交通,經歷基督－與祂交通,經歷基督－與祂交通
lyrics_db_text/db415.txt,8,面,在祂面前时常俯伏，所学功课何宝贵！,在祂面前時常俯伏，所學功課何寶貴！,在祂面前時常俯伏，所學功課何寶貴！
lyrics_db_text/db415.txt,14,干,当我带着疲倦、干渴，来到祂的翅膀间，,當我帶著疲倦、乾渴，來到祂的翅膀間，,當我帶着疲倦、乾渴，來到祂的翅膀間，
lyrics_db_text/db415.txt,28,于,若你的灵与祂相交，安静住于祂荣光，,若你的靈與祂相交，安靜住於祂榮光，,若你的靈與祂相交，安靜住於祂榮光，
lyrics_db_text/db415.txt,29,面,你的脸面就必返照祂那荣美的形像。,你的臉面就必返照祂那榮美的形像。,你的臉面就必返照祂那榮美的形像。
lyrics_db_text/db416.txt,2,历,经历基督－与祂交通,經歷基督－與祂交通,經歷基督－與祂交通
lyrics_db_text/db416.txt,9,借,借主赎罪的宝血，我得归神成圣洁，,借主贖罪的寶血，我得歸神成聖潔，,借主贖罪的寶血，我得歸神成聖潔，
lyrics_db_text/db416.txt,10,于,不再有分于罪孽，阿利路亚，赞美主！,不再有分於罪孽，阿利路亞，讚美主！,不再有分於罪孽，阿利路亞，讚美主！
lyrics_db_text/db416.txt,13,里,这里荣耀不败落！阿利路亚！阿利路亚！,這裏榮耀不敗落！阿利路亞！阿利路亞！,這裏榮耀不敗落！阿利路亞！阿利路亞！
lyrics_db_text/db416.txt,14,面,我今在我王的面前过生活！,我今在我王的面前過生活！,我今在我王的面前過生活！
lyrics_db_text/db416.txt,31,里面,我今是在灵里面，活在神的荣耀前，,我今是在靈裏面，活在神的榮耀前，,我今是在靈裏面，活在神的榮耀前，
lyrics_db_text/db417.txt,2,历,经历基督－与祂交通,經歷基督－與祂交通,經歷基督－與祂交通
lyrics_db_text/db417.txt,7,面,夜影尚存，晨光未现，重新来到恩主面前；,夜影尚存，晨光未現，重新來到恩主面前；,夜影尚存，晨光未現，重新來到恩主面前；
lyrics_db_text/db417.txt,8,里面,祂在里面放明、照耀，我得看见祂的荣颜。,祂在裏面放明、照耀，我得看見祂的榮顏。,祂在裏面放明、照耀，我得看見祂的榮顏。
lyrics_db_text/db417.txt,9,发,向我发言、给我看见：祂的丰富是为今天；,向我發言、給我看見：祂的豐富是為今天；,向我發言、給我看見：祂的豐富是為今天；
lyrics_db_text/db417.txt,13,借发,主灵借话与我交谈，直到我心发出颂赞，,主靈借話與我交談，直到我心發出頌讚，,主靈借話與我交談，直到我心發出頌讚，
lyrics_db_text/db417.txt,14,里面,生命活泉，带着恩力，在我里面涌流潺潺。,生命活泉，帶著恩力，在我裏面湧流潺潺。,生命活泉，帶着恩力，在我裏面湧流潺潺。
lyrics_db_text/db417.txt,15,发,向我发言、给我看见：祂的丰富是为今天；,向我發言、給我看見：祂的豐富是為今天；,向我發言、給我看見：祂的豐富是為今天；
lyrics_db_text/db417.txt,16,干,清爽、畅快，将祂欢饮，所有干渴全都消减。,清爽、暢快，將祂歡飲，所有乾渴全都消減。,清爽、暢快，將祂歡飲，所有乾渴全都消減。
lyrics_db_text/db417.txt,19,于面,当我欢留于祂面光，祂以温情对付、指点；,當我歡留於祂面光，祂以溫情對付、指點；,當我歡留於祂面光，祂以温情對付、指點；
lyrics_db_text/db417.txt,21,发,向我发言、给我看见：祂的丰富是为今天；,向我發言、給我看見：祂的豐富是為今天；,向我發言、給我看見：祂的豐富是為今天；
lyrics_db_text/db418.txt,2,历里面,经历基督－住在祂里面,經歷基督－住在祂裏面,經歷基督－住在祂裏面
lyrics_db_text/db418.txt,7,里面,住在主里面，无上的福气，,住在主裏面，無上的福氣，,住在主裏面，無上的福氣，
lyrics_db_text/db418.txt,8,历,常与主交通，甜美的经历；,常與主交通，甜美的經歷；,常與主交通，甜美的經歷；
lyrics_db_text/db418.txt,9,里面,住在主里面，主与我联合，,住在主裏面，主與我聯合，,住在主裏面，主與我聯合，
lyrics_db_text/db418.txt,13,里面,住在主里面，恩膏必运行，,住在主裏面，恩膏必運行，,住在主裏面，恩膏必運行，
lyrics_db_text/db418.txt,19,里面,住在主里面，恩光必照明，,住在主裏面，恩光必照明，,住在主裏面，恩光必照明，
lyrics_db_text/db418.txt,25,里面,住在主里面，软弱变刚强，,住在主裏面，軟弱變剛強，,住在主裏面，軟弱變剛強，
lyrics_db_text/db418.txt,27,里面,住在主里面，叹息变歌唱，,住在主裏面，歎息變歌唱，,住在主裏面，歎息變歌唱，
lyrics_db_text/db418.txt,31,里面,住在主里面，撒但难攻击，,住在主裏面，撒但難攻擊，,住在主裏面，撒但難攻擊，
lyrics_db_text/db418.txt,33,恶里面,住在主里面，罪恶无权势，,住在主裏面，罪惡無權勢，,住在主裏面，罪惡無權勢，
lyrics_db_text/db418.txt,37,里面,住在主里面，模成主荣形，,住在主裏面，模成主榮形，,住在主裏面，模成主榮形，
lyrics_db_text/db418.txt,39,历里面,住在主里面，经历主大能，,住在主裏面，經歷主大能，,住在主裏面，經歷主大能，
lyrics_db_text/db418.txt,43,里面,住在主里面，心、灵在渴慕，,住在主裏面，心、靈在渴慕，,住在主裏面，心、靈在渴慕，
lyrics_db_text/db418.txt,45,里面,惟愿我全人浸在主里面，,惟願我全人浸在主裏面，,惟願我全人浸在主裏面，
lyrics_db_text/db419.txt,2,历里面,经历基督－住在祂里面,經歷基督－住在祂裏面,經歷基督－住在祂裏面
lyrics_db_text/db419.txt,15,里面,但是，主阿，我不明白‘常在里面’的圣言；,但是，主阿，我不明白‘常在裏面’的聖言；,但是，主阿，我不明白‘常在裏面’的聖言；
lyrics_db_text/db419.txt,16,发,我越追求要去‘常在’，我越发现在外边。,我越追求要去‘常在’，我越發現在外邊。,我越追求要去‘常在’，我越發現在外邊。
lyrics_db_text/db419.txt,19,志里面,我不觉得我在里面，我也祷告并立志！,我不覺得我在裏面，我也禱告並立志！,我不覺得我在裏面，我也禱告並立志！
lyrics_db_text/db419.txt,27,里面,我今已是在你里面，再也不必求加入；,我今已是在你裏面，再也不必求加入；,我今已是在你裏面，再也不必求加入；
lyrics_db_text/db419.txt,40,只,现今我只欢乐赞美，相信圣言的无伪。,現今我只歡樂讚美，相信聖言的無偽。,現今我只歡樂讚美，相信聖言的無偽。
lyrics_db_text/db419.txt,43,只,我今只有完全安息，知道你是我一切，,我今只有完全安息，知道你是我一切，,我今只有完全安息，知道你是我一切，
lyrics_db_text/db42.txt,8,借,借着基督作我祭：父阿，我敬拜你。,藉著基督作我祭：父阿，我敬拜你。,藉着基督作我祭：父阿，我敬拜你。
lyrics_db_text/db42.txt,11,借,你爱浩大，何深阔，借着祂死临及我，,你愛浩大，何深闊，藉著祂死臨及我，,你愛浩大，何深闊，藉着祂死臨及我，
lyrics_db_text/db420.txt,2,历里面,经历基督－住在祂里面,經歷基督－住在祂裏面,經歷基督－住在祂裏面
lyrics_db_text/db420.txt,7,里面,住在你里面，这是我心愿，,住在你裏面，這是我心願，,住在你裏面，這是我心願，
lyrics_db_text/db420.txt,8,里面,住在你里面，时刻不间断；,住在你裏面，時刻不間斷；,住在你裏面，時刻不間斷；
lyrics_db_text/db420.txt,10,里面,主，住在你里面。,主，住在你裏面。,主，住在你裏面。
lyrics_db_text/db420.txt,13,里面,住在你里面，你富我享受，,住在你裏面，你富我享受，,住在你裏面，你富我享受，
lyrics_db_text/db420.txt,14,借,你所是一切，得借我流露；,你所是一切，得借我流露；,你所是一切，得借我流露；
lyrics_db_text/db420.txt,19,里面,住在你里面，罪、己失权能，,住在你裏面，罪、己失權能，,住在你裏面，罪、己失權能，
lyrics_db_text/db420.txt,24,里面,住在你里面，得知你心意，,住在你裏面，得知你心意，,住在你裏面，得知你心意，
lyrics_db_text/db421.txt,2,历,经历基督－信靠祂,經歷基督－信靠祂,經歷基督－信靠祂
lyrics_db_text/db421.txt,28,只,来慰、来静并来讬，只有你能，我主。,來慰、來靜並來託，只有你能，我主。,來慰、來靜並來託，只有你能，我主。
lyrics_db_text/db422.txt,2,历,经历基督－信靠他,經歷基督－信靠他,經歷基督－信靠他
lyrics_db_text/db422.txt,8,只,我的一生只此可唱：主为我！主为我！,我的一生只此可唱：主為我！主為我！,我的一生只此可唱：主為我！主為我！
lyrics_db_text/db422.txt,21,发,无花果树虽不发旺，葡萄、橄榄无一可享，,無花果樹雖不發旺，葡萄、橄欖無一可享，,無花果樹雖不發旺，葡萄、橄欖無一可享，
lyrics_db_text/db423.txt,2,历,经历基督－信靠祂,經歷基督－信靠祂,經歷基督－信靠祂
lyrics_db_text/db423.txt,7,志,意志薄弱，能力软弱，盼望已经全都消灭；,意志薄弱，能力軟弱，盼望已經全都消滅；,意志薄弱，能力軟弱，盼望已經全都消滅；
lyrics_db_text/db423.txt,8,只,只有信讬你的工作将我这人温柔提挈。,只有信託你的工作將我這人溫柔提挈。,只有信託你的工作將我這人温柔提挈。
lyrics_db_text/db423.txt,11,尽,尽我所有，所有失败，失败至今，失败频仍；,盡我所有，所有失敗，失敗至今，失敗頻仍；,盡我所有，所有失敗，失敗至今，失敗頻仍；
lyrics_db_text/db423.txt,19,面,你是救主…刚强…体贴，哦主，我今寻求你面；,你是救主…剛強…體貼，哦主，我今尋求你面；,你是救主…剛強…體貼，哦主，我今尋求你面；
lyrics_db_text/db424.txt,2,历,经历基督－信靠祂,經歷基督－信靠祂,經歷基督－信靠祂
lyrics_db_text/db424.txt,7,于,我心安息在于主！这才真是安息！,我心安息在於主！這纔真是安息！,我心安息在於主！這纔真是安息！
lyrics_db_text/db424.txt,22,只,你的子民万事绰，只要祂们有你。,你的子民萬事綽，只要祂們有你。,你的子民萬事綽，只要祂們有你。
lyrics_db_text/db424.txt,25,云,黑云罩我最黑时，正是你最近我，,黑雲罩我最黑時，正是你最近我，,黑雲罩我最黑時，正是你最近我，
lyrics_db_text/db424.txt,27,里,在你怀里我安卧，注视你的荣颜；,在你懷裏我安臥，注視你的榮顏；,在你懷裏我安卧，注視你的榮顏；
lyrics_db_text/db424.txt,34,只,只须你恩有供应，或生或死都可。,只須你恩有供應，或生或死都可。,只須你恩有供應，或生或死都可。
lyrics_db_text/db425.txt,2,历,经历基督－盛着祂,經歷基督－盛著祂,經歷基督－盛着祂
lyrics_db_text/db425.txt,7,里,我是受造的瓦器，宝贝基督放我里；,我是受造的瓦器，寶貝基督放我裏；,我是受造的瓦器，寶貝基督放我裏；
lyrics_db_text/db425.txt,23,表,让祂由衷得表现，使祂在我被人见；,讓祂由衷得表現，使祂在我被人見；,讓祂由衷得表現，使祂在我被人見；
lyrics_db_text/db425.txt,24,借,我须透明又透亮，祂可借我得显彰。,我須透明又透亮，祂可借我得顯彰。,我須透明又透亮，祂可借我得顯彰。
lyrics_db_text/db425.txt,27,余,变化乃是我所需，全人破碎无所余；,變化乃是我所需，全人破碎無所餘；,變化乃是我所需，全人破碎無所餘；
lyrics_db_text/db426.txt,2,历,经历基督－顺从祂,經歷基督－順從祂,經歷基督－順從祂
lyrics_db_text/db426.txt,26,于,若我不放一切于坛社；因祂所给诗歌、,若我不放一切於壇社；因祂所給詩歌、,若我不放一切於壇社；因祂所給詩歌、
lyrics_db_text/db426.txt,30,后,然后在祂光中，才有甜美交通，,然後在祂光中，纔有甜美交通，,然後在祂光中，纔有甜美交通，
lyrics_db_text/db426.txt,32,只,祂差遣，我就去；不要怕，只要信而顺从。,祂差遣，我就去；不要怕，只要信而順從。,祂差遣，我就去；不要怕，只要信而順從。
lyrics_db_text/db427.txt,2,历,经历基督－跟随祂,經歷基督－跟隨祂,經歷基督－跟隨祂
lyrics_db_text/db428.txt,2,历,经历基督－跟随祂,經歷基督－跟隨祂,經歷基督－跟隨祂
lyrics_db_text/db429.txt,2,历,经历基督－跟随他,經歷基督－跟隨他,經歷基督－跟隨他
lyrics_db_text/db429.txt,31,尽,‘出到营外’就耶稣，直到路尽天已曙；,‘出到營外’就耶穌，直到路盡天已曙；,‘出到營外’就耶穌，直到路盡天已曙；
lyrics_db_text/db43.txt,13,复里,你使祂从死里复活，你使祂成你首生，,你使祂從死裏復活，你使祂成你首生，,你使祂從死裏復活，你使祂成你首生，
lyrics_db_text/db43.txt,16,面,面向长子所有布置，日夜时常有诗歌。,面向長子所有佈置，日夜時常有詩歌。,面向長子所有佈置，日夜時常有詩歌。
lyrics_db_text/db43.txt,27,里,我们现今等在这里，等你儿子从天临；,我們現今等在這裏，等你兒子從天臨；,我們現今等在這裏，等你兒子從天臨；
lyrics_db_text/db430.txt,2,历,经历基督－模成祂的形像,經歷基督－模成祂的形像,經歷基督－模成祂的形像
lyrics_db_text/db430.txt,18,里面,圣灵在我里面运行，也在外面管治模成,聖靈在我裏面運行，也在外面管治模成,聖靈在我裏面運行，也在外面管治模成
lyrics_db_text/db431.txt,2,历,经历基督－彰显他,經歷基督－彰顯他,經歷基督－彰顯他
lyrics_db_text/db431.txt,7,尽,看！从那些卑贱瓦器，无尽恩典在照亮，,看！從那些卑賤瓦器，無盡恩典在照亮，,看！從那些卑賤瓦器，無盡恩典在照亮，
lyrics_db_text/db431.txt,8,里面,照到疲困、孤苦心里，照出基督的面光。,照到疲困、孤苦心裏，照出基督的面光。,照到疲困、孤苦心裏，照出基督的面光。
lyrics_db_text/db431.txt,20,发,荣耀焕发，常新、光荣，属天不变的宝贝。,榮耀煥發，常新、光榮，屬天不變的寶貝。,榮耀煥發，常新、光榮，屬天不變的寶貝。
lyrics_db_text/db432.txt,2,历,经历基督－彰显祂,經歷基督－彰顯祂,經歷基督－彰顯祂
lyrics_db_text/db432.txt,8,借里面,宝贝放在瓦器里面，莫大能力借此彰显！,寶貝放在瓦器裏面，莫大能力藉此彰顯！,寶貝放在瓦器裏面，莫大能力藉此彰顯！
lyrics_db_text/db432.txt,10,借里面,宝贝放在瓦器里面，莫大能力借此彰显！,寶貝放在瓦器裏面，莫大能力藉此彰顯！,寶貝放在瓦器裏面，莫大能力藉此彰顯！
lyrics_db_text/db432.txt,11,借,莫大能力借此彰显！,莫大能力藉此彰顯！,莫大能力藉此彰顯！
lyrics_db_text/db432.txt,14,面,四面受敌，不被困住；遭受逼迫，不被轻忽；,四面受敵，不被困住；遭受逼迫，不被輕忽；,四面受敵，不被困住；遭受逼迫，不被輕忽；
lyrics_db_text/db432.txt,15,里,心里作难，不至失望；被人打倒，不至死亡。,心裏作難，不至失望；被人打倒，不至死亡。,心裏作難，不至失望；被人打倒，不至死亡。
lyrics_db_text/db432.txt,19,发,死在我身发动运行，生在我身就得显明。,死在我身發動運行，生在我身就得顯明。,死在我身發動運行，生在我身就得顯明。
lyrics_db_text/db432.txt,22,复,神既叫主从死复活，也必叫我同祂活着。,神既叫主從死復活，也必叫我同祂活著。,神既叫主從死復活，也必叫我同祂活着。
lyrics_db_text/db432.txt,23,里面,外面的人虽然毁坏，里面的人却新起来！,外面的人雖然毀壞，裏面的人卻新起來！,外面的人雖然毀壞，裏面的人卻新起來！
lyrics_db_text/db432.txt,25,里面,外面的人虽然毁坏，里面的人却新起来！,外面的人雖然毀壞，裏面的人卻新起來！,外面的人雖然毀壞，裏面的人卻新起來！
lyrics_db_text/db432.txt,26,里面,里面的人却新起来！,裏面的人卻新起來！,裏面的人卻新起來！
lyrics_db_text/db433.txt,2,历,经历基督－彰显他,經歷基督－彰顯他,經歷基督－彰顯他
lyrics_db_text/db433.txt,12,里面,哦，求主救我脱离自己！失去在你里面！,哦，求主救我脫離自己！失去在你裏面！,哦，求主救我脱離自己！失去在你裏面！
lyrics_db_text/db433.txt,13,里面,哦，但愿不再是自己，惟主活我里面！,哦，但願不再是自己，惟主活我裏面！,哦，但願不再是自己，惟主活我裏面！
lyrics_db_text/db434.txt,2,历,经历基督－彰显祂,經歷基督－彰顯祂,經歷基督－彰顯祂
lyrics_db_text/db434.txt,10,里,极深心爱人难测窥－基督启示我心里。,極深心愛人難測窺－基督啟示我心裏。,極深心愛人難測窺－基督啓示我心裏。
lyrics_db_text/db434.txt,13,借尽,神借火焰舌头临到，用这永远无穷尽、,神借火焰舌頭臨到，用這永遠無窮盡、,神借火焰舌頭臨到，用這永遠無窮盡、
lyrics_db_text/db434.txt,15,里,神从天上荣耀里头，亲来充满这器皿，,神從天上榮耀裏頭，親來充滿這器皿，,神從天上榮耀裏頭，親來充滿這器皿，
lyrics_db_text/db435.txt,2,历,经历基督－体贴灵,經歷基督－體貼靈,經歷基督－體貼靈
lyrics_db_text/db435.txt,7,里面,在亚当里面，罪、死是我所有，,在亞當裏面，罪、死是我所有，,在亞當裏面，罪、死是我所有，
lyrics_db_text/db435.txt,8,里面,在基督里面，义、生是我所受；,在基督裏面，義、生是我所受；,在基督裏面，義、生是我所受；
lyrics_db_text/db435.txt,9,里面,在肉体里面，显出亚当性情，,在肉體裏面，顯出亞當性情，,在肉體裏面，顯出亞當性情，
lyrics_db_text/db435.txt,10,里面,在那灵里面，活出基督生命。,在那靈裏面，活出基督生命。,在那靈裏面，活出基督生命。
lyrics_db_text/db435.txt,13,里面,在亚当里面，不必再有罪行，,在亞當裏面，不必再有罪行，,在亞當裏面，不必再有罪行，
lyrics_db_text/db435.txt,15,里面,在基督里面，不须再有义行，,在基督裏面，不須再有義行，,在基督裏面，不須再有義行，
lyrics_db_text/db435.txt,19,里面,在肉体里面，不必特意用力，,在肉體裏面，不必特意用力，,在肉體裏面，不必特意用力，
lyrics_db_text/db435.txt,21,志里面,在那灵里面，不必专一立志，,在那靈裏面，不必專一立志，,在那靈裏面，不必專一立志，
lyrics_db_text/db435.txt,28,只,只体贴那灵，新生就能显圣。,只體貼那靈，新生就能顯聖。,只體貼那靈，新生就能顯聖。
lyrics_db_text/db435.txt,31,只,只体贴那灵，乃是神的救法，,只體貼那靈，乃是神的救法，,只體貼那靈，乃是神的救法，
lyrics_db_text/db435.txt,32,只,只体贴那灵，除此别无救拔；,只體貼那靈，除此別無救拔；,只體貼那靈，除此別無救拔；
lyrics_db_text/db435.txt,33,只,只体贴那灵，就能胜过情欲，,只體貼那靈，就能勝過情慾，,只體貼那靈，就能勝過情慾，
lyrics_db_text/db435.txt,34,只,只体贴那灵，就必脱离罪律。,只體貼那靈，就必脫離罪律。,只體貼那靈，就必脱離罪律。
lyrics_db_text/db435.txt,37,历只,只体贴那灵，就有十架经历，,只體貼那靈，就有十架經歷，,只體貼那靈，就有十架經歷，
lyrics_db_text/db435.txt,38,只复,只体贴那灵，就得复活能力；,只體貼那靈，就得復活能力；,只體貼那靈，就得復活能力；
lyrics_db_text/db435.txt,39,只,只体贴那灵，基督就能活出，,只體貼那靈，基督就能活出，,只體貼那靈，基督就能活出，
lyrics_db_text/db435.txt,40,只,只体贴那灵，生命就必成熟。,只體貼那靈，生命就必成熟。,只體貼那靈，生命就必成熟。
lyrics_db_text/db435.txt,43,里面,在那灵里面，基督才是生命，,在那靈裏面，基督纔是生命，,在那靈裏面，基督纔是生命，
lyrics_db_text/db435.txt,44,里面,在那灵里面，生命才是大能；,在那靈裏面，生命纔是大能；,在那靈裏面，生命纔是大能；
lyrics_db_text/db435.txt,45,历里面,在那灵里面，成圣才是经历，,在那靈裏面，成聖纔是經歷，,在那靈裏面，成聖纔是經歷，
lyrics_db_text/db435.txt,46,历里面,在那灵里面，经历才能实际。,在那靈裏面，經歷纔能實際。,在那靈裏面，經歷纔能實際。
lyrics_db_text/db436.txt,2,历,经历基督－随从灵,經歷基督－隨從靈,經歷基督－隨從靈
lyrics_db_text/db436.txt,10,里面,随从那灵而行，活在主里面，,隨從那靈而行，活在主裏面，,隨從那靈而行，活在主裏面，
lyrics_db_text/db436.txt,14,于,基督我已属于，不再受捆绑；,基督我已屬於，不再受捆綁；,基督我已屬於，不再受捆綁；
lyrics_db_text/db436.txt,19,只,不再随从己意，只随灵而行。,不再隨從己意，只隨靈而行。,不再隨從己意，只隨靈而行。
lyrics_db_text/db436.txt,26,只里,那灵住在我里，不只能属灵；,那靈住在我裏，不只能屬靈；,那靈住在我裏，不只能屬靈；
lyrics_db_text/db436.txt,27,复,就是必死身体，也必得复生。,就是必死身體，也必得復生。,就是必死身體，也必得復生。
lyrics_db_text/db436.txt,30,里,那灵在我灵里，二灵成一灵，,那靈在我靈裏，二靈成一靈，,那靈在我靈裏，二靈成一靈，
lyrics_db_text/db437.txt,2,历,经历基督－因祂满足,經歷基督－因祂滿足,經歷基督－因祂滿足
lyrics_db_text/db437.txt,8,尽,除祂以外，何所爱慕？何况世福尽虚空！,除祂以外，何所愛慕？何況世福盡虛空！,除祂以外，何所愛慕？何況世福盡虛空！
lyrics_db_text/db437.txt,15,余,得着世界仍是缺如，得着基督就有余。,得著世界仍是缺如，得著基督就有餘。,得着世界仍是缺如，得着基督就有餘。
lyrics_db_text/db437.txt,23,里面,基督是我一切宝藏，在祂里面我定居！,基督是我一切寶藏，在祂裏面我定居！,基督是我一切寶藏，在祂裏面我定居！
lyrics_db_text/db438.txt,2,历,经历基督－因他满足,經歷基督－因他滿足,經歷基督－因他滿足
lyrics_db_text/db438.txt,9,只,主，我是你的器皿，只有你能充盈；,主，我是你的器皿，只有你能充盈；,主，我是你的器皿，只有你能充盈；
lyrics_db_text/db438.txt,21,发,有他，我无别原因，也发喜乐声音；,有他，我無別原因，也發喜樂聲音；,有他，我無別原因，也發喜樂聲音；
lyrics_db_text/db438.txt,34,只,我心只求他喜悦，怕他心忧。,我心只求他喜悅，怕他心憂。,我心只求他喜悦，怕他心憂。
lyrics_db_text/db439.txt,2,历,经历基督－一般,經歷基督－一般,經歷基督－一般
lyrics_db_text/db439.txt,9,借,亲爱的主，前途我全借你，,親愛的主，前途我全借你，,親愛的主，前途我全借你，
lyrics_db_text/db439.txt,24,借里,因为借你所洒幔里宝血，,因為借你所灑幔裏寶血，,因為借你所灑幔裏寶血，
lyrics_db_text/db439.txt,28,恶,神的羔羊为我担当罪恶，,神的羔羊為我擔當罪惡，,神的羔羊為我擔當罪惡，
lyrics_db_text/db439.txt,29,后,使我得救，今后永远生活，,使我得救，今後永遠生活，,使我得救，今後永遠生活，
lyrics_db_text/db439.txt,47,面,面如坚石，经过火热水深，,面如堅石，經過火熱水深，,面如堅石，經過火熱水深，
lyrics_db_text/db439.txt,54,历,你从天来经历人生苦楚，,你從天來經歷人生苦楚，,你從天來經歷人生苦楚，
lyrics_db_text/db44.txt,15,里,因在那里，祂作我们，永远不变的寄讬。,因在那裏，祂作我們，永遠不變的寄託。,因在那裏，祂作我們，永遠不變的寄託。
lyrics_db_text/db44.txt,23,历,我们现虽未见早晨，却仍安心历世途，,我們現雖未見早晨，卻仍安心歷世途，,我們現雖未見早晨，卻仍安心歷世途，
lyrics_db_text/db44.txt,31,里,哦，求圣父因祂慈名，保守我们在这里，,哦，求聖父因祂慈名，保守我們在這裏，,哦，求聖父因祂慈名，保守我們在這裏，
lyrics_db_text/db440.txt,2,历,经历基督－一般,經歷基督－一般,經歷基督－一般
lyrics_db_text/db440.txt,7,面,外面虽被旷野太阳晒黑，,外面雖被曠野太陽曬黑，,外面雖被曠野太陽曬黑，
lyrics_db_text/db440.txt,8,里面,光明之子里面却都秀美；,光明之子裏面卻都秀美；,光明之子裏面卻都秀美；
lyrics_db_text/db440.txt,18,面,外面需要也和祂们一样，,外面需要也和祂們一樣，,外面需要也和祂們一樣，
lyrics_db_text/db440.txt,23,里面,他们里面却有神的生命，,他們裏面卻有神的生命，,他們裏面卻有神的生命，
lyrics_db_text/db440.txt,28,发,彼此颂扬最高之神，发出深处最妙之音。,彼此頌揚最高之神，發出深處最妙之音。,彼此頌揚最高之神，發出深處最妙之音。
lyrics_db_text/db440.txt,35,里,虽被打倒，不至死亡，心里作难，不至失望；,雖被打倒，不至死亡，心裏作難，不至失望；,雖被打倒，不至死亡，心裏作難，不至失望；
lyrics_db_text/db440.txt,43,发,哦！光明者，兴起发光，,哦！光明者，興起發光，,哦！光明者，興起發光，
lyrics_db_text/db441.txt,2,历,经历神－作永远的分,經歷神－作永遠的分,經歷神－作永遠的分
lyrics_db_text/db441.txt,12,尽,天上一切尽都空虚，地上更是如此！,天上一切盡都空虛，地上更是如此！,天上一切盡都空虛，地上更是如此！
lyrics_db_text/db441.txt,29,只,但我只要你的同在，此外无所爱慕。,但我只要你的同在，此外無所愛慕。,但我只要你的同在，此外無所愛慕。
lyrics_db_text/db442.txt,2,历,经历神－作生命,經歷神－作生命,經歷神－作生命
lyrics_db_text/db442.txt,14,尽,神用清水洒在我身，污秽、偶像我全脱尽；,神用清水灑在我身，污穢、偶像我全脫盡；,神用清水灑在我身，污穢、偶像我全脱盡；
lyrics_db_text/db442.txt,19,于,我就合于祂的神圣，能以活出祂所命令。,我就合於祂的神聖，能以活出祂所命令。,我就合於祂的神聖，能以活出祂所命令。
lyrics_db_text/db443.txt,2,历,经历神－作生命,經歷神－作生命,經歷神－作生命
lyrics_db_text/db443.txt,10,于,全都在于这生命。,全都在於這生命。,全都在於這生命。
lyrics_db_text/db443.txt,13,于,何等慈爱！何等恩典！神之于人是生命！,何等慈愛！何等恩典！神之於人是生命！,何等慈愛！何等恩典！神之於人是生命！
lyrics_db_text/db443.txt,14,里面,祂要进入人的里面，所以为人创造灵。,祂要進入人的裏面，所以為人創造靈。,祂要進入人的裏面，所以為人創造靈。
lyrics_db_text/db443.txt,20,后,后成那灵，先在肉身，给人接受作生命。,後成那靈，先在肉身，給人接受作生命。,後成那靈，先在肉身，給人接受作生命。
lyrics_db_text/db443.txt,25,复里面,死而复活，给人相信，到人里面作生命。,死而復活，給人相信，到人裏面作生命。,死而復活，給人相信，到人裏面作生命。
lyrics_db_text/db443.txt,30,里,感动人信，进入人心，到人灵里作生命。,感動人信，進入人心，到人靈裏作生命。,感動人信，進入人心，到人靈裏作生命。
lyrics_db_text/db443.txt,35,里面,灵一流入就是恩赐，在人里面作生命。,靈一流入就是恩賜，在人裏面作生命。,靈一流入就是恩賜，在人裏面作生命。
lyrics_db_text/db443.txt,39,里,流入我心，与我合一，在我灵里作生命。,流入我心，與我合一，在我靈裏作生命。,流入我心，與我合一，在我靈裏作生命。
lyrics_db_text/db444.txt,2,历,经历神－作牧人,經歷神－作牧人,經歷神－作牧人
lyrics_db_text/db445.txt,2,历,经历神－作居所,經歷神－作居所,經歷神－作居所
lyrics_db_text/db445.txt,8,于,对于幻景立生厌心，抵消地的吸力。,對於幻景立生厭心，抵消地的吸力。,對於幻景立生厭心，抵消地的吸力。
lyrics_db_text/db445.txt,19,只,只要从你心的深处，将神尊名称颂，,只要從你心的深處，將神尊名稱頌，,只要從你心的深處，將神尊名稱頌，
lyrics_db_text/db445.txt,39,后里面,然后保守良心敏锐，顾到里面感觉；,然後保守良心敏銳，顧到裏面感覺；,然後保守良心敏鋭，顧到裏面感覺；
lyrics_db_text/db446.txt,2,历,经历神－作居所,經歷神－作居所,經歷神－作居所
lyrics_db_text/db446.txt,8,里,我主基督将我带到这里；,我主基督將我帶到這裏；,我主基督將我帶到這裏；
lyrics_db_text/db446.txt,10,里,到这至圣所里与神同住。,到這至聖所裏與神同住。,到這至聖所裏與神同住。
lyrics_db_text/db446.txt,16,里面,自己里面想要找到一途；,自己裏面想要找到一途；,自己裏面想要找到一途；
lyrics_db_text/db446.txt,19,后,而后得知主是惟一道路，,而後得知主是惟一道路，,而後得知主是惟一道路，
lyrics_db_text/db446.txt,20,借里面,我当借祂到神里面居住。,我當借祂到神裏面居住。,我當借祂到神裏面居住。
lyrics_db_text/db446.txt,24,复,与神同住，安稳无以复加。,與神同住，安穩無以復加。,與神同住，安穩無以復加。
lyrics_db_text/db446.txt,26,只,求你使我只是向你活着；,求你使我只是向你活著；,求你使我只是向你活着；
lyrics_db_text/db447.txt,2,历,经历神－藉三身位,經歷神－藉三身位,經歷神－藉三身位
lyrics_db_text/db447.txt,8,里面,何等荣耀，这位神进入我心，在我里面，作我一切供应。,何等榮耀，這位神進入我心，在我裏面，作我一切供應。,何等榮耀，這位神進入我心，在我裏面，作我一切供應。
lyrics_db_text/db447.txt,14,尽,何等有福，这一切竟归我有，不尽不竭，取用直到永久！,何等有福，這一切竟歸我有，不盡不竭，取用直到永久！,何等有福，這一切竟歸我有，不盡不竭，取用直到永久！
lyrics_db_text/db447.txt,31,历里,何等实际，神一切全在灵里，是灵在灵给我接触、经历；,何等實際，神一切全在靈裏，是靈在靈給我接觸、經歷；,何等實際，神一切全在靈裏，是靈在靈給我接觸、經歷；
lyrics_db_text/db448.txt,2,借历,经历神－借三身位,經歷神－借三身位,經歷神－借三身位
lyrics_db_text/db448.txt,8,里,原在光中人难靠近，今在灵里与我相亲。,原在光中人難靠近，今在靈裏與我相親。,原在光中人難靠近，今在靈裏與我相親。
lyrics_db_text/db448.txt,12,里面,在我里面将我供应，使我有你神圣性情。,在我裏面將我供應，使我有你神聖性情。,在我裏面將我供應，使我有你神聖性情。
lyrics_db_text/db448.txt,15,里,父在子里，子成为灵，灵临到我如气似风；,父在子裏，子成為靈，靈臨到我如氣似風；,父在子裏，子成為靈，靈臨到我如氣似風；
lyrics_db_text/db448.txt,17,历,成为我的实际经历。,成為我的實際經歷。,成為我的實際經歷。
lyrics_db_text/db448.txt,25,里面,父在子里显在人间，子成为灵进我里面。,父在子裏顯在人間，子成為靈進我裏面。,父在子裏顯在人間，子成為靈進我裏面。
lyrics_db_text/db448.txt,33,里,我要享受你的丰富，必须灵里与灵接触。,我要享受你的豐富，必須靈裏與靈接觸。,我要享受你的豐富，必須靈裏與靈接觸。
lyrics_db_text/db448.txt,36,里,灵里敬拜，灵里交通，灵里祷告、赞美、称颂，,靈裏敬拜，靈裏交通，靈裏禱告、讚美、稱頌，,靈裏敬拜，靈裏交通，靈裏禱告、讚美、稱頌，
lyrics_db_text/db448.txt,37,里,我就摸着灵里圣灵，享受你作一切供应。,我就摸著靈裏聖靈，享受你作一切供應。,我就摸着靈裏聖靈，享受你作一切供應。
lyrics_db_text/db449.txt,2,历里,经历神－在灵里,經歷神－在靈裏,經歷神－在靈裏
lyrics_db_text/db449.txt,8,借,与神接触，享神丰富，必须借灵，舍此无路。,與神接觸，享神豐富，必須借靈，舍此無路。,與神接觸，享神豐富，必須借靈，舍此無路。
lyrics_db_text/db449.txt,11,里面,灵也是人最深部分，全人里面灵是最真；,靈也是人最深部分，全人裏面靈是最真；,靈也是人最深部分，全人裏面靈是最真；
lyrics_db_text/db449.txt,16,里面,他灵要进人灵里面，使人与他灵里相联。,他靈要進人靈裏面，使人與他靈裏相聯。,他靈要進人靈裏面，使人與他靈裏相聯。
lyrics_db_text/db449.txt,24,里,在人灵里神灵同在，才能向神献上敬拜。,在人靈裏神靈同在，纔能向神獻上敬拜。,在人靈裏神靈同在，纔能向神獻上敬拜。
lyrics_db_text/db449.txt,32,里,灵里祷告，灵里事奉，灵里摸着神圣生命；,靈裏禱告，靈裏事奉，靈裏摸著神聖生命；,靈裏禱告，靈裏事奉，靈裏摸着神聖生命；
lyrics_db_text/db449.txt,33,里,灵里长进，灵里建造，灵里显出基督荣耀。,靈裏長進，靈裏建造，靈裏顯出基督榮耀。,靈裏長進，靈裏建造，靈裏顯出基督榮耀。
lyrics_db_text/db449.txt,36,里,主阿，我愿回到灵里，学习摸着你的自己；,主阿，我願回到靈裏，學習摸著你的自己；,主阿，我願回到靈裏，學習摸着你的自己；
lyrics_db_text/db45.txt,10,里,在你无限的爱里，永远蒙你恩宠。,在你無限的愛裏，永遠蒙你恩寵。,在你無限的愛裏，永遠蒙你恩寵。
lyrics_db_text/db45.txt,15,于,祂带我们亲近你，有分于祂地位，,祂帶我們親近你，有分於祂地位，,祂帶我們親近你，有分於祂地位，
lyrics_db_text/db45.txt,21,里面,在祂里面，你众子，祂的许多弟兄，,在祂裏面，你眾子，祂的許多弟兄，,在祂裏面，你眾子，祂的許多弟兄，
lyrics_db_text/db450.txt,2,历里,经历神－在灵里,經歷神－在靈裏,經歷神－在靈裏
lyrics_db_text/db450.txt,7,于里,神之于人一切正常故事，全都在于灵里；,神之於人一切正常故事，全都在於靈裏；,神之於人一切正常故事，全都在於靈裏；
lyrics_db_text/db450.txt,8,历里,人须灵里摸着神灵本质，对神才有经历。,人須靈裏摸著神靈本質，對神纔有經歷。,人須靈裏摸着神靈本質，對神纔有經歷。
lyrics_db_text/db450.txt,16,借,要人以灵拜灵；借此人能得着祂作生命，,要人以靈拜靈；藉此人能得著祂作生命，,要人以靈拜靈；藉此人能得着祂作生命，
lyrics_db_text/db450.txt,21,里,叫人得着重生；人就能在灵里与祂交通，,叫人得著重生；人就能在靈裏與祂交通，,叫人得着重生；人就能在靈裏與祂交通，
lyrics_db_text/db450.txt,35,历里,神的一切丰盛全在灵里，给我经历、享受；,神的一切豐盛全在靈裏，給我經歷、享受；,神的一切豐盛全在靈裏，給我經歷、享受；
lyrics_db_text/db450.txt,36,里,我须灵里时常将神呼吸，才得享神所有。,我須靈裏時常將神呼吸，纔得享神所有。,我須靈裏時常將神呼吸，纔得享神所有。
lyrics_db_text/db451.txt,2,历里,经历神－在灵里,經歷神－在靈裏,經歷神－在靈裏
lyrics_db_text/db451.txt,8,于,需要我能与祂联结，联于祂灵。,需要我能與祂聯結，聯於祂靈。,需要我能與祂聯結，聯於祂靈。
lyrics_db_text/db451.txt,10,于,父的一切、子的丰富，全都归于灵；,父的一切、子的豐富，全都歸於靈；,父的一切、子的豐富，全都歸於靈；
lyrics_db_text/db451.txt,15,里,但须灵里与祂接触，才能摸着。,但須靈裏與祂接觸，纔能摸著。,但須靈裏與祂接觸，纔能摸着。
lyrics_db_text/db451.txt,19,只,若不动灵，只凭理智，难得满足。,若不動靈，只憑理智，難得滿足。,若不動靈，只憑理智，難得滿足。
lyrics_db_text/db451.txt,26,里,何等丰富，何等荣耀，灵里接触神！,何等豐富，何等榮耀，靈裏接觸神！,何等豐富，何等榮耀，靈裏接觸神！
lyrics_db_text/db452.txt,2,历,经历神－灵作传达,經歷神－靈作傳達,經歷神－靈作傳達
lyrics_db_text/db452.txt,7,借里,神的圣灵是神传达，借他，神得进入我里；,神的聖靈是神傳達，借他，神得進入我裏；,神的聖靈是神傳達，借他，神得進入我裏；
lyrics_db_text/db452.txt,8,借历里面,借他，神在基督里面，给我得着，作我经历。,借他，神在基督裏面，給我得著，作我經歷。,借他，神在基督裏面，給我得着，作我經歷。
lyrics_db_text/db452.txt,11,表,神之为父是作源头，神之为子是为表现，,神之為父是作源頭，神之為子是為表現，,神之為父是作源頭，神之為子是為表現，
lyrics_db_text/db452.txt,19,里面,父在子里来人中间，子又成灵进人里面；,父在子裏來人中間，子又成靈進人裏面；,父在子裏來人中間，子又成靈進人裏面；
lyrics_db_text/db452.txt,24,里面,父神乃在子神里面，得着化身而得彰显；,父神乃在子神裏面，得著化身而得彰顯；,父神乃在子神裏面，得着化身而得彰顯；
lyrics_db_text/db452.txt,28,里,但愿父神对我之爱，在子神里成我恩典，,但願父神對我之愛，在子神裏成我恩典，,但願父神對我之愛，在子神裏成我恩典，
lyrics_db_text/db452.txt,29,借,借着灵神交通传达，使我得享神的丰满。,藉著靈神交通傳達，使我得享神的豐滿。,藉着靈神交通傳達，使我得享神的豐滿。
lyrics_db_text/db453.txt,2,历,经历神－与他交通,經歷神－與他交通,經歷神－與他交通
lyrics_db_text/db453.txt,9,发,我仍发此歌音：与你更亲，我神，,我仍發此歌音：與你更親，我神，,我仍發此歌音：與你更親，我神，
lyrics_db_text/db453.txt,32,历尽,日月星辰尽历，翱翔不停，,日月星辰盡歷，翱翔不停，,日月星辰盡歷，翱翔不停，
lyrics_db_text/db453.txt,33,发,我仍发此歌音：与你更亲，我神，,我仍發此歌音：與你更親，我神，,我仍發此歌音：與你更親，我神，
lyrics_db_text/db454.txt,8,志,作为羞辱、痛苦标志；,作為羞辱、痛苦標誌；,作為羞辱、痛苦標誌；
lyrics_db_text/db454.txt,10,面,来在上面替人受死。,來在上面替人受死。,來在上面替人受死。
lyrics_db_text/db454.txt,32,面,有一天主再来，面对面看见祂，,有一天主再來，面對面看見祂，,有一天主再來，面對面看見祂，
lyrics_db_text/db456.txt,23,面,直到被提得上升，永远见主面光。,直到被提得上升，永遠見主面光。,直到被提得上升，永遠見主面光。
lyrics_db_text/db458.txt,2,借,十字架的道路－借损受益,十字架的道路－借損受益,十字架的道路－借損受益
lyrics_db_text/db458.txt,16,发,你是否要鼓我心弦，发出你的音乐？,你是否要鼓我心絃，發出你的音樂？,你是否要鼓我心絃，發出你的音樂？
lyrics_db_text/db458.txt,25,只,不顾我的感觉如何，只是要求你欢欣？,不顧我的感覺如何，只是要求你歡欣？,不顧我的感覺如何，只是要求你歡欣？
lyrics_db_text/db458.txt,37,只,主，我只有一个祷告：你能加增，我减少。,主，我只有一個禱告：你能加增，我減少。,主，我只有一個禱告：你能加增，我減少。
lyrics_db_text/db459.txt,2,借,十字架的道路－借损受益,十字架的道路－借損受益,十字架的道路－借損受益
lyrics_db_text/db459.txt,9,于,神所置于十架之人，虽受损失，也是欢欣。,神所置於十架之人，雖受損失，也是歡欣。,神所置於十架之人，雖受損失，也是歡欣。
lyrics_db_text/db459.txt,13,干,若无眼睛流泪浇灌，园中花木多必枯干！,若無眼睛流淚澆灌，園中花木多必枯乾！,若無眼睛流淚澆灌，園中花木多必枯乾！
lyrics_db_text/db459.txt,14,借,金子经火才得炼净，圣徒借苦才能成圣。,金子經火纔得煉淨，聖徒借苦纔能成聖。,金子經火纔得煉淨，聖徒借苦纔能成聖。
lyrics_db_text/db459.txt,19,借,苦难来临，胆量增长，珍珠长成，是借蚌伤。,苦難來臨，膽量增長，珍珠長成，是借蚌傷。,苦難來臨，膽量增長，珍珠長成，是借蚌傷。
lyrics_db_text/db46.txt,7,于,慈爱父神，对于你的大爱，,慈愛父神，對於你的大愛，,慈愛父神，對於你的大愛，
lyrics_db_text/db46.txt,15,借,借着你恩；祂是你爱所有独一对象，,藉著你恩；祂是你愛所有獨一對象，,藉着你恩；祂是你愛所有獨一對象，
lyrics_db_text/db460.txt,2,借,十字架的道路－借损受益,十字架的道路－借損受益,十字架的道路－借損受益
lyrics_db_text/db460.txt,15,只,无论生命或是财产，只要心爱，必成锁炼。,無論生命或是財產，只要心愛，必成鎖煉。,無論生命或是財產，只要心愛，必成鎖煉。
lyrics_db_text/db460.txt,16,只,无论生命或是财产，只要心爱，必成锁炼。,無論生命或是財產，只要心愛，必成鎖煉。,無論生命或是財產，只要心愛，必成鎖煉。
lyrics_db_text/db460.txt,19,谷,每当看见成熟禾田，金谷丰盈向神呈献，,每當看見成熟禾田，金谷豐盈向神呈獻，,每當看見成熟禾田，金谷豐盈向神呈獻，
lyrics_db_text/db461.txt,7,只,十架人若背起，岂只受苦而已！,十架人若背起，豈只受苦而已！,十架人若背起，豈只受苦而已！
lyrics_db_text/db461.txt,10,历,所以十架经历，总是结束自己。,所以十架經歷，總是結束自己。,所以十架經歷，總是結束自己。
lyrics_db_text/db461.txt,15,历,非让十架剪除，不能经历基督；,非讓十架剪除，不能經歷基督；,非讓十架剪除，不能經歷基督；
lyrics_db_text/db462.txt,2,借,十字架的道路－借死而生,十字架的道路－借死而生,十字架的道路－借死而生
lyrics_db_text/db462.txt,8,于,要将一切献于神，,要將一切獻於神，,要將一切獻於神，
lyrics_db_text/db462.txt,9,面,将一切放在死的祭坛上面，,將一切放在死的祭壇上面，,將一切放在死的祭壇上面，
lyrics_db_text/db462.txt,10,里,火才在这里显现。,火纔在這裏顯現。,火纔在這裏顯現。
lyrics_db_text/db462.txt,20,面,但前面有更沉重的十字架！,但前面有更沉重的十字架！,但前面有更沉重的十字架！
lyrics_db_text/db463.txt,2,借,十字架的道路－借死而生,十字架的道路－借死而生,十字架的道路－借死而生
lyrics_db_text/db463.txt,8,后,流露生命，不再将主扣；世界丢背后，,流露生命，不再將主扣；世界丟背後，,流露生命，不再將主扣；世界丟背後，
lyrics_db_text/db464.txt,2,借,十字架的道路－借死而生,十字架的道路－借死而生,十字架的道路－借死而生
lyrics_db_text/db464.txt,7,复,我若认识复活大能，必爱十架的模型；,我若認識復活大能，必愛十架的模型；,我若認識復活大能，必愛十架的模型；
lyrics_db_text/db464.txt,14,干,基督要在我心成形，我就必须死干净，,基督要在我心成形，我就必須死乾淨，,基督要在我心成形，我就必須死乾淨，
lyrics_db_text/db464.txt,18,借,惟愿神借永远的灵，使我与主永同钉；,惟願神借永遠的靈，使我與主永同釘；,惟願神借永遠的靈，使我與主永同釘；
lyrics_db_text/db464.txt,19,发,死在我身发动运行，生在我身就显明。,死在我身發動運行，生在我身就顯明。,死在我身發動運行，生在我身就顯明。
lyrics_db_text/db465.txt,20,系,它如伸肢展臂，也是架上被系；,它如伸肢展臂，也是架上被系；,它如伸肢展臂，也是架上被系；
lyrics_db_text/db465.txt,26,余,因着生命丰裕，自然生长有余；,因著生命豐裕，自然生長有餘；,因着生命豐裕，自然生長有餘；
lyrics_db_text/db465.txt,28,于,在于青蓝空中，尝其甘美无穷。,在於青藍空中，嘗其甘美無窮。,在於青藍空中，嘗其甘美無窮。
lyrics_db_text/db465.txt,31,松,但是园主、园工，对它并不放松；,但是園主、園工，對它並不放鬆；,但是園主、園工，對它並不放鬆；
lyrics_db_text/db465.txt,33,准,毫不顾惜它的细嫩，将它割得又深又准，,毫不顧惜它的細嫩，將它割得又深又準，,毫不顧惜它的細嫩，將它割得又深又準，
lyrics_db_text/db465.txt,34,余尽,所有多余美穗，尽都断折破碎。,所有多餘美穗，盡都斷折破碎。,所有多餘美穗，盡都斷折破碎。
lyrics_db_text/db465.txt,45,干,太阳又来迫它枯干，它叶开始败落四散，,太陽又來迫它枯乾，它葉開始敗落四散，,太陽又來迫它枯乾，它葉開始敗落四散，
lyrics_db_text/db465.txt,49,致,它因负重过甚，以致无枝不沉；,它因負重過甚，以致無枝不沉；,它因負重過甚，以致無枝不沉；
lyrics_db_text/db465.txt,50,尽,这是长期努力，受尽琢磨来的；,這是長期努力，受盡琢磨來的；,這是長期努力，受盡琢磨來的；
lyrics_db_text/db465.txt,56,于,葡萄所有宝藏，在于酒醡之上，,葡萄所有寶藏，在於酒醡之上，,葡萄所有寶藏，在於酒醡之上，
lyrics_db_text/db465.txt,64,干,反而将它再砍，使成无枝秃干。,反而將它再砍，使成無枝禿乾。,反而將它再砍，使成無枝禿乾。
lyrics_db_text/db465.txt,69,历面,但是葡萄却在外面，孤独经历雪地冰天，,但是葡萄卻在外面，孤獨經歷雪地冰天，,但是葡萄卻在外面，孤獨經歷雪地冰天，
lyrics_db_text/db465.txt,79,尽,它的所有呼吸，尽是高天清气，,它的所有呼吸，盡是高天清氣，,它的所有呼吸，盡是高天清氣，
lyrics_db_text/db465.txt,81,面,面向牺牲，依然含笑，再来接受爱的剥削，,面向犧牲，依然含笑，再來接受愛的剝削，,面向犧牲，依然含笑，再來接受愛的剝削，
lyrics_db_text/db465.txt,86,尽,是否因已舍尽，它就变为更贫？,是否因已舍盡，它就變為更貧？,是否因已舍盡，它就變為更貧？
lyrics_db_text/db465.txt,93,于,因为爱的最大能力，乃是在于爱的舍弃，,因為愛的最大能力，乃是在於愛的捨棄，,因為愛的最大能力，乃是在於愛的捨棄，
lyrics_db_text/db466.txt,12,里,落在地里死了，葬了，就必能结实。,落在地裏死了，葬了，就必能結實。,落在地裏死了，葬了，就必能結實。
lyrics_db_text/db466.txt,16,复,祂必使你从死复起，充满了新生。,祂必使你從死復起，充滿了新生。,祂必使你從死復起，充滿了新生。
lyrics_db_text/db466.txt,24,获,倒出生命，直到死绝，收获必丰盈。,倒出生命，直到死絕，收穫必豐盈。,倒出生命，直到死絕，收穫必豐盈。
lyrics_db_text/db467.txt,27,于,喂狮在于广场，怎能你无伤痕？,喂獅在於廣場，怎能你無傷痕？,喂獅在於廣場，怎能你無傷痕？
lyrics_db_text/db467.txt,42,只,只有安然受享？能否有人忠心，,只有安然受享？能否有人忠心，,只有安然受享？能否有人忠心，
lyrics_db_text/db468.txt,11,系,我今已经撇弃世界，所有关系都解；,我今已經撇棄世界，所有關系都解；,我今已經撇棄世界，所有關系都解；
lyrics_db_text/db468.txt,15,只,管他世人怒目白眼，我只求主笑脸；,管他世人怒目白眼，我只求主笑臉；,管他世人怒目白眼，我只求主笑臉；
lyrics_db_text/db468.txt,23,台,我今每日举目细望审判台前亮光；,我今每日舉目細望審判臺前亮光；,我今每日舉目細望審判台前亮光；
lyrics_db_text/db468.txt,31,只,但我只愿孤单、贫穷，在此不求亨通；,但我只願孤單、貧窮，在此不求亨通；,但我只願孤單、貧窮，在此不求亨通；
lyrics_db_text/db468.txt,36,只,所以现在我无他望，只望因祂失丧。,所以現在我無他望，只望因祂失喪。,所以現在我無他望，只望因祂失喪。
lyrics_db_text/db468.txt,39,只,我的荣耀还在将来，今日只得忍耐；,我的榮耀還在將來，今日只得忍耐；,我的榮耀還在將來，今日只得忍耐；
lyrics_db_text/db469.txt,15,借,但神借此教训我们：如此苦难，是因为,但神藉此教訓我們：如此苦難，是因為,但神藉此教訓我們：如此苦難，是因為
lyrics_db_text/db469.txt,16,于,仆人不能大于主人，所以当同他流泪。,僕人不能大於主人，所以當同他流淚。,僕人不能大於主人，所以當同他流淚。
lyrics_db_text/db469.txt,25,后,随后就在客西马尼，园中孤单受磨炼，,隨後就在客西馬尼，園中孤單受磨煉，,隨後就在客西馬尼，園中孤單受磨煉，
lyrics_db_text/db469.txt,40,里,心里欢然失去世人所谓生命和富有。,心裏歡然失去世人所謂生命和富有。,心裏歡然失去世人所謂生命和富有。
lyrics_db_text/db469.txt,49,里,不过，再过几里，朋友！腿要不酸，身不累，,不過，再過幾裏，朋友！腿要不酸，身不累，,不過，再過幾裏，朋友！腿要不酸，身不累，
lyrics_db_text/db469.txt,50,干,不再有罪，不再有忧，主要擦干你眼泪；,不再有罪，不再有憂，主要擦乾你眼淚；,不再有罪，不再有憂，主要擦乾你眼淚；
lyrics_db_text/db47.txt,10,复,死而复活、失又得，我们已成圣众。,死而復活、失又得，我們已成聖眾。,死而復活、失又得，我們已成聖眾。
lyrics_db_text/db47.txt,14,表,这个表记是说明你的爱子工作。,這個表記是說明你的愛子工作。,這個表記是説明你的愛子工作。
lyrics_db_text/db47.txt,16,借,我们借此得前来，称你作阿爸父。,我們藉此得前來，稱你作阿爸父。,我們藉此得前來，稱你作阿爸父。
lyrics_db_text/db47.txt,21,面,祂血永在你面前，为我说出美言，,祂血永在你面前，為我說出美言，,祂血永在你面前，為我説出美言，
lyrics_db_text/db47.txt,26,复,你竟眷顾如珍宝，寻祂与你复和。,你竟眷顧如珍寶，尋祂與你復和。,你竟眷顧如珍寶，尋祂與你復和。
lyrics_db_text/db47.txt,28,尽,赞美，哦父，赞不尽你这逾格恩典。,讚美，哦父，讚不盡你這逾格恩典。,讚美，哦父，讚不盡你這逾格恩典。
lyrics_db_text/db470.txt,18,借,借死亡得权能，借失败得胜，,借死亡得權能，借失敗得勝，,借死亡得權能，借失敗得勝，
lyrics_db_text/db470.txt,22,斗,既勇敢，又温柔，慈仁且奋斗；,既勇敢，又溫柔，慈仁且奮鬥；,既勇敢，又温柔，慈仁且奮鬥；
lyrics_db_text/db471.txt,7,后,‘破毁带我到主怀’！毁后如此唱出来！,‘破毀帶我到主懷’！毀後如此唱出來！,‘破毀帶我到主懷’！毀後如此唱出來！
lyrics_db_text/db471.txt,9,后里,难知在主的怀里，毁后所享的安息。,難知在主的懷裏，毀後所享的安息。,難知在主的懷裏，毀後所享的安息。
lyrics_db_text/db471.txt,17,后,‘破毁’之后，不需要任何航行的技巧；,‘破毀’之後，不需要任何航行的技巧；,‘破毀’之後，不需要任何航行的技巧；
lyrics_db_text/db471.txt,19,只,再不需要作或虑，只要我和主同居。,再不需要作或慮，只要我和主同居。,再不需要作或慮，只要我和主同居。
lyrics_db_text/db471.txt,24,后,毁后乃是在主手，有主自己来看守。,毀後乃是在主手，有主自己來看守。,毀後乃是在主手，有主自己來看守。
lyrics_db_text/db472.txt,2,复,复活的生命－基督自己,復活的生命－基督自己,復活的生命－基督自己
lyrics_db_text/db472.txt,7,复,死亡不能拘禁复活生命，,死亡不能拘禁復活生命，,死亡不能拘禁復活生命，
lyrics_db_text/db472.txt,13,复,死亡不能拘禁复活生命，,死亡不能拘禁復活生命，,死亡不能拘禁復活生命，
lyrics_db_text/db472.txt,19,复,死亡不能拘禁复活生命，,死亡不能拘禁復活生命，,死亡不能拘禁復活生命，
lyrics_db_text/db472.txt,25,复,死亡不能拘禁复活生命，,死亡不能拘禁復活生命，,死亡不能拘禁復活生命，
lyrics_db_text/db472.txt,26,冲,它能冲破所有障碍、阻挡；,它能衝破所有障礙、阻擋；,它能衝破所有障礙、阻擋；
lyrics_db_text/db472.txt,31,复,死亡不能拘禁复活生命，,死亡不能拘禁復活生命，,死亡不能拘禁復活生命，
lyrics_db_text/db472.txt,37,复,愿我认识这个复活生命，,願我認識這個復活生命，,願我認識這個復活生命，
lyrics_db_text/db472.txt,39,借历,使我借着经历永远赏识：,使我藉著經歷永遠賞識：,使我藉着經歷永遠賞識：
lyrics_db_text/db472.txt,40,复,复活生命就是活的基督。,復活生命就是活的基督。,復活生命就是活的基督。
lyrics_db_text/db473.txt,2,复,复活的生命─由死而生,復活的生命─由死而生,復活的生命─由死而生
lyrics_db_text/db473.txt,8,于,生命在此，或是在于来世？,生命在此，或是在於來世？,生命在此，或是在於來世？
lyrics_db_text/db473.txt,10,制,即今可在陶人手中陶制。,即今可在陶人手中陶製。,即今可在陶人手中陶製。
lyrics_db_text/db473.txt,13,复,由死而生─何等奇妙的复活！,由死而生─何等奇妙的復活！,由死而生─何等奇妙的復活！
lyrics_db_text/db473.txt,15,于,你的生命显于劳碌和折磨；,你的生命顯於勞碌和折磨；,你的生命顯於勞碌和折磨；
lyrics_db_text/db474.txt,8,于,望断以及于耶稣，免得疲倦灰心；,望斷以及於耶穌，免得疲倦灰心；,望斷以及於耶穌，免得疲倦灰心；
lyrics_db_text/db474.txt,9,尽面,祂的面光照灿烂，驱尽困人黑暗，,祂的面光照燦爛，驅盡困人黑暗，,祂的面光照燦爛，驅盡困人黑暗，
lyrics_db_text/db474.txt,10,面,你若仰望祂荣面，就必明如中天。,你若仰望祂榮面，就必明如中天。,你若仰望祂榮面，就必明如中天。
lyrics_db_text/db474.txt,13,于,望断以及于耶稣，你就必不看见,望斷以及於耶穌，你就必不看見,望斷以及於耶穌，你就必不看見
lyrics_db_text/db474.txt,19,于,望断以及于耶稣，你灵必蒙恩湛，,望斷以及於耶穌，你靈必蒙恩湛，,望斷以及於耶穌，你靈必蒙恩湛，
lyrics_db_text/db474.txt,20,里面,在这世上有苦楚，在祂里面平安；,在這世上有苦楚，在祂裏面平安；,在這世上有苦楚，在祂裏面平安；
lyrics_db_text/db474.txt,22,面,你若仰望祂面容，你心必不惊骇。,你若仰望祂面容，你心必不驚駭。,你若仰望祂面容，你心必不驚駭。
lyrics_db_text/db474.txt,25,于,望断以及于耶稣，你就不会迷糊，,望斷以及於耶穌，你就不會迷糊，,望斷以及於耶穌，你就不會迷糊，
lyrics_db_text/db474.txt,27,云,当祂领你向前走，即使遇到云雾，,當祂領你向前走，即使遇到雲霧，,當祂領你向前走，即使遇到雲霧，
lyrics_db_text/db474.txt,31,于,望断以及于耶稣，直到被提上天，,望斷以及於耶穌，直到被提上天，,望斷以及於耶穌，直到被提上天，
lyrics_db_text/db474.txt,32,面,直到荣耀的面目，完全显你眼前；,直到榮耀的面目，完全顯你眼前；,直到榮耀的面目，完全顯你眼前；
lyrics_db_text/db474.txt,33,面,今日仰望之荣面，使你路中得力，,今日仰望之榮面，使你路中得力，,今日仰望之榮面，使你路中得力，
lyrics_db_text/db475.txt,13,面,注目仰望祂的荣面！,注目仰望祂的榮面！,注目仰望祂的榮面！
lyrics_db_text/db475.txt,21,余,我们已经得胜有余。,我們已經得勝有餘。,我們已經得勝有餘。
lyrics_db_text/db475.txt,27,历,你必经历祂的救恩。,你必經歷祂的救恩。,你必經歷祂的救恩。
lyrics_db_text/db477.txt,7,面,用功朝见主面，多和主对讲，,用功朝見主面，多和主對講，,用功朝見主面，多和主對講，
lyrics_db_text/db477.txt,8,里面,常住在祂里面，以祂话为粮。,常住在祂裏面，以祂話為糧。,常住在祂裏面，以祂話為糧。
lyrics_db_text/db477.txt,9,面,等候在祂面前，柔顺且降服，,等候在祂面前，柔順且降服，,等候在祂面前，柔順且降服，
lyrics_db_text/db477.txt,13,面,用功朝见主面，事务虽忙碌；,用功朝見主面，事務雖忙碌；,用功朝見主面，事務雖忙碌；
lyrics_db_text/db477.txt,15,借,借着仰望耶稣，你变祂形像；,藉著仰望耶穌，你變祂形像；,藉着仰望耶穌，你變祂形像；
lyrics_db_text/db477.txt,19,面,用功朝见主面，让祂作领导；,用功朝見主面，讓祂作領導；,用功朝見主面，讓祂作領導；
lyrics_db_text/db477.txt,20,发,任何事情发生，不在祂前跑；,任何事情發生，不在祂前跑；,任何事情發生，不在祂前跑；
lyrics_db_text/db477.txt,25,面,用功朝见主面，内心须宁静；,用功朝見主面，內心須寧靜；,用功朝見主面，內心須寧靜；
lyrics_db_text/db477.txt,27,发,祂灵把你带到爱的发源所，,祂靈把你帶到愛的發源所，,祂靈把你帶到愛的發源所，
lyrics_db_text/db478.txt,7,冲,亲爱基督精兵，战场在冲锋，,親愛基督精兵，戰場在衝鋒，,親愛基督精兵，戰場在衝鋒，
lyrics_db_text/db478.txt,10,里,在那加力基督里，凡事我都能作。,在那加力基督裏，凡事我都能作。,在那加力基督裏，凡事我都能作。
lyrics_db_text/db478.txt,16,里,在那加力基督里，凡事我都能作。,在那加力基督裏，凡事我都能作。,在那加力基督裏，凡事我都能作。
lyrics_db_text/db478.txt,22,里,在那加力基督里，凡事我都能作。,在那加力基督裏，凡事我都能作。,在那加力基督裏，凡事我都能作。
lyrics_db_text/db478.txt,25,恶,在这邪恶世界，试探实频繁，,在這邪惡世界，試探實頻繁，,在這邪惡世界，試探實頻繁，
lyrics_db_text/db478.txt,27,只,祂必全然徒劳，只要你肯宣告：,祂必全然徒勞，只要你肯宣告：,祂必全然徒勞，只要你肯宣告：
lyrics_db_text/db478.txt,28,里,在那加力基督里，凡事我都能作。,在那加力基督裏，凡事我都能作。,在那加力基督裏，凡事我都能作。
lyrics_db_text/db478.txt,34,里,在那加力基督里，凡事我都能作。,在那加力基督裏，凡事我都能作。,在那加力基督裏，凡事我都能作。
lyrics_db_text/db479.txt,10,复,并使你享受复活的大能。,並使你享受復活的大能。,並使你享受復活的大能。
lyrics_db_text/db479.txt,14,志,要自甘卑微，不再有大志；,要自甘卑微，不再有大志；,要自甘卑微，不再有大志；
lyrics_db_text/db479.txt,16,历复,靠复活大能经历主的死。,靠復活大能經歷主的死。,靠復活大能經歷主的死。
lyrics_db_text/db479.txt,26,面,要一直向上瞻仰他荣面，,要一直向上瞻仰他榮面，,要一直向上瞻仰他榮面，
lyrics_db_text/db48.txt,9,于,祂领诗歌，于你何亲、何甜，,祂領詩歌，於你何親、何甜，,祂領詩歌，於你何親、何甜，
lyrics_db_text/db48.txt,10,致,我们与祂一致，和声颂赞。,我們與祂一致，和聲頌讚。,我們與祂一致，和聲頌讚。
lyrics_db_text/db48.txt,21,借,你爱借着大能，带领我心,你愛藉著大能，帶領我心,你愛藉着大能，帶領我心
lyrics_db_text/db481.txt,19,云,应当一无挂虑；即云主迟延，,應當一無掛慮；即雲主遲延，,應當一無掛慮；即雲主遲延，
lyrics_db_text/db482.txt,18,云,即使黑云暂时浓厚，云上太阳未变，,即使黑雲暫時濃厚，雲上太陽未變，,即使黑雲暫時濃厚，雲上太陽未變，
lyrics_db_text/db482.txt,19,只,只要再过一点时候，阳光就要显现。,只要再過一點時候，陽光就要顯現。,只要再過一點時候，陽光就要顯現。
lyrics_db_text/db483.txt,16,于,凡爱神者必要有分于此内：,凡愛神者必要有分於此內：,凡愛神者必要有分於此內：
lyrics_db_text/db484.txt,15,后面,当向标竿力前！不要再望后面，,當向標竿力前！不要再望後面，,當向標竿力前！不要再望後面，
lyrics_db_text/db485.txt,9,后,含地永不再逗遛，埃及从此丢背后，,含地永不再逗遛，埃及從此丟背後，,含地永不再逗遛，埃及從此丟背後，
lyrics_db_text/db485.txt,13,后面,虽然后面仇敌追，往前走！往前走！,雖然後面仇敵追，往前走！往前走！,雖然後面仇敵追，往前走！往前走！
lyrics_db_text/db485.txt,14,面,虽然前面是深水，往前走！,雖然前面是深水，往前走！,雖然前面是深水，往前走！
lyrics_db_text/db485.txt,19,云,白昼云柱来引导，往前走！往前走！,白晝雲柱來引導，往前走！往前走！,白晝雲柱來引導，往前走！往前走！
lyrics_db_text/db485.txt,21,干,饥饿，吗哪必降来，干渴，磐石必裂开，,飢餓，嗎哪必降來，乾渴，磐石必裂開，,飢餓，嗎哪必降來，乾渴，磐石必裂開，
lyrics_db_text/db485.txt,38,后,手莫扶犁向后看，往前走！往前走！,手莫扶犁向後看，往前走！往前走！,手莫扶犁向後看，往前走！往前走！
lyrics_db_text/db486.txt,9,松,儆醒啊，主就要来！儆醒，莫松腰带；,儆醒啊，主就要來！儆醒，莫松腰帶；,儆醒啊，主就要來！儆醒，莫松腰帶；
lyrics_db_text/db488.txt,12,余,仍然当爱，仍然当给，照旧你还余一握；,仍然當愛，仍然當給，照舊你還餘一握；,仍然當愛，仍然當給，照舊你還餘一握；
lyrics_db_text/db488.txt,17,干,相信！瓶子不至干涸，永远不空，也不满。,相信！瓶子不至乾涸，永遠不空，也不滿。,相信！瓶子不至乾涸，永遠不空，也不滿。
lyrics_db_text/db488.txt,19,面,但是寡妇微小面坛，必定依然有一握。,但是寡婦微小面壇，必定依然有一握。,但是寡婦微小面壇，必定依然有一握。
lyrics_db_text/db488.txt,23,借里,何必先借明天忧虑，手里岂非还有着！,何必先借明天憂慮，手裏豈非還有著！,何必先借明天憂慮，手裏豈非還有着！
lyrics_db_text/db489.txt,7,只,你曾觉得父爱心？不只这么一点；,你曾覺得父愛心？不只這麼一點；,你曾覺得父愛心？不只這麼一點；
lyrics_db_text/db489.txt,8,只,你曾尝到祂怜悯？不只这么一点。,你曾嘗到祂憐憫？不只這麼一點。,你曾嘗到祂憐憫？不只這麼一點。
lyrics_db_text/db489.txt,9,只,父的慈爱何等大，不只这么一点；,父的慈愛何等大，不只這麼一點；,父的慈愛何等大，不只這麼一點；
lyrics_db_text/db489.txt,10,只,平白赐给无代价，不只这么一点。,平白賜給無代價，不只這麼一點。,平白賜給無代價，不只這麼一點。
lyrics_db_text/db489.txt,12,只,多又多，多又多，不只这么一点，,多又多，多又多，不只這麼一點，,多又多，多又多，不只這麼一點，
lyrics_db_text/db489.txt,13,只尽,神的大爱难尽说，不只这么一点。,神的大愛難盡說，不只這麼一點。,神的大愛難盡説，不只這麼一點。
lyrics_db_text/db489.txt,16,只,你曾觉得主亲近？不只这么一点；,你曾覺得主親近？不只這麼一點；,你曾覺得主親近？不只這麼一點；
lyrics_db_text/db489.txt,17,只,祂的同在乐你心？不只这么一点；,祂的同在樂你心？不只這麼一點；,祂的同在樂你心？不只這麼一點；
lyrics_db_text/db489.txt,18,只,主的恩典何等大，不只这么一点；,主的恩典何等大，不只這麼一點；,主的恩典何等大，不只這麼一點；
lyrics_db_text/db489.txt,19,只,平白赐给无代价，不只这么一点。,平白賜給無代價，不只這麼一點。,平白賜給無代價，不只這麼一點。
lyrics_db_text/db489.txt,22,只,你觉圣灵的能力？不只这么一点；,你覺聖靈的能力？不只這麼一點；,你覺聖靈的能力？不只這麼一點；
lyrics_db_text/db489.txt,23,只,犹如甘雨临及你？不只这么一点。,猶如甘雨臨及你？不只這麼一點。,猶如甘雨臨及你？不只這麼一點。
lyrics_db_text/db489.txt,24,只,圣灵能力何等大，不只这么一点；,聖靈能力何等大，不只這麼一點；,聖靈能力何等大，不只這麼一點；
lyrics_db_text/db489.txt,25,只,平白赐给无代价，不只这么一点。,平白賜給無代價，不只這麼一點。,平白賜給無代價，不只這麼一點。
lyrics_db_text/db49.txt,7,面,父阿，我们在你面前拜礼，,父阿，我們在你面前拜禮，,父阿，我們在你面前拜禮，
lyrics_db_text/db49.txt,13,里,知爱的人都知这里的爱，何等的深；,知愛的人都知這裏的愛，何等的深；,知愛的人都知這裏的愛，何等的深；
lyrics_db_text/db49.txt,15,面,现今祂在你的面前带同,現今祂在你的面前帶同,現今祂在你的面前帶同
lyrics_db_text/db490.txt,9,面,也许狂风四面起，也许无多希望；,也許狂風四面起，也許無多希望；,也許狂風四面起，也許無多希望；
lyrics_db_text/db490.txt,10,面,但神四面来护庇，我怎能够彷徨？,但神四面來護庇，我怎能夠彷徨？,但神四面來護庇，我怎能夠彷徨？
lyrics_db_text/db490.txt,20,云,再过就是清朗天，今虽稠云绵绵。,再過就是清朗天，今雖稠雲綿綿。,再過就是清朗天，今雖稠雲綿綿。
lyrics_db_text/db492.txt,20,借,在此我得祝福，我得慰借。,在此我得祝福，我得慰藉。,在此我得祝福，我得慰藉。
lyrics_db_text/db492.txt,26,于,安息于主，我是永远无虞。,安息於主，我是永遠無虞。,安息於主，我是永遠無虞。
lyrics_db_text/db493.txt,15,恶,时遇险恶无处隐藏，神必定顾念你。,時遇險惡無處隱藏，神必定顧念你。,時遇險惡無處隱藏，神必定顧念你。
lyrics_db_text/db494.txt,33,尽,伺候你，服侍你，直到你路尽。,伺候你，服侍你，直到你路盡。,伺候你，服侍你，直到你路盡。
lyrics_db_text/db495.txt,7,尽,路途遥远，负担沉着，力尽身疲要倒下；,路途遙遠，負擔沉著，力盡身疲要倒下；,路途遙遠，負擔沉着，力盡身疲要倒下；
lyrics_db_text/db496.txt,19,云,所以，无论愁云多少，无论安乐，或是苦恼，,所以，無論愁雲多少，無論安樂，或是苦惱，,所以，無論愁雲多少，無論安樂，或是苦惱，
lyrics_db_text/db497.txt,15,尽,有你，我就已经能够尽欢，,有你，我就已經能夠盡歡，,有你，我就已經能夠盡歡，
lyrics_db_text/db498.txt,22,面,等到被提、面见救主，耶稣的名仍颂扬，,等到被提、面見救主，耶穌的名仍頌揚，,等到被提、面見救主，耶穌的名仍頌揚，
lyrics_db_text/db499.txt,8,只,只有这个会叫我心安宁；,只有這個會叫我心安寧；,只有這個會叫我心安寧；
lyrics_db_text/db499.txt,22,于,倚身于你，使我软弱变强。,倚身於你，使我軟弱變強。,倚身於你，使我軟弱變強。
lyrics_db_text/db499.txt,26,里,焦慕这里所难寻的甘甜：,焦慕這裏所難尋的甘甜：,焦慕這裏所難尋的甘甜：
lyrics_db_text/db499.txt,34,于,更多的你，在于恩典、能力，,更多的你，在於恩典、能力，,更多的你，在於恩典、能力，
lyrics_db_text/db50.txt,16,里,我们灵里共鸣，欢然跟随。,我們靈裏共鳴，歡然跟隨。,我們靈裏共鳴，歡然跟隨。
lyrics_db_text/db50.txt,19,里面,在你爱子里面蒙了拣选，,在你愛子裏面蒙了揀選，,在你愛子裏面蒙了揀選，
lyrics_db_text/db50.txt,22,于,要我有分于你儿子生命。,要我有分於你兒子生命。,要我有分於你兒子生命。
lyrics_db_text/db500.txt,24,于,在于此世。,在於此世。,在於此世。
lyrics_db_text/db501.txt,7,里,安稳在基督手臂，安稳在主怀里；,安穩在基督手臂，安穩在主懷裏；,安穩在基督手臂，安穩在主懷裏；
lyrics_db_text/db501.txt,12,里,安稳在基督手臂，安稳在主怀里；,安穩在基督手臂，安穩在主懷裏；,安穩在基督手臂，安穩在主懷裏；
lyrics_db_text/db501.txt,16,里,安稳在基督手臂，安稳在主怀里；,安穩在基督手臂，安穩在主懷裏；,安穩在基督手臂，安穩在主懷裏；
lyrics_db_text/db501.txt,18,余历,虽然试炼未全历，眼泪尚余几滴，,雖然試煉未全歷，眼淚尚餘幾滴，,雖然試煉未全歷，眼淚尚餘幾滴，
lyrics_db_text/db501.txt,22,里,安稳在基督手臂，安稳在主怀里；,安穩在基督手臂，安穩在主懷裏；,安穩在基督手臂，安穩在主懷裏；
lyrics_db_text/db503.txt,22,只,只要相信，不要感觉，‘已成了’。,只要相信，不要感覺，‘已成了’。,只要相信，不要感覺，‘已成了’。
lyrics_db_text/db504.txt,7,斗,你这奋斗的信徒，你不当再奋斗，,你這奮鬥的信徒，你不當再奮鬥，,你這奮鬥的信徒，你不當再奮鬥，
lyrics_db_text/db505.txt,7,尽,主阿，即或尽是黑暗，尽是坎坷忧悒，,主阿，即或盡是黑暗，盡是坎坷憂悒，,主阿，即或盡是黑暗，盡是坎坷憂悒，
lyrics_db_text/db505.txt,12,云,你不会错，你不会迟，你不翻云覆雨。,你不會錯，你不會遲，你不翻雲覆雨。,你不會錯，你不會遲，你不翻雲覆雨。
lyrics_db_text/db506.txt,15,干,是祂使铁浮水而起，是祂使海分成干地，,是祂使鐵浮水而起，是祂使海分成乾地，,是祂使鐵浮水而起，是祂使海分成乾地，
lyrics_db_text/db506.txt,28,里,祂的应许在基督里，都是阿们，都是是的。,祂的應許在基督裏，都是阿們，都是是的。,祂的應許在基督裏，都是阿們，都是是的。
lyrics_db_text/db506.txt,32,发,祂要照祂应许，答应我们因信所发呼声。,祂要照祂應許，答應我們因信所發呼聲。,祂要照祂應許，答應我們因信所發呼聲。
lyrics_db_text/db507.txt,8,面,前面是未识水道，浮沙外加上暗礁；,前面是未識水道，浮沙外加上暗礁；,前面是未識水道，浮沙外加上暗礁；
lyrics_db_text/db508.txt,15,历,供我灵粮，长我生命，帮助我历每次苦。,供我靈糧，長我生命，幫助我歷每次苦。,供我靈糧，長我生命，幫助我歷每次苦。
lyrics_db_text/db508.txt,17,面,看哪，面前就是磐石，喜乐活泉可来尝。,看哪，面前就是磐石，喜樂活泉可來嘗。,看哪，面前就是磐石，喜樂活泉可來嘗。
lyrics_db_text/db509.txt,19,发,但这应许发出微声：‘我必用眼引导你’。,但這應許發出微聲：‘我必用眼引導你’。,但這應許發出微聲：‘我必用眼引導你’。
lyrics_db_text/db509.txt,22,里,你的隐秘盼望消逝，埋在年日坟墓里，,你的隱祕盼望消逝，埋在年日墳墓裏，,你的隱祕盼望消逝，埋在年日墳墓裏，
lyrics_db_text/db51.txt,13,借,所有世界是你借子造成，,所有世界是你借子造成，,所有世界是你借子造成，
lyrics_db_text/db51.txt,15,里面,但我却是在你爱子里面，,但我卻是在你愛子裏面，,但我卻是在你愛子裏面，
lyrics_db_text/db51.txt,19,范,祂今在这蒙福范围领唱，,祂今在這蒙福範圍領唱，,祂今在這蒙福範圍領唱，
lyrics_db_text/db511.txt,19,只,重担只要交讬给主，叹息只要向他倾吐；,重擔只要交託給主，歎息只要向他傾吐；,重擔只要交託給主，歎息只要向他傾吐；
lyrics_db_text/db512.txt,9,云,途中虽有乌云笼罩，也有意外的打扰，,途中雖有烏雲籠罩，也有意外的打擾，,途中雖有烏雲籠罩，也有意外的打擾，
lyrics_db_text/db512.txt,19,里面,我父每日都知道我，看守我在爱里面；,我父每日都知道我，看守我在愛裏面；,我父每日都知道我，看守我在愛裏面；
lyrics_db_text/db512.txt,25,面,那时我在主的面前，亲眼看见祂慈颜，,那時我在主的面前，親眼看見祂慈顏，,那時我在主的面前，親眼看見祂慈顏，
lyrics_db_text/db513.txt,21,里,我主所有应许，那里曾有一句,我主所有應許，那裏曾有一句,我主所有應許，那裏曾有一句
lyrics_db_text/db514.txt,8,于,‘我的恩典是够你使用，我的能力显于软弱’。,‘我的恩典是夠你使用，我的能力顯於軟弱’。,‘我的恩典是夠你使用，我的能力顯於軟弱’。
lyrics_db_text/db514.txt,9,恶,惟恐我这恶心会忘记，忘记这应许的光荣，,惟恐我這惡心會忘記，忘記這應許的光榮，,惟恐我這惡心會忘記，忘記這應許的光榮，
lyrics_db_text/db514.txt,15,于,我的能力显于软弱’。,我的能力顯於軟弱’。,我的能力顯於軟弱’。
lyrics_db_text/db514.txt,18,恶,祂的恩典够使我得救，脱离罪恶，得着新心；,祂的恩典夠使我得救，脫離罪惡，得著新心；,祂的恩典夠使我得救，脱離罪惡，得着新心；
lyrics_db_text/db514.txt,25,面,祂的恩典够为我疾病：一面扶持，一面施医。,祂的恩典夠為我疾病：一面扶持，一面施醫。,祂的恩典夠為我疾病：一面扶持，一面施醫。
lyrics_db_text/db514.txt,32,谷,将来被提或经过死谷，祂的恩典都够眷顾。,將來被提或經過死谷，祂的恩典都夠眷顧。,將來被提或經過死谷，祂的恩典都夠眷顧。
lyrics_db_text/db515.txt,7,里,不在此时，许待主回，不在此地，许到那里；,不在此時，許待主回，不在此地，許到那裏；,不在此時，許待主回，不在此地，許到那裏；
lyrics_db_text/db515.txt,18,云,何故厚云遮蔽太阳？何故寂寞代替安慰？,何故厚雲遮蔽太陽？何故寂寞代替安慰？,何故厚雲遮蔽太陽？何故寂寞代替安慰？
lyrics_db_text/db515.txt,23,里,何以盼望终成泡影？那日那里，我必领会。,何以盼望終成泡影？那日那裏，我必領會。,何以盼望終成泡影？那日那裏，我必領會。
lyrics_db_text/db515.txt,27,里,有日我眼看见一切，他在那里，我必领会。,有日我眼看見一切，他在那裏，我必領會。,有日我眼看見一切，他在那裏，我必領會。
lyrics_db_text/db516.txt,8,只面,安息在祂应许上面，只知主曾如此说。,安息在祂應許上面，只知主曾如此說。,安息在祂應許上面，只知主曾如此説。
lyrics_db_text/db519.txt,9,发,但是负担虽重我已不发愁，,但是負擔雖重我已不發愁，,但是負擔雖重我已不發愁，
lyrics_db_text/db519.txt,10,只,只要一点相信就赶难处走。,只要一點相信就趕難處走。,只要一點相信就趕難處走。
lyrics_db_text/db519.txt,20,发,但我发现正当波浪漫船来，,但我發現正當波浪漫船來，,但我發現正當波浪漫船來，
lyrics_db_text/db52.txt,9,借,距离已去，借恩已得自由，,距離已去，借恩已得自由，,距離已去，借恩已得自由，
lyrics_db_text/db52.txt,15,借,借着祂死为我所得恩典，,藉著祂死為我所得恩典，,藉着祂死為我所得恩典，
lyrics_db_text/db52.txt,20,里面,在祂里面我心因你欢畅；,在祂裏面我心因你歡暢；,在祂裏面我心因你歡暢；
lyrics_db_text/db520.txt,8,借,基督借祂温情恩膏，柔声细语的安慰：,基督借祂溫情恩膏，柔聲細語的安慰：,基督借祂温情恩膏，柔聲細語的安慰：
lyrics_db_text/db520.txt,13,面,在你面前我心因此畅欢！,在你面前我心因此暢歡！,在你面前我心因此暢歡！
lyrics_db_text/db520.txt,18,尽,愿你信心和你能力，尽其全力抓住我，,願你信心和你能力，盡其全力抓住我，,願你信心和你能力，盡其全力抓住我，
lyrics_db_text/db520.txt,22,尽,主，像清晨放明日光，驱尽所有的黑暗，,主，像清晨放明日光，驅盡所有的黑暗，,主，像清晨放明日光，驅盡所有的黑暗，
lyrics_db_text/db521.txt,2,里,试炼中的安慰－在主里的喜乐,試煉中的安慰－在主裏的喜樂,試煉中的安慰－在主裏的喜樂
lyrics_db_text/db521.txt,7,里面,哦，让我们在主里面常喜乐，,哦，讓我們在主裏面常喜樂，,哦，讓我們在主裏面常喜樂，
lyrics_db_text/db521.txt,8,恶,虽然四围充满了凶恶，,雖然四圍充滿了兇惡，,雖然四圍充滿了兇惡，
lyrics_db_text/db521.txt,9,冲,虽然患难如同波涛在冲击，,雖然患難如同波濤在衝擊，,雖然患難如同波濤在衝擊，
lyrics_db_text/db521.txt,18,里面,哦，让我们在主里面常喜乐，,哦，讓我們在主裏面常喜樂，,哦，讓我們在主裏面常喜樂，
lyrics_db_text/db521.txt,21,于,惧怕赞美远过于悲伤。,懼怕讚美遠過於悲傷。,懼怕讚美遠過於悲傷。
lyrics_db_text/db521.txt,24,里面,哦，让我们在主里面常喜乐，,哦，讓我們在主裏面常喜樂，,哦，讓我們在主裏面常喜樂，
lyrics_db_text/db521.txt,30,里面,哦，让我们在主里面常喜乐，,哦，讓我們在主裏面常喜樂，,哦，讓我們在主裏面常喜樂，
lyrics_db_text/db522.txt,8,干,丝毫再无保留；你手擦干我的眼泪，,絲毫再無保留；你手擦乾我的眼淚，,絲毫再無保留；你手擦乾我的眼淚，
lyrics_db_text/db522.txt,14,尽,其他娱乐尽是虚假－主是如此定规。,其他娛樂盡是虛假－主是如此定規。,其他娛樂盡是虛假－主是如此定規。
lyrics_db_text/db522.txt,18,志,其苦也是甘甜！所有心思、心志、心情，,其苦也是甘甜！所有心思、心志、心情，,其苦也是甘甜！所有心思、心志、心情，
lyrics_db_text/db523.txt,23,面,我今生活在祂的面前，欢然顺服祂旨意；,我今生活在祂的面前，歡然順服祂旨意；,我今生活在祂的面前，歡然順服祂旨意；
lyrics_db_text/db524.txt,7,只,我是一只笼中小鸟，远离天空、旷阔野地；,我是一隻籠中小鳥，遠離天空、曠闊野地；,我是一隻籠中小鳥，遠離天空、曠闊野地；
lyrics_db_text/db524.txt,8,于,是他将我安置于此，我愿向他歌颂不已；,是他將我安置於此，我願向他歌頌不已；,是他將我安置於此，我願向他歌頌不已；
lyrics_db_text/db524.txt,19,恶,我的音调虽然粗陋，你却毫不鄙弃厌恶；,我的音調雖然粗陋，你卻毫不鄙棄厭惡；,我的音調雖然粗陋，你卻毫不鄙棄厭惡；
lyrics_db_text/db524.txt,23,面,这笼将我四面禁锢，我难外飞任意遨游；,這籠將我四面禁錮，我難外飛任意遨遊；,這籠將我四面禁錮，我難外飛任意遨遊；
lyrics_db_text/db525.txt,19,只,或顺或逆，都无所要，只要和你旨意相调。,或順或逆，都無所要，只要和你旨意相調。,或順或逆，都無所要，只要和你旨意相調。
lyrics_db_text/db525.txt,24,只,不论何事都可临到，只要有神我就够了。,不論何事都可臨到，只要有神我就夠了。,不論何事都可臨到，只要有神我就夠了。
lyrics_db_text/db526.txt,23,尽,神未曾应许：前途尽是平坦的大路，,神未曾應許：前途盡是平坦的大路，,神未曾應許：前途盡是平坦的大路，
lyrics_db_text/db526.txt,25,云,汪洋一片，没有大山阻，高薄云天。,汪洋一片，沒有大山阻，高薄雲天。,汪洋一片，沒有大山阻，高薄雲天。
lyrics_db_text/db527.txt,13,复,是祂叫无变有，叫死人复活！,是祂叫無變有，叫死人復活！,是祂叫無變有，叫死人復活！
lyrics_db_text/db527.txt,18,于,迫于仇敌，有时也迫于朋友；,迫於仇敵，有時也迫於朋友；,迫於仇敵，有時也迫於朋友；
lyrics_db_text/db527.txt,36,余,压迫余生已非压迫所能及；,壓迫餘生已非壓迫所能及；,壓迫餘生已非壓迫所能及；
lyrics_db_text/db527.txt,37,后,迫过之后，已得永远安息。,迫過之後，已得永遠安息。,迫過之後，已得永遠安息。
lyrics_db_text/db527.txt,41,后,压迫不过显明神的手臂；迫过之后，,壓迫不過顯明神的手臂；迫過之後，,壓迫不過顯明神的手臂；迫過之後，
lyrics_db_text/db528.txt,14,复,死过必复生，失过必得；,死過必復生，失過必得；,死過必復生，失過必得；
lyrics_db_text/db528.txt,15,松,累过必轻松，困过必苏；,累過必輕鬆，困過必蘇；,累過必輕鬆，困過必蘇；
lyrics_db_text/db529.txt,2,里面,里面生命的各方面－两棵树,裏面生命的各方面－兩棵樹,裏面生命的各方面－兩棵樹
lyrics_db_text/db529.txt,7,于,当日神在伊甸园中，将人置于二树之前：,當日神在伊甸園中，將人置於二樹之前：,當日神在伊甸園中，將人置於二樹之前：
lyrics_db_text/db529.txt,8,借表,借生命树指明自己，以知识树表明撒但。,借生命樹指明自己，以知識樹表明撒但。,借生命樹指明自己，以知識樹表明撒但。
lyrics_db_text/db529.txt,12,里面,神是要在基督里面，给人接受，作人生命。,神是要在基督裏面，給人接受，作人生命。,神是要在基督裏面，給人接受，作人生命。
lyrics_db_text/db529.txt,16,恶,恶者撒但，死亡渊薮，人若接触，死亡必受。,惡者撒但，死亡淵藪，人若接觸，死亡必受。,惡者撒但，死亡淵藪，人若接觸，死亡必受。
lyrics_db_text/db529.txt,20,借,且必变成珍贵宝石，神的心愿借此完成。,且必變成珍貴寶石，神的心願藉此完成。,且必變成珍貴寶石，神的心願藉此完成。
lyrics_db_text/db529.txt,23,里面,知识一树人若接触，撒但必得进人里面，,知識一樹人若接觸，撒但必得進人裏面，,知識一樹人若接觸，撒但必得進人裏面，
lyrics_db_text/db529.txt,24,恶,成为罪恶，带进死亡，使神计划难得成全。,成為罪惡，帶進死亡，使神計劃難得成全。,成為罪惡，帶進死亡，使神計劃難得成全。
lyrics_db_text/db529.txt,27,只表,这是表明只有神是我们生命惟一源头；,這是表明只有神是我們生命惟一源頭；,這是表明只有神是我們生命惟一源頭；
lyrics_db_text/db529.txt,31,尽恶,知识不过带来死亡，尽管外观是善非恶；,知識不過帶來死亡，儘管外觀是善非惡；,知識不過帶來死亡，儘管外觀是善非惡；
lyrics_db_text/db529.txt,35,只恶,不只恶与基督相对，就是善也与祂相抵；,不只惡與基督相對，就是善也與祂相抵；,不只惡與基督相對，就是善也與祂相抵；
lyrics_db_text/db529.txt,36,恶,凡属知识不拘善恶，都与生命相反不一。,凡屬知識不拘善惡，都與生命相反不一。,凡屬知識不拘善惡，都與生命相反不一。
lyrics_db_text/db529.txt,40,恶,你外事物概不接触，对恶如此，对善亦然。,你外事物概不接觸，對惡如此，對善亦然。,你外事物概不接觸，對惡如此，對善亦然。
lyrics_db_text/db53.txt,8,发表,你是神的荣耀发表，将神表明出来。,你是神的榮耀發表，將神表明出來。,你是神的榮耀發表，將神表明出來。
lyrics_db_text/db53.txt,10,发表,赞美你是神的活道，将神完全发表！,讚美你是神的活道，將神完全發表！,讚美你是神的活道，將神完全發表！
lyrics_db_text/db53.txt,11,借,神的本性、神的荣耀，借你全都揭晓！,神的本性、神的榮耀，借你全都揭曉！,神的本性、神的榮耀，借你全都揭曉！
lyrics_db_text/db53.txt,14,发,诸天述说神的荣耀，万有也在发声；,諸天述說神的榮耀，萬有也在發聲；,諸天述説神的榮耀，萬有也在發聲；
lyrics_db_text/db53.txt,15,借,神能、神性，原难知晓，借你创造显明。,神能、神性，原難知曉，借你創造顯明。,神能、神性，原難知曉，借你創造顯明。
lyrics_db_text/db53.txt,19,发表,你在其中得着发表，为要将神说明。,你在其中得著發表，為要將神說明。,你在其中得着發表，為要將神説明。
lyrics_db_text/db53.txt,27,发,你作生命发光照明，使神得着显彰。,你作生命發光照明，使神得著顯彰。,你作生命發光照明，使神得着顯彰。
lyrics_db_text/db53.txt,30,表,将来你要施行审判，表明神的公义；,將來你要施行審判，表明神的公義；,將來你要施行審判，表明神的公義；
lyrics_db_text/db53.txt,31,表,也是叫神得着彰显，将神表明无遗。,也是叫神得著彰顯，將神表明無遺。,也是叫神得着彰顯，將神表明無遺。
lyrics_db_text/db530.txt,2,里面,里面生命的各方面－四个律,裏面生命的各方面－四個律,裏面生命的各方面－四個律
lyrics_db_text/db530.txt,11,志,在人心思存有一律，使人立志愿意为善；,在人心思存有一律，使人立志願意為善；,在人心思存有一律，使人立志願意為善；
lyrics_db_text/db530.txt,19,于恶,肢体之律乃是邪恶，当人堕落，联于撒但，,肢體之律乃是邪惡，當人墮落，聯於撒但，,肢體之律乃是邪惡，當人墮落，聯於撒但，
lyrics_db_text/db530.txt,20,借恶,来自撒但邪恶生命，进入人体，借死掌权。,來自撒但邪惡生命，進入人體，借死掌權。,來自撒但邪惡生命，進入人體，借死掌權。
lyrics_db_text/db530.txt,24,借征恶,借着撒但邪恶能力，征服善律将人掳去。,藉著撒但邪惡能力，征服善律將人擄去。,藉着撒但邪惡能力，征服善律將人擄去。
lyrics_db_text/db530.txt,35,于面,因此，我们要将心思时常置于灵的上面，,因此，我們要將心思時常置於靈的上面，,因此，我們要將心思時常置於靈的上面，
lyrics_db_text/db530.txt,40,于面,心思置于灵的上面，乃是有福生命、平安。,心思置於靈的上面，乃是有福生命、平安。,心思置於靈的上面，乃是有福生命、平安。
lyrics_db_text/db531.txt,2,里面,里面生命的各方面－字句的律法,裏面生命的各方面－字句的律法,裏面生命的各方面－字句的律法
lyrics_db_text/db531.txt,16,只,只向我们有所要求，显明我们软弱无能。,只向我們有所要求，顯明我們軟弱無能。,只向我們有所要求，顯明我們軟弱無能。
lyrics_db_text/db531.txt,20,干恶,给人干犯，向人证明人是满了罪恶过犯。,給人干犯，向人證明人是滿了罪惡過犯。,給人干犯，向人證明人是滿了罪惡過犯。
lyrics_db_text/db531.txt,24,里面,为将我们带到基督，在他里面蒙神恩宠。,為將我們帶到基督，在他裏面蒙神恩寵。,為將我們帶到基督，在他裏面蒙神恩寵。
lyrics_db_text/db531.txt,28,表,丰满表明神是如何圣洁、公义、,豐滿表明神是如何聖潔、公義、,豐滿表明神是如何聖潔、公義、
lyrics_db_text/db531.txt,37,借,借他我向律法已死，在他灵中得以成圣。,借他我向律法已死，在他靈中得以成聖。,借他我向律法已死，在他靈中得以成聖。
lyrics_db_text/db532.txt,2,里面,里面生命的各方面－生命的律,裏面生命的各方面－生命的律,裏面生命的各方面－生命的律
lyrics_db_text/db532.txt,11,借,字句律法要人为善，人的软弱借此显明；,字句律法要人為善，人的軟弱藉此顯明；,字句律法要人為善，人的軟弱藉此顯明；
lyrics_db_text/db532.txt,15,面,字句律法乃在外面，使我对神有所认识；,字句律法乃在外面，使我對神有所認識；,字句律法乃在外面，使我對神有所認識；
lyrics_db_text/db532.txt,16,里面,生命的律是在里面，供我以神更深启示。,生命的律是在裏面，供我以神更深啟示。,生命的律是在裏面，供我以神更深啓示。
lyrics_db_text/db532.txt,19,借面,字句律法乃在外面，借着死的诫命管治；,字句律法乃在外面，藉著死的誡命管治；,字句律法乃在外面，藉着死的誡命管治；
lyrics_db_text/db532.txt,20,借制里面,生命的律是在里面，借着活的知识节制。,生命的律是在裏面，藉著活的知識節制。,生命的律是在裏面，藉着活的知識節制。
lyrics_db_text/db532.txt,23,里面,这个活的生命之律，在我里面多方运行，,這個活的生命之律，在我裏面多方運行，,這個活的生命之律，在我裏面多方運行，
lyrics_db_text/db532.txt,24,里面,照着里面生命感觉，从我里面管治、规正。,照著裏面生命感覺，從我裏面管治、規正。,照着裏面生命感覺，從我裏面管治、規正。
lyrics_db_text/db532.txt,31,面,因这活的生命之律，外面教导，就不需要；,因這活的生命之律，外面教導，就不需要；,因這活的生命之律，外面教導，就不需要；
lyrics_db_text/db532.txt,32,里面,对神一切活的认识，从我里面，这律教导。,對神一切活的認識，從我裏面，這律教導。,對神一切活的認識，從我裏面，這律教導。
lyrics_db_text/db532.txt,35,里面,主，教我凭这律行动，顺服它的里面管理，,主，教我憑這律行動，順服它的裏面管理，,主，教我憑這律行動，順服它的裏面管理，
lyrics_db_text/db533.txt,2,里面,里面生命的各方面－生命的交通,裏面生命的各方面－生命的交通,裏面生命的各方面－生命的交通
lyrics_db_text/db533.txt,8,里,在灵里的交通，使灵来推动。,在靈裏的交通，使靈來推動。,在靈裏的交通，使靈來推動。
lyrics_db_text/db533.txt,12,里,如此主灵与我，灵里同行动。,如此主靈與我，靈裏同行動。,如此主靈與我，靈裏同行動。
lyrics_db_text/db533.txt,15,里,乃是灵里生命，带来这交通；,乃是靈裏生命，帶來這交通；,乃是靈裏生命，帶來這交通；
lyrics_db_text/db533.txt,16,里,在灵里的交通，使我蒙恩宠。,在靈裏的交通，使我蒙恩寵。,在靈裏的交通，使我蒙恩寵。
lyrics_db_text/db533.txt,19,借,借着生命大能，能正确交通；,藉著生命大能，能正確交通；,藉着生命大能，能正確交通；
lyrics_db_text/db533.txt,20,里,在灵里的交通，带我到光中。,在靈裏的交通，帶我到光中。,在靈裏的交通，帶我到光中。
lyrics_db_text/db533.txt,23,借面,借血外面洗净，交通得维持；,借血外面洗淨，交通得維持；,借血外面洗淨，交通得維持；
lyrics_db_text/db533.txt,24,借里面,借膏里面涂抹，交通能充实。,借膏裏面塗抹，交通能充實。,借膏裏面塗抹，交通能充實。
lyrics_db_text/db533.txt,27,借,借着十架工作，交通得加深；,藉著十架工作，交通得加深；,藉着十架工作，交通得加深；
lyrics_db_text/db533.txt,28,借,借着圣灵运行，交通得更新。,藉著聖靈運行，交通得更新。,藉着聖靈運行，交通得更新。
lyrics_db_text/db533.txt,32,里,这一生命交通，带我进神里。,這一生命交通，帶我進神裏。,這一生命交通，帶我進神裏。
lyrics_db_text/db534.txt,2,里面,里面生命的各方面－生命的感觉,裏面生命的各方面－生命的感覺,裏面生命的各方面－生命的感覺
lyrics_db_text/db534.txt,8,里,在我里的神圣生命，感觉更为超越。,在我裏的神聖生命，感覺更為超越。,在我裏的神聖生命，感覺更為超越。
lyrics_db_text/db534.txt,16,里,乃是在我重生灵里，远胜善的感觉。,乃是在我重生靈裏，遠勝善的感覺。,乃是在我重生靈裏，遠勝善的感覺。
lyrics_db_text/db534.txt,19,里面,这一里面生命感觉，是我最深感觉，,這一裏面生命感覺，是我最深感覺，,這一裏面生命感覺，是我最深感覺，
lyrics_db_text/db534.txt,20,里面,从我里面分辨一切，指明神之所悦。,從我裏面分辨一切，指明神之所悅。,從我裏面分辨一切，指明神之所悦。
lyrics_db_text/db534.txt,23,借里面,借这里面生命感觉，对神我有认识；,借這裏面生命感覺，對神我有認識；,借這裏面生命感覺，對神我有認識；
lyrics_db_text/db534.txt,24,发面,不是外面挣扎所得，乃是自发启示。,不是外面掙扎所得，乃是自發啟示。,不是外面掙扎所得，乃是自發啓示。
lyrics_db_text/db534.txt,32,借里面,借这里面神的感觉，交通得以增长。,借這裏面神的感覺，交通得以增長。,借這裏面神的感覺，交通得以增長。
lyrics_db_text/db535.txt,2,里面,里面生命的各方面－里面的认识,裏面生命的各方面－裏面的認識,裏面生命的各方面－裏面的認識
lyrics_db_text/db535.txt,8,里面,里面的认识实际又丰富；,裏面的認識實際又豐富；,裏面的認識實際又豐富；
lyrics_db_text/db535.txt,9,面,所以不需要外面的教导，,所以不需要外面的教導，,所以不需要外面的教導，
lyrics_db_text/db535.txt,10,里面,乃是在里面对神有领悟。,乃是在裏面對神有領悟。,乃是在裏面對神有領悟。
lyrics_db_text/db535.txt,15,借,借着这生命对神的认识，,藉著這生命對神的認識，,藉着這生命對神的認識，
lyrics_db_text/db535.txt,16,面,远超过外面知识的供应。,遠超過外面知識的供應。,遠超過外面知識的供應。
lyrics_db_text/db535.txt,19,里,生命的律法放在我心里，,生命的律法放在我心裏，,生命的律法放在我心裏，
lyrics_db_text/db535.txt,21,里面,里面的管治，使我认识神，,裏面的管治，使我認識神，,裏面的管治，使我認識神，
lyrics_db_text/db535.txt,22,面,远超过外面教导的影响。,遠超過外面教導的影響。,遠超過外面教導的影響。
lyrics_db_text/db535.txt,27,借,借着这涂抹我能认识神，,藉著這塗抹我能認識神，,藉着這塗抹我能認識神，
lyrics_db_text/db535.txt,28,借面,超过借外面教导之所能。,超過借外面教導之所能。,超過借外面教導之所能。
lyrics_db_text/db535.txt,31,里面,三而一的神住在我里面，,三而一的神住在我裏面，,三而一的神住在我裏面，
lyrics_db_text/db535.txt,33,借里面,借神在里面运行的感觉，,借神在裏面運行的感覺，,借神在裏面運行的感覺，
lyrics_db_text/db535.txt,37,里面,我今既有这里面的认识，,我今既有這裏面的認識，,我今既有這裏面的認識，
lyrics_db_text/db535.txt,38,面,我就不需要外面的知识；,我就不需要外面的知識；,我就不需要外面的知識；
lyrics_db_text/db535.txt,39,只里面,只需要时刻活在灵里面，,只需要時刻活在靈裏面，,只需要時刻活在靈裏面，
lyrics_db_text/db535.txt,43,里面,我们越活在基督的里面，,我們越活在基督的裏面，,我們越活在基督的裏面，
lyrics_db_text/db535.txt,44,里面,越凭着里面感觉而行动，,越憑著裏面感覺而行動，,越憑着裏面感覺而行動，
lyrics_db_text/db535.txt,45,里面,我们就越有里面的认识，,我們就越有裏面的認識，,我們就越有裏面的認識，
lyrics_db_text/db535.txt,49,借里面,借着这里面生命的认识，,藉著這裏面生命的認識，,藉着這裏面生命的認識，
lyrics_db_text/db535.txt,51,借里面,借着这里面隐藏的认识，,藉著這裏面隱藏的認識，,藉着這裏面隱藏的認識，
lyrics_db_text/db536.txt,2,里面,里面生命的各方面－神成肉身的原则,裏面生命的各方面－神成肉身的原則,裏面生命的各方面－神成肉身的原則
lyrics_db_text/db536.txt,11,表里面,人是神在外面的表现，神是人里面的生命；,人是神在外面的表現，神是人裏面的生命；,人是神在外面的表現，神是人裏面的生命；
lyrics_db_text/db536.txt,12,借,人是完全为神所占有，神是借人得着显明。,人是完全為神所佔有，神是借人得著顯明。,人是完全為神所佔有，神是借人得着顯明。
lyrics_db_text/db536.txt,16,借,救恩乃是借人来传扬，为使造物全都领会。,救恩乃是借人來傳揚，為使造物全都領會。,救恩乃是借人來傳揚，為使造物全都領會。
lyrics_db_text/db536.txt,27,于,这个神成肉身的原则，须应用于一切事工，,這個神成肉身的原則，須應用於一切事工，,這個神成肉身的原則，須應用於一切事工，
lyrics_db_text/db536.txt,28,于,也须用于恩赐和功用，我们就能共同事奉。,也須用於恩賜和功用，我們就能共同事奉。,也須用於恩賜和功用，我們就能共同事奉。
lyrics_db_text/db537.txt,2,里面,里面生命的各方面－三而一的人,裏面生命的各方面－三而一的人,裏面生命的各方面－三而一的人
lyrics_db_text/db537.txt,11,借面,身体乃是外面部分，借此人有物觉功能；,身體乃是外面部分，藉此人有物覺功能；,身體乃是外面部分，藉此人有物覺功能；
lyrics_db_text/db537.txt,12,于,使人接触物质世界，将人自己显于体形。,使人接觸物質世界，將人自己顯於體形。,使人接觸物質世界，將人自己顯於體形。
lyrics_db_text/db537.txt,15,里面,魂乃是人里面部分，是人自己，给人自觉；,魂乃是人裏面部分，是人自己，給人自覺；,魂乃是人裏面部分，是人自己，給人自覺；
lyrics_db_text/db537.txt,16,借面,借此人在心理方面，能以接触精神世界。,藉此人在心理方面，能以接觸精神世界。,藉此人在心理方面，能以接觸精神世界。
lyrics_db_text/db537.txt,20,借,使人借此能接受神，且能接触属灵世界。,使人藉此能接受神，且能接觸屬靈世界。,使人藉此能接受神，且能接觸屬靈世界。
lyrics_db_text/db537.txt,23,志,在人魂中有三部分：心思、意志以及情感；,在人魂中有三部分：心思、意志以及情感；,在人魂中有三部分：心思、意志以及情感；
lyrics_db_text/db537.txt,27,里,在人灵里也有三部：交通、直觉以及良心；,在人靈裏也有三部：交通、直覺以及良心；,在人靈裏也有三部：交通、直覺以及良心；
lyrics_db_text/db537.txt,28,借,借此人能与神交通，也能敬拜并接受神。,藉此人能與神交通，也能敬拜並接受神。,藉此人能與神交通，也能敬拜並接受神。
lyrics_db_text/db537.txt,32,借,并用灵来将神接受，且借身体将神彰显。,並用靈來將神接受，且借身體將神彰顯。,並用靈來將神接受，且借身體將神彰顯。
lyrics_db_text/db537.txt,39,借,借着这些神圣工作，人在祂的每一部分，,藉著這些神聖工作，人在祂的每一部分，,藉着這些神聖工作，人在祂的每一部分，
lyrics_db_text/db538.txt,2,里面,里面生命的各方面－儿子的名分,裏面生命的各方面－兒子的名分,裏面生命的各方面－兒子的名分
lyrics_db_text/db538.txt,8,借,借着祂灵将我模成祂那儿子的形像；,藉著祂靈將我模成祂那兒子的形像；,藉着祂靈將我模成祂那兒子的形像；
lyrics_db_text/db538.txt,10,借,借祂儿子和其弟兄，满得彰显祂荣姿。,借祂兒子和其弟兄，滿得彰顯祂榮姿。,借祂兒子和其弟兄，滿得彰顯祂榮姿。
lyrics_db_text/db538.txt,13,借,借着灵中神圣重生，我们得作神众子；,藉著靈中神聖重生，我們得作神眾子；,藉着靈中神聖重生，我們得作神眾子；
lyrics_db_text/db538.txt,14,后,但是我们必须成熟，才能作神的后嗣。,但是我們必須成熟，纔能作神的後嗣。,但是我們必須成熟，纔能作神的後嗣。
lyrics_db_text/db538.txt,15,借,借着完全长大成人，儿子名分我得享；,藉著完全長大成人，兒子名分我得享；,藉着完全長大成人，兒子名分我得享；
lyrics_db_text/db538.txt,16,借后,借着长成丰满身量，后嗣福分我饱尝。,藉著長成豐滿身量，後嗣福分我飽嘗。,藉着長成豐滿身量，後嗣福分我飽嘗。
lyrics_db_text/db538.txt,20,于,这要完满完成于我，当我进入祂荣光。,這要完滿完成於我，當我進入祂榮光。,這要完滿完成於我，當我進入祂榮光。
lyrics_db_text/db538.txt,21,借,借着身体得蒙救赎，儿子名分得成全；,藉著身體得蒙救贖，兒子名分得成全；,藉着身體得蒙救贖，兒子名分得成全；
lyrics_db_text/db538.txt,22,借,借着最终一步变化，就能满足神心愿。,藉著最終一步變化，就能滿足神心願。,藉着最終一步變化，就能滿足神心願。
lyrics_db_text/db538.txt,25,借,借那最终一步变化，我们完全被圣别；,借那最終一步變化，我們完全被聖別；,借那最終一步變化，我們完全被聖別；
lyrics_db_text/db538.txt,28,制,它们得进‘荣耀’自由，脱离辖制与败坏。,它們得進‘榮耀’自由，脫離轄制與敗壞。,它們得進‘榮耀’自由，脱離轄制與敗壞。
lyrics_db_text/db539.txt,2,里面,里面生命的各方面－新心与新灵,裏面生命的各方面－新心與新靈,裏面生命的各方面－新心與新靈
lyrics_db_text/db539.txt,19,里,因此，主在祂救恩里，更新我的心与灵；,因此，主在祂救恩裏，更新我的心與靈；,因此，主在祂救恩裏，更新我的心與靈；
lyrics_db_text/db539.txt,20,复,恢复了我爱的心情，并我接受的本能。,恢復了我愛的心情，並我接受的本能。,恢復了我愛的心情，並我接受的本能。
lyrics_db_text/db539.txt,23,借,乃是借着更新的心，我们爱神，渴慕神；,乃是藉著更新的心，我們愛神，渴慕神；,乃是藉着更新的心，我們愛神，渴慕神；
lyrics_db_text/db539.txt,24,借,且是借着更新的灵，我们拜神，接受神。,且是藉著更新的靈，我們拜神，接受神。,且是藉着更新的靈，我們拜神，接受神。
lyrics_db_text/db540.txt,2,里面,里面生命的各方面－正确的心,裏面生命的各方面－正確的心,裏面生命的各方面－正確的心
lyrics_db_text/db540.txt,8,借,使主一切，借祂恩典，我们全都有分。,使主一切，借祂恩典，我們全都有分。,使主一切，借祂恩典，我們全都有分。
lyrics_db_text/db540.txt,19,志,需要一心，诚实、顺服，意志降服归顺，,需要一心，誠實、順服，意志降服歸順，,需要一心，誠實、順服，意志降服歸順，
lyrics_db_text/db540.txt,24,借尽,凡事与神和谐相安，借血脱尽定罪。,凡事與神和諧相安，借血脫盡定罪。,凡事與神和諧相安，借血脱盡定罪。
lyrics_db_text/db541.txt,2,里面,里面生命的各方面－二灵成一灵,裏面生命的各方面－二靈成一靈,裏面生命的各方面－二靈成一靈
lyrics_db_text/db541.txt,7,里,哦主，你今乃是那灵，住在我们灵里；,哦主，你今乃是那靈，住在我們靈裏；,哦主，你今乃是那靈，住在我們靈裏；
lyrics_db_text/db541.txt,12,后,我们乃是神的儿女，且是神的后嗣。,我們乃是神的兒女，且是神的後嗣。,我們乃是神的兒女，且是神的後嗣。
lyrics_db_text/db541.txt,23,里,你是那灵，在我灵里，时常加强、供应；,你是那靈，在我靈裏，時常加強、供應；,你是那靈，在我靈裏，時常加強、供應；
lyrics_db_text/db541.txt,24,借,在我灵中，借着你灵，我们敬拜、事奉。,在我靈中，藉著你靈，我們敬拜、事奉。,在我靈中，藉着你靈，我們敬拜、事奉。
lyrics_db_text/db541.txt,28,里,在我灵里，同着你灵，我们向你祷告。,在我靈裏，同著你靈，我們向你禱告。,在我靈裏，同着你靈，我們向你禱告。
lyrics_db_text/db541.txt,36,于,你灵活在我的灵中，我灵住于你灵！,你靈活在我的靈中，我靈住於你靈！,你靈活在我的靈中，我靈住於你靈！
lyrics_db_text/db542.txt,2,里面,里面生命的各方面－分辨灵,裏面生命的各方面－分辨靈,裏面生命的各方面－分辨靈
lyrics_db_text/db542.txt,7,借,借着十架将灵分辨，时常将魂置死地；,藉著十架將靈分辨，時常將魂置死地；,藉着十架將靈分辨，時常將魂置死地；
lyrics_db_text/db542.txt,8,里,背着十架，拒绝自己，终日活在你灵里。,揹著十架，拒絕自己，終日活在你靈裏。,揹着十架，拒絕自己，終日活在你靈裏。
lyrics_db_text/db542.txt,11,借,借着十架将灵分辨，靠神生命的活话；,藉著十架將靈分辨，靠神生命的活話；,藉着十架將靈分辨，靠神生命的活話；
lyrics_db_text/db542.txt,15,借,借着十架将灵分辨，心思借光得更新，,藉著十架將靈分辨，心思借光得更新，,藉着十架將靈分辨，心思借光得更新，
lyrics_db_text/db542.txt,16,志,感情全都奉献给主，意志因爱也归顺。,感情全都奉獻給主，意志因愛也歸順。,感情全都奉獻給主，意志因愛也歸順。
lyrics_db_text/db542.txt,19,借,借着十架将灵分辨，经过裂开的幔子；,藉著十架將靈分辨，經過裂開的幔子；,藉着十架將靈分辨，經過裂開的幔子；
lyrics_db_text/db542.txt,23,借,借着十架将灵分辨，灵是神的至圣所；,藉著十架將靈分辨，靈是神的至聖所；,藉着十架將靈分辨，靈是神的至聖所；
lyrics_db_text/db542.txt,27,借,借着十架将灵分辨，如同经过约但河；,藉著十架將靈分辨，如同經過約但河；,藉着十架將靈分辨，如同經過約但河；
lyrics_db_text/db542.txt,28,借,因此进入迦南美地，借享基督而生活。,因此進入迦南美地，借享基督而生活。,因此進入迦南美地，借享基督而生活。
lyrics_db_text/db542.txt,31,借里,借着十架将灵分辨，行动总要在灵里；,藉著十架將靈分辨，行動總要在靈裏；,藉着十架將靈分辨，行動總要在靈裏；
lyrics_db_text/db543.txt,2,里面,里面生命的各方面－分辨灵,裏面生命的各方面－分辨靈,裏面生命的各方面－分辨靈
lyrics_db_text/db543.txt,15,里,在此，在我最深之处，神在主里作我一切；,在此，在我最深之處，神在主裏作我一切；,在此，在我最深之處，神在主裏作我一切；
lyrics_db_text/db543.txt,19,里面,在此，我在我灵里面，和主接触，与主同在；,在此，我在我靈裏面，和主接觸，與主同在；,在此，我在我靈裏面，和主接觸，與主同在；
lyrics_db_text/db543.txt,20,借,在此，我也借着我灵，与神交通，向神敬拜。,在此，我也藉著我靈，與神交通，向神敬拜。,在此，我也藉着我靈，與神交通，向神敬拜。
lyrics_db_text/db544.txt,2,里面,里面生命的各方面－分辨灵,裏面生命的各方面－分辨靈,裏面生命的各方面－分辨靈
lyrics_db_text/db544.txt,15,于,求主教我分辨灵与魂，心思永不置于肉体；,求主教我分辨靈與魂，心思永不置於肉體；,求主教我分辨靈與魂，心思永不置於肉體；
lyrics_db_text/db544.txt,16,面,乃是随时放在灵上面，使我脱离罪与自己。,乃是隨時放在靈上面，使我脫離罪與自己。,乃是隨時放在靈上面，使我脱離罪與自己。
lyrics_db_text/db545.txt,2,里面,里面生命的各方面－破碎与释放,裏面生命的各方面－破碎與釋放,裏面生命的各方面－破碎與釋放
lyrics_db_text/db545.txt,7,里面,三一之神荣耀的灵，现今住在我灵里面；,三一之神榮耀的靈，現今住在我靈裏面；,三一之神榮耀的靈，現今住在我靈裏面；
lyrics_db_text/db545.txt,11,面,但我外面天然的人，常将那灵关闭禁拘；,但我外面天然的人，常將那靈關閉禁拘；,但我外面天然的人，常將那靈關閉禁拘；
lyrics_db_text/db545.txt,24,借面,为要借着一些折磨，破碎我们外面的人。,為要藉著一些折磨，破碎我們外面的人。,為要藉着一些折磨，破碎我們外面的人。
lyrics_db_text/db545.txt,27,面,外面的人－就是旧魂－必须毁坏、必须受伤；,外面的人－就是舊魂－必須毀壞、必須受傷；,外面的人－就是舊魂－必須毀壞、必須受傷；
lyrics_db_text/db545.txt,28,里面,里面的人－就是新灵－才与那灵同得释放。,裏面的人－就是新靈－纔與那靈同得釋放。,裏面的人－就是新靈－纔與那靈同得釋放。
lyrics_db_text/db545.txt,36,于,使我看重一切损失，过于任何一种利益。,使我看重一切損失，過於任何一種利益。,使我看重一切損失，過於任何一種利益。
lyrics_db_text/db546.txt,2,里面,里面生命的各方面－变化,裏面生命的各方面－變化,裏面生命的各方面－變化
lyrics_db_text/db546.txt,19,里面,更新里面每一部分，直到全人都归顺。,更新裏面每一部分，直到全人都歸順。,更新裏面每一部分，直到全人都歸順。
lyrics_db_text/db546.txt,22,借,借祂那灵生命大能，照祂形状变化我；,借祂那靈生命大能，照祂形狀變化我；,借祂那靈生命大能，照祂形狀變化我；
lyrics_db_text/db547.txt,2,里面,里面生命的各方面－神的作法,裏面生命的各方面－神的作法,裏面生命的各方面－神的作法
lyrics_db_text/db547.txt,9,志,不是立志为善，乃是随从灵，,不是立志為善，乃是隨從靈，,不是立志為善，乃是隨從靈，
lyrics_db_text/db547.txt,22,历,使我经过苦境，使我历艰难。,使我經過苦境，使我歷艱難。,使我經過苦境，使我歷艱難。
lyrics_db_text/db548.txt,22,制,当那撒但火箭环攻，求作盾牌来抵制；,當那撒但火箭環攻，求作盾牌來抵制；,當那撒但火箭環攻，求作盾牌來抵制；
lyrics_db_text/db55.txt,11,里面,神的本性一切丰满，全都住你里面；,神的本性一切豐滿，全都住你裏面；,神的本性一切豐滿，全都住你裏面；
lyrics_db_text/db55.txt,12,借,你是神的具体化身，借你神得彰显。,你是神的具體化身，借你神得彰顯。,你是神的具體化身，借你神得彰顯。
lyrics_db_text/db55.txt,15,发,是神荣耀所发光辉，与神原本是一；,是神榮耀所發光輝，與神原本是一；,是神榮耀所發光輝，與神原本是一；
lyrics_db_text/db550.txt,2,只,神医－只是一摸,神醫－只是一摸,神醫－只是一摸
lyrics_db_text/db550.txt,7,里,当主正从那里经过，众人拥塞将祂挤着，,當主正從那裏經過，眾人擁塞將祂擠著，,當主正從那裏經過，眾人擁塞將祂擠着，
lyrics_db_text/db550.txt,8,后,她从背后将主一摸，立刻得着了痊愈。,她從背後將主一摸，立刻得著了痊愈。,她從背後將主一摸，立刻得着了痊愈。
lyrics_db_text/db550.txt,10,只,只是一摸，就得痊愈！主仍在此，尚未离去，,只是一摸，就得痊愈！主仍在此，尚未離去，,只是一摸，就得痊愈！主仍在此，尚未離去，
lyrics_db_text/db550.txt,14,只,只是一摸，就得痊愈，祂使我心平安无惧，,只是一摸，就得痊愈，祂使我心平安無懼，,只是一摸，就得痊愈，祂使我心平安無懼，
lyrics_db_text/db550.txt,18,只,只是一摸，一切完成，我得脱去所有疾病，,只是一摸，一切完成，我得脫去所有疾病，,只是一摸，一切完成，我得脱去所有疾病，
lyrics_db_text/db550.txt,22,只,只是一摸，祂就转来，哦，祂眼中希奇之爱！,只是一摸，祂就轉來，哦，祂眼中希奇之愛！,只是一摸，祂就轉來，哦，祂眼中希奇之愛！
lyrics_db_text/db550.txt,26,只,只要一摸，必得医治，祂能医你，就在此时，,只要一摸，必得醫治，祂能醫你，就在此時，,只要一摸，必得醫治，祂能醫你，就在此時，
lyrics_db_text/db550.txt,27,只,只是一摸，不管病势，就必得着了痊愈。,只是一摸，不管病勢，就必得著了痊愈。,只是一摸，不管病勢，就必得着了痊愈。
lyrics_db_text/db551.txt,12,发,在我祷告停息之时，发出同感声音。,在我禱告停息之時，發出同感聲音。,在我禱告停息之時，發出同感聲音。
lyrics_db_text/db551.txt,19,后,哦主，你这首先、末后，使我所有祷告,哦主，你這首先、末後，使我所有禱告,哦主，你這首先、末後，使我所有禱告
lyrics_db_text/db552.txt,15,里面,藏在满了香气的话里面，,藏在滿了香氣的話裏面，,藏在滿了香氣的話裏面，
lyrics_db_text/db552.txt,21,干,灌溉干地，直到地的四方,灌溉乾地，直到地的四方,灌溉乾地，直到地的四方
lyrics_db_text/db552.txt,28,发,灵就充满，灯就发光照耀。,靈就充滿，燈就發光照耀。,靈就充滿，燈就發光照耀。
lyrics_db_text/db552.txt,33,只,推动那只推动一切之手，,推動那隻推動一切之手，,推動那隻推動一切之手，
lyrics_db_text/db552.txt,39,里面,在我里面祷告，直到显出：,在我裏面禱告，直到顯出：,在我裏面禱告，直到顯出：
lyrics_db_text/db552.txt,40,里,我里基督祷告天上基督。,我裏基督禱告天上基督。,我裏基督禱告天上基督。
lyrics_db_text/db553.txt,7,面,主啊，我要安静在你面前，,主啊，我要安靜在你面前，,主啊，我要安靜在你面前，
lyrics_db_text/db553.txt,8,里面,将我全人收回到我里面；,將我全人收回到我裏面；,將我全人收回到我裏面；
lyrics_db_text/db553.txt,9,面,不再仅是外面随意祷告，,不再僅是外面隨意禱告，,不再僅是外面隨意禱告，
lyrics_db_text/db553.txt,10,发表里,乃是照着灵里感觉发表。,乃是照著靈裏感覺發表。,乃是照着靈裏感覺發表。
lyrics_db_text/db553.txt,14,里面,实在你是在我里面住着；,實在你是在我裏面住著；,實在你是在我裏面住着；
lyrics_db_text/db553.txt,16,发表里面,实在是你在我里面发表。,實在是你在我裏面發表。,實在是你在我裏面發表。
lyrics_db_text/db553.txt,21,面,不是我在外面向你求讨，,不是我在外面向你求討，,不是我在外面向你求討，
lyrics_db_text/db553.txt,22,借发表里面,乃是你在里面借我发表。,乃是你在裏面借我發表。,乃是你在裏面借我發表。
lyrics_db_text/db553.txt,28,发表里面,让你从我里面得着发表。,讓你從我裏面得著發表。,讓你從我裏面得着發表。
lyrics_db_text/db553.txt,31,里面,在这交通里面，你光照亮，,在這交通裏面，你光照亮，,在這交通裏面，你光照亮，
lyrics_db_text/db553.txt,34,发表,并且使你能有清楚发表。,並且使你能有清楚發表。,並且使你能有清楚發表。
lyrics_db_text/db553.txt,38,里面,将你涂我里面越过越多；,將你塗我裏面越過越多；,將你塗我裏面越過越多；
lyrics_db_text/db553.txt,40,发表,你就从我得着更多发表。,你就從我得著更多發表。,你就從我得着更多發表。
lyrics_db_text/db553.txt,46,发表,好叫你能得着丰满发表！,好叫你能得著豐滿發表！,好叫你能得着豐滿發表！
lyrics_db_text/db554.txt,19,借,因着信心，借着祷告，学习与主同劳；,因著信心，藉著禱告，學習與主同勞；,因着信心，藉着禱告，學習與主同勞；
lyrics_db_text/db555.txt,2,里,祷告－在至圣所里,禱告－在至聖所裏,禱告－在至聖所裏
lyrics_db_text/db555.txt,11,里,直到灵里能相调，使你召会得建造。,直到靈裏能相調，使你召會得建造。,直到靈裏能相調，使你召會得建造。
lyrics_db_text/db555.txt,14,面,切愿前来作祭司，在你面前供圣职，,切願前來作祭司，在你面前供聖職，,切願前來作祭司，在你面前供聖職，
lyrics_db_text/db555.txt,19,里,随着灵感向你说，让你灵里多经过。,隨著靈感向你說，讓你靈裏多經過。,隨着靈感向你説，讓你靈裏多經過。
lyrics_db_text/db555.txt,26,发表,但愿我们的祷告，就是你灵的发表；,但願我們的禱告，就是你靈的發表；,但願我們的禱告，就是你靈的發表；
lyrics_db_text/db555.txt,27,只,不随己意来求讨，只照你意向你要。,不隨己意來求討，只照你意向你要。,不隨己意來求討，只照你意向你要。
lyrics_db_text/db555.txt,31,于,却愿你能有出路，过于我们蒙眷顾。,卻願你能有出路，過於我們蒙眷顧。,卻願你能有出路，過於我們蒙眷顧。
lyrics_db_text/db556.txt,2,里,祷告－在至圣所里,禱告－在至聖所裏,禱告－在至聖所裏
lyrics_db_text/db556.txt,7,里面,我要进入至圣所，幔子里面过生活，,我要進入至聖所，幔子裏面過生活，,我要進入至聖所，幔子裏面過生活，
lyrics_db_text/db556.txt,11,里面,我灵就是至圣所，主在里面今住着；,我靈就是至聖所，主在裏面今住著；,我靈就是至聖所，主在裏面今住着；
lyrics_db_text/db556.txt,12,只里面,只要回到灵里面，我就与主得相见。,只要回到靈裏面，我就與主得相見。,只要回到靈裏面，我就與主得相見。
lyrics_db_text/db556.txt,15,发复里,复活基督的馨香，调在灵里来发放；,復活基督的馨香，調在靈裏來發放；,復活基督的馨香，調在靈裏來發放；
lyrics_db_text/db556.txt,16,借发表里面,在灵里面我祷告，他就借此得发表。,在靈裏面我禱告，他就藉此得發表。,在靈裏面我禱告，他就藉此得發表。
lyrics_db_text/db556.txt,19,里,摸着灵里的基督，就必饱尝他丰富：,摸著靈裏的基督，就必飽嘗他豐富：,摸着靈裏的基督，就必飽嘗他豐富：
lyrics_db_text/db556.txt,20,复,生命亮光、生命粮，加上复活的馨香。,生命亮光、生命糧，加上復活的馨香。,生命亮光、生命糧，加上復活的馨香。
lyrics_db_text/db556.txt,27,发复,摸着复活蒙悦纳，如同枯杖发了芽；,摸著復活蒙悅納，如同枯杖發了芽；,摸着復活蒙悦納，如同枯杖發了芽；
lyrics_db_text/db557.txt,2,里,祷告－在至圣所里,禱告－在至聖所裏,禱告－在至聖所裏
lyrics_db_text/db557.txt,21,里面,回到灵里面，祷告在主前，,回到靈裏面，禱告在主前，,回到靈裏面，禱告在主前，
lyrics_db_text/db557.txt,22,里面,摸着生命活水泉源；回到灵里面，,摸著生命活水泉源；回到靈裏面，,摸着生命活水泉源；回到靈裏面，
lyrics_db_text/db558.txt,2,里,祷告－在至圣所里,禱告－在至聖所裏,禱告－在至聖所裏
lyrics_db_text/db558.txt,8,借面,我能借血坦然前来，到你面光之中。,我能借血坦然前來，到你面光之中。,我能借血坦然前來，到你面光之中。
lyrics_db_text/db558.txt,11,借,借着你血赎罪功效，进入你至圣所；,藉著你血贖罪功效，進入你至聖所；,藉着你血贖罪功效，進入你至聖所；
lyrics_db_text/db558.txt,15,只,只随那灵，不凭自己，在此烧香祷告，,只隨那靈，不憑自己，在此燒香禱告，,只隨那靈，不憑自己，在此燒香禱告，
lyrics_db_text/db558.txt,16,发表里,让主基督从我灵里，如香得着发表。,讓主基督從我靈裏，如香得著發表。,讓主基督從我靈裏，如香得着發表。
lyrics_db_text/db558.txt,23,只,虽然不为事物求讨，只随那灵祷告，,雖然不為事物求討，只隨那靈禱告，,雖然不為事物求討，只隨那靈禱告，
lyrics_db_text/db558.txt,31,里,切愿如此专清静，灵里与你相交；,切願如此專清靜，靈裏與你相交；,切願如此專清靜，靈裏與你相交；
lyrics_db_text/db559.txt,2,里,祷告－在主名里,禱告－在主名裏,禱告－在主名裏
lyrics_db_text/db56.txt,10,借,借着十架击伤他头，为神计划胜利得。,藉著十架擊傷他頭，為神計劃勝利得。,藉着十架擊傷他頭，為神計劃勝利得。
lyrics_db_text/db56.txt,13,于,神性荣美显于人性，配永远称道！,神性榮美顯於人性，配永遠稱道！,神性榮美顯於人性，配永遠稱道！
lyrics_db_text/db56.txt,22,后,你被称为‘末后亚当’，也被称为‘第二人’；,你被稱為‘末後亞當’，也被稱為‘第二人’；,你被稱為‘末後亞當’，也被稱為‘第二人’；
lyrics_db_text/db56.txt,29,于,带着父神丰满荣耀，显于人前仍是人。,帶著父神豐滿榮耀，顯於人前仍是人。,帶着父神豐滿榮耀，顯於人前仍是人。
lyrics_db_text/db560.txt,7,里,要对这山说：‘去，离此，投在海里’！,要對這山說：‘去，離此，投在海裏’！,要對這山説：‘去，離此，投在海裏’！
lyrics_db_text/db560.txt,8,于,心中若不疑惑，就必成就于你。,心中若不疑惑，就必成就於你。,心中若不疑惑，就必成就於你。
lyrics_db_text/db560.txt,9,里面,相信主话，必要成全，在主里面吩咐你山！,相信主話，必要成全，在主裏面吩咐你山！,相信主話，必要成全，在主裏面吩咐你山！
lyrics_db_text/db560.txt,14,里面,顺服主话，必要成全，在主里面吩咐你山！,順服主話，必要成全，在主裏面吩咐你山！,順服主話，必要成全，在主裏面吩咐你山！
lyrics_db_text/db560.txt,17,恶,自己、罪恶、病痛，主已全部担当，,自己、罪惡、病痛，主已全部擔當，,自己、罪惡、病痛，主已全部擔當，
lyrics_db_text/db560.txt,19,里面,倚靠主话，必要成全，在主里面吩咐你山！,倚靠主話，必要成全，在主裏面吩咐你山！,倚靠主話，必要成全，在主裏面吩咐你山！
lyrics_db_text/db560.txt,24,里面,安心相信，必要成全，在主里面吩咐你山！,安心相信，必要成全，在主裏面吩咐你山！,安心相信，必要成全，在主裏面吩咐你山！
lyrics_db_text/db560.txt,29,里面,不睬仇敌，必要成全，在主里面吩咐你山！,不睬仇敵，必要成全，在主裏面吩咐你山！,不睬仇敵，必要成全，在主裏面吩咐你山！
lyrics_db_text/db560.txt,33,尽,广行神迹之杖，要将理由尽逐。,廣行神蹟之杖，要將理由盡逐。,廣行神蹟之杖，要將理由盡逐。
lyrics_db_text/db560.txt,34,里面,站在主话，必要成全，在主里面吩咐你山！,站在主話，必要成全，在主裏面吩咐你山！,站在主話，必要成全，在主裏面吩咐你山！
lyrics_db_text/db562.txt,13,于,因神喜悦信心唱歌，于漫漫长夜中。,因神喜悅信心唱歌，於漫漫長夜中。,因神喜悦信心唱歌，於漫漫長夜中。
lyrics_db_text/db562.txt,17,致,赞美原来会胜鬼魔，何致被他箝口。,讚美原來會勝鬼魔，何致被他箝口。,讚美原來會勝鬼魔，何致被他箝口。
lyrics_db_text/db563.txt,7,里,要在灵里同心祷告，不照你心所思想，,要在靈裏同心禱告，不照你心所思想，,要在靈裏同心禱告，不照你心所思想，
lyrics_db_text/db563.txt,8,只,只照深处恩膏涂抹，成全主心所愿望。,只照深處恩膏塗抹，成全主心所願望。,只照深處恩膏塗抹，成全主心所願望。
lyrics_db_text/db563.txt,10,里,要在灵里同心祷告，不照你心所思想，,要在靈裏同心禱告，不照你心所思想，,要在靈裏同心禱告，不照你心所思想，
lyrics_db_text/db563.txt,11,只,只照深处恩膏涂抹，成全主心所愿望。,只照深處恩膏塗抹，成全主心所願望。,只照深處恩膏塗抹，成全主心所願望。
lyrics_db_text/db563.txt,14,借里,要在灵里同心祷告，借着十架否认己；,要在靈裏同心禱告，藉著十架否認己；,要在靈裏同心禱告，藉着十架否認己；
lyrics_db_text/db563.txt,18,里,要在灵里同心祷告，坐在天上用权柄；,要在靈裏同心禱告，坐在天上用權柄；,要在靈裏同心禱告，坐在天上用權柄；
lyrics_db_text/db563.txt,22,里,要在灵里同心祷告，与众圣徒同祈求；,要在靈裏同心禱告，與眾聖徒同祈求；,要在靈裏同心禱告，與眾聖徒同祈求；
lyrics_db_text/db563.txt,26,里,要在灵里同心祷告，儆醒、祷告要持久；,要在靈裏同心禱告，儆醒、禱告要持久；,要在靈裏同心禱告，儆醒、禱告要持久；
lyrics_db_text/db563.txt,30,致里,要在灵里同心祷告，和谐一致寻求神；,要在靈裏同心禱告，和諧一致尋求神；,要在靈裏同心禱告，和諧一致尋求神；
lyrics_db_text/db563.txt,31,里面,在主身体的灵里面，永远祷告凭同心。,在主身體的靈裏面，永遠禱告憑同心。,在主身體的靈裏面，永遠禱告憑同心。
lyrics_db_text/db564.txt,2,里,祷告－在灵里,禱告－在靈裏,禱告－在靈裏
lyrics_db_text/db564.txt,7,里,永远要在灵里祷告，不凭肉体或头脑！,永遠要在靈裏禱告，不憑肉體或頭腦！,永遠要在靈裏禱告，不憑肉體或頭腦！
lyrics_db_text/db564.txt,10,里,永远要在灵里祷告，这个秘诀主所示；,永遠要在靈裏禱告，這個祕訣主所示；,永遠要在靈裏禱告，這個祕訣主所示；
lyrics_db_text/db564.txt,11,里面,在灵里面与神接触，这个秘诀要保持。,在靈裏面與神接觸，這個祕訣要保持。,在靈裏面與神接觸，這個祕訣要保持。
lyrics_db_text/db564.txt,14,里,永远要在灵里祷告，绝不凭着人思想；,永遠要在靈裏禱告，絕不憑著人思想；,永遠要在靈裏禱告，絕不憑着人思想；
lyrics_db_text/db564.txt,18,借发表里,永远要在灵里祷告，借此发表神心愿；,永遠要在靈裏禱告，藉此發表神心願；,永遠要在靈裏禱告，藉此發表神心願；
lyrics_db_text/db564.txt,19,里,灵里与主一直相处，全人必被主火燃。,靈裏與主一直相處，全人必被主火燃。,靈裏與主一直相處，全人必被主火燃。
lyrics_db_text/db564.txt,22,里,永远要在灵里祷告，甚至由衷来叹息！,永遠要在靈裏禱告，甚至由衷來歎息！,永遠要在靈裏禱告，甚至由衷來歎息！
lyrics_db_text/db564.txt,23,借发表,借着那灵管治、带领，如此发表神心意。,藉著那靈管治、帶領，如此發表神心意。,藉着那靈管治、帶領，如此發表神心意。
lyrics_db_text/db564.txt,26,里,永远要在灵里祷告，就是在神至圣所；,永遠要在靈裏禱告，就是在神至聖所；,永遠要在靈裏禱告，就是在神至聖所；
lyrics_db_text/db564.txt,27,里,惟有如此在这灵里，才能与神相调和。,惟有如此在這靈裏，纔能與神相調和。,惟有如此在這靈裏，纔能與神相調和。
lyrics_db_text/db564.txt,30,里,永远要在灵里祷告，这是惟一的途径；,永遠要在靈裏禱告，這是惟一的途徑；,永遠要在靈裏禱告，這是惟一的途徑；
lyrics_db_text/db564.txt,31,借,神性所有一切丰满，借这秘诀能受领。,神性所有一切豐滿，借這祕訣能受領。,神性所有一切豐滿，借這祕訣能受領。
lyrics_db_text/db565.txt,12,里面,灵里与神同停留，面面交通毫无间。,靈裏與神同停留，面面交通毫無間。,靈裏與神同停留，面面交通毫無間。
lyrics_db_text/db565.txt,20,里,在主基督的名里，对付阴府与鬼魔。,在主基督的名裏，對付陰府與鬼魔。,在主基督的名裏，對付陰府與鬼魔。
lyrics_db_text/db565.txt,23,借,祷告摸神的宝座，借着活信主所赐；,禱告摸神的寶座，藉著活信主所賜；,禱告摸神的寶座，藉着活信主所賜；
lyrics_db_text/db566.txt,13,里,今愿灵里祷告，随从灵叹息；,今願靈裏禱告，隨從靈歎息；,今願靈裏禱告，隨從靈歎息；
lyrics_db_text/db566.txt,14,发表,照着灵感发表，不照所记忆。,照著靈感發表，不照所記憶。,照着靈感發表，不照所記憶。
lyrics_db_text/db566.txt,15,只,不再凭着头脑，只是凭着灵；,不再憑著頭腦，只是憑著靈；,不再憑着頭腦，只是憑着靈；
lyrics_db_text/db566.txt,21,面,绝不外面应付，祷告不动灵；,絕不外面應付，禱告不動靈；,絕不外面應付，禱告不動靈；
lyrics_db_text/db566.txt,22,里面,乃是里面深处，灵与灵响应。,乃是裏面深處，靈與靈響應。,乃是裏面深處，靈與靈響應。
lyrics_db_text/db566.txt,28,尽里面,外面尽管喊叫，里面摸不着。,外面儘管喊叫，裏面摸不著。,外面儘管喊叫，裏面摸不着。
lyrics_db_text/db566.txt,39,里,灵里活水流通，圣徒才相调；,靈裏活水流通，聖徒纔相調；,靈裏活水流通，聖徒纔相調；
lyrics_db_text/db567.txt,2,发表,祷告－发表主,禱告－發表主,禱告－發表主
lyrics_db_text/db567.txt,7,发表,祷告要将主发表，不可发表我自己；,禱告要將主發表，不可發表我自己；,禱告要將主發表，不可發表我自己；
lyrics_db_text/db567.txt,8,借发表,让主启示祂自己，借我发表祂心意。,讓主啟示祂自己，借我發表祂心意。,讓主啓示祂自己，借我發表祂心意。
lyrics_db_text/db567.txt,11,发表,祷告要将主发表，必须说出祂所要，,禱告要將主發表，必須說出祂所要，,禱告要將主發表，必須説出祂所要，
lyrics_db_text/db567.txt,15,发表,祷告要将主发表，总要将祂来瞻仰，,禱告要將主發表，總要將祂來瞻仰，,禱告要將主發表，總要將祂來瞻仰，
lyrics_db_text/db567.txt,19,借发表,祷告要将主发表，让祂借我来求诉；,禱告要將主發表，讓祂借我來求訴；,禱告要將主發表，讓祂借我來求訴；
lyrics_db_text/db567.txt,20,里,住在我里的基督，祷告天上的基督。,住在我裏的基督，禱告天上的基督。,住在我裏的基督，禱告天上的基督。
lyrics_db_text/db567.txt,23,发表,祷告要将主发表，学习不凭自己求，,禱告要將主發表，學習不憑自己求，,禱告要將主發表，學習不憑自己求，
lyrics_db_text/db567.txt,24,只,完全向着主祷告，只凭祂求到永久。,完全向著主禱告，只憑祂求到永久。,完全向着主禱告，只憑祂求到永久。
lyrics_db_text/db568.txt,7,里面,祷告与主来往交通，他面灵里来寻求；,禱告與主來往交通，他面靈裏來尋求；,禱告與主來往交通，他面靈裏來尋求；
lyrics_db_text/db568.txt,10,里面,祷告与主来往交通，他面灵里来寻求；,禱告與主來往交通，他面靈裏來尋求；,禱告與主來往交通，他面靈裏來尋求；
lyrics_db_text/db568.txt,14,里面,祷告与主来往交通，从你里面全敞开；,禱告與主來往交通，從你裏面全敞開；,禱告與主來往交通，從你裏面全敞開；
lyrics_db_text/db568.txt,15,面,敞着脸面将他瞻仰，单一、纯洁又实在。,敞著臉面將他瞻仰，單一、純潔又實在。,敞着臉面將他瞻仰，單一、純潔又實在。
lyrics_db_text/db568.txt,23,里面,总要凭灵祷告、求问，照着里面的感觉。,總要憑靈禱告、求問，照著裏面的感覺。,總要憑靈禱告、求問，照着裏面的感覺。
lyrics_db_text/db568.txt,27,于,让他心意印刻于你，使你成全他心愿。,讓他心意印刻於你，使你成全他心願。,讓他心意印刻於你，使你成全他心願。
lyrics_db_text/db568.txt,30,面,祷告与主来往交通，沐浴在他面光中；,禱告與主來往交通，沐浴在他面光中；,禱告與主來往交通，沐浴在他面光中；
lyrics_db_text/db568.txt,31,面,让他荣美将你浸透，使你返照他面容。,讓他榮美將你浸透，使你返照他面容。,讓他榮美將你浸透，使你返照他面容。
lyrics_db_text/db569.txt,19,发,祷告与主同劳苦，让主发起并推行；,禱告與主同勞苦，讓主發起並推行；,禱告與主同勞苦，讓主發起並推行；
lyrics_db_text/db569.txt,20,借,所有计划和工作，都是主借我完成。,所有計劃和工作，都是主借我完成。,所有計劃和工作，都是主借我完成。
lyrics_db_text/db57.txt,12,尽,尝尽人生所有苦味，忍受苦难从无所辞。,嘗盡人生所有苦味，忍受苦難從無所辭。,嘗盡人生所有苦味，忍受苦難從無所辭。
lyrics_db_text/db57.txt,15,干,生在马槽，作一婴孩，长在干地，出身寒门；,生在馬槽，作一嬰孩，長在乾地，出身寒門；,生在馬槽，作一嬰孩，長在乾地，出身寒門；
lyrics_db_text/db57.txt,19,复,神虽使你从死复活，你仍带着我们人性；,神雖使你從死復活，你仍帶著我們人性；,神雖使你從死復活，你仍帶着我們人性；
lyrics_db_text/db57.txt,27,于,带着荣耀，你要回来，仍是一人显于众目；,帶著榮耀，你要回來，仍是一人顯於眾目；,帶着榮耀，你要回來，仍是一人顯於眾目；
lyrics_db_text/db570.txt,12,只,只要与主说一声，什么就都好；,只要與主說一聲，什麼就都好；,只要與主説一聲，什麼就都好；
lyrics_db_text/db570.txt,13,只,只要与主说一声，什么就都好。,只要與主說一聲，什麼就都好。,只要與主説一聲，什麼就都好。
lyrics_db_text/db570.txt,15,只,只要与主说一声，什么就都好。,只要與主說一聲，什麼就都好。,只要與主説一聲，什麼就都好。
lyrics_db_text/db570.txt,18,历,我虽经历黑暗、崎岖，虽遇疾风、暴雨，,我雖經歷黑暗、崎嶇，雖遇疾風、暴雨，,我雖經歷黑暗、崎嶇，雖遇疾風、暴雨，
lyrics_db_text/db570.txt,33,只,只要与主说一声，什么就都好。,只要與主說一聲，什麼就都好。,只要與主説一聲，什麼就都好。
lyrics_db_text/db571.txt,8,面,何等权利，能将难处到主面前去祈求。,何等權利，能將難處到主面前去祈求。,何等權利，能將難處到主面前去祈求。
lyrics_db_text/db571.txt,10,面,无非我们未将万事到主面前去祈求。,無非我們未將萬事到主面前去祈求。,無非我們未將萬事到主面前去祈求。
lyrics_db_text/db572.txt,15,于,乐于安抚。,樂於安撫。,樂於安撫。
lyrics_db_text/db572.txt,27,余,绰绰有余。,綽綽有餘。,綽綽有餘。
lyrics_db_text/db572.txt,38,恶,与我毫无殊，惟主能救我脱离凶恶。,與我毫無殊，惟主能救我脫離兇惡。,與我毫無殊，惟主能救我脱離兇惡。
lyrics_db_text/db573.txt,14,发台,圣所并无天然之光，需要灯台发光照亮；,聖所並無天然之光，需要燈臺發光照亮；,聖所並無天然之光，需要燈台發光照亮；
lyrics_db_text/db573.txt,22,复,我要祷告如同烧香，献上基督复活馨香，,我要禱告如同燒香，獻上基督復活馨香，,我要禱告如同燒香，獻上基督復活馨香，
lyrics_db_text/db574.txt,8,于,让我安息于你，使我清楚你意，,讓我安息於你，使我清楚你意，,讓我安息於你，使我清楚你意，
lyrics_db_text/db574.txt,14,借,教我借你祈求－我今等候，我今等候。,教我借你祈求－我今等候，我今等候。,教我借你祈求－我今等候，我今等候。
lyrics_db_text/db574.txt,18,于,完全与我调和，直到安家于我，,完全與我調和，直到安家於我，,完全與我調和，直到安家於我，
lyrics_db_text/db574.txt,24,借,你命借我涌流－我今等候，我今等候。,你命借我湧流－我今等候，我今等候。,你命借我湧流－我今等候，我今等候。
lyrics_db_text/db574.txt,28,发表,愿我所有祷告，都是你的发表，,願我所有禱告，都是你的發表，,願我所有禱告，都是你的發表，
lyrics_db_text/db575.txt,8,后,先让祂说话，然后向祂诉。,先讓祂說話，然後向祂訴。,先讓祂説話，然後向祂訴。
lyrics_db_text/db575.txt,9,发,真实的祷告，乃是主发起；,真實的禱告，乃是主發起；,真實的禱告，乃是主發起；
lyrics_db_text/db575.txt,10,发表,你仅是器皿，发表祂自己。,你僅是器皿，發表祂自己。,你僅是器皿，發表祂自己。
lyrics_db_text/db575.txt,16,借,并借你祷告，且借你活着。,並借你禱告，且借你活著。,並借你禱告，且借你活着。
lyrics_db_text/db575.txt,22,只,全都丢一边，只顾神所要。,全都丟一邊，只顧神所要。,全都丟一邊，只顧神所要。
lyrics_db_text/db575.txt,34,发表,使你的祷告作神的发表。,使你的禱告作神的發表。,使你的禱告作神的發表。
lyrics_db_text/db575.txt,38,里,直等在灵里你与神相符。,直等在靈裏你與神相符。,直等在靈裏你與神相符。
lyrics_db_text/db575.txt,39,借,并且借着灵一切全归服，,並且藉著靈一切全歸服，,並且藉着靈一切全歸服，
lyrics_db_text/db575.txt,44,借,使神能借你自由的流出，,使神能借你自由的流出，,使神能借你自由的流出，
lyrics_db_text/db575.txt,46,借,都使神心意借你得完成。,都使神心意借你得完成。,都使神心意借你得完成。
lyrics_db_text/db576.txt,2,复,祷告－为复兴,禱告－為復興,禱告－為復興
lyrics_db_text/db576.txt,7,复,复兴你工作，主！向你圣徒显现；,復興你工作，主！向你聖徒顯現；,復興你工作，主！向你聖徒顯現；
lyrics_db_text/db576.txt,8,发,求你用权发命监督，让你儿女检点。,求你用權發命監督，讓你兒女檢點。,求你用權發命監督，讓你兒女檢點。
lyrics_db_text/db576.txt,10,复,复兴你工作，主！我们现今等候；,復興你工作，主！我們現今等候；,復興你工作，主！我們現今等候；
lyrics_db_text/db576.txt,14,复,复兴你工作，主！求你感动召会，,復興你工作，主！求你感動召會，,復興你工作，主！求你感動召會，
lyrics_db_text/db576.txt,15,恶,为着罪恶，忧伤痛悔，好让你显作为。,為著罪惡，憂傷痛悔，好讓你顯作為。,為着罪惡，憂傷痛悔，好讓你顯作為。
lyrics_db_text/db576.txt,18,复,复兴你工作，主！启示你的宝贵；,復興你工作，主！啟示你的寶貴；,復興你工作，主！啓示你的寶貴；
lyrics_db_text/db576.txt,19,复,但愿你爱在人心内，好像复燃死灰。,但願你愛在人心內，好像復燃死灰。,但願你愛在人心內，好像復燃死灰。
lyrics_db_text/db576.txt,22,复,复兴你工作，主！祝福你的话语；,復興你工作，主！祝福你的話語；,復興你工作，主！祝福你的話語；
lyrics_db_text/db576.txt,26,复,复兴你工作，主！证明你的得胜；,復興你工作，主！證明你的得勝；,復興你工作，主！證明你的得勝；
lyrics_db_text/db576.txt,30,复,复兴你工作，主！赐下当初权能；,復興你工作，主！賜下當初權能；,復興你工作，主！賜下當初權能；
lyrics_db_text/db577.txt,2,复,祷告－为复兴,禱告－為復興,禱告－為復興
lyrics_db_text/db577.txt,8,复,将一个大复兴，给这个地方。,將一個大復興，給這個地方。,將一個大復興，給這個地方。
lyrics_db_text/db578.txt,8,发表,来到神的座前发表所有意愿、所有需要；,來到神的座前發表所有意願、所有需要；,來到神的座前發表所有意願、所有需要；
lyrics_db_text/db578.txt,10,恶,不陷恶者所有布置，因为有你－祷告之时！,不陷惡者所有佈置，因為有你－禱告之時！,不陷惡者所有佈置，因為有你－禱告之時！
lyrics_db_text/db578.txt,15,面,祂既命我寻求祂面，信祂话语，靠祂恩典，,祂既命我尋求祂面，信祂話語，靠祂恩典，,祂既命我尋求祂面，信祂話語，靠祂恩典，
lyrics_db_text/db578.txt,16,于,我要将我重担卸释在于你前－甘甜之时！,我要將我重擔卸釋在於你前－甘甜之時！,我要將我重擔卸釋在於你前－甘甜之時！
lyrics_db_text/db578.txt,20,发,直到我在毗斯迦山，发现美地极目一看，,直到我在毗斯迦山，發現美地極目一看，,直到我在毗斯迦山，發現美地極目一看，
lyrics_db_text/db579.txt,9,借,再借众神人将撰述记录，,再借眾神人將撰述記錄，,再借眾神人將撰述記錄，
lyrics_db_text/db579.txt,39,借,借着运用灵，吸入神所呼，,藉著運用靈，吸入神所呼，,藉着運用靈，吸入神所呼，
lyrics_db_text/db58.txt,7,恶,哦，我神那施爱智慧！罪恶正盛时候，,哦，我神那施愛智慧！罪惡正盛時候，,哦，我神那施愛智慧！罪惡正盛時候，
lyrics_db_text/db58.txt,8,后,末后亚当就来争战，并来施行拯救。,末後亞當就來爭戰，並來施行拯救。,末後亞當就來爭戰，並來施行拯救。
lyrics_db_text/db58.txt,19,里面,哦，我神那慷慨之爱！祂来在人里面，,哦，我神那慷慨之愛！祂來在人裏面，,哦，我神那慷慨之愛！祂來在人裏面，
lyrics_db_text/db58.txt,23,里,暗中在那园里哀哭，明处十架受死，,暗中在那園裏哀哭，明處十架受死，,暗中在那園裏哀哭，明處十架受死，
lyrics_db_text/db58.txt,27,里面,哦主，你这神而人者，在我人性里面，,哦主，你這神而人者，在我人性裏面，,哦主，你這神而人者，在我人性裏面，
lyrics_db_text/db580.txt,10,表,明言、预表、预言，描绘几无遗。,明言、預表、預言，描繪幾無遺。,明言、預表、預言，描繪幾無遺。
lyrics_db_text/db580.txt,13,表,主神已经说话，表明所欲为：,主神已經說話，表明所欲為：,主神已經説話，表明所欲為：
lyrics_db_text/db580.txt,15,里面,使祂在子里面，荣耀得完全，,使祂在子裏面，榮耀得完全，,使祂在子裏面，榮耀得完全，
lyrics_db_text/db580.txt,22,里,是神计划里的中心与圆周。,是神計劃裏的中心與圓周。,是神計劃裏的中心與圓周。
lyrics_db_text/db580.txt,27,里面,父在子的里面，子又成为灵，,父在子的裏面，子又成為靈，,父在子的裏面，子又成為靈，
lyrics_db_text/db580.txt,40,尽,但愿地上万有，赞美祂不尽。,但願地上萬有，讚美祂不盡。,但願地上萬有，讚美祂不盡。
lyrics_db_text/db581.txt,10,借,你又借着圣经向我显现。,你又藉著聖經向我顯現。,你又藉着聖經向我顯現。
lyrics_db_text/db581.txt,15,表,你已将神向人清楚表明，,你已將神向人清楚表明，,你已將神向人清楚表明，
lyrics_db_text/db581.txt,16,借,然而对你认识是借圣经。,然而對你認識是借聖經。,然而對你認識是借聖經。
lyrics_db_text/db581.txt,22,借,但借圣经才能将你欣赏。,但借聖經纔能將你欣賞。,但借聖經纔能將你欣賞。
lyrics_db_text/db581.txt,26,复,这话因灵丰盛，无以复加；,這話因靈豐盛，無以復加；,這話因靈豐盛，無以復加；
lyrics_db_text/db581.txt,27,借,借你内住之灵摸着这话，,借你內住之靈摸著這話，,借你內住之靈摸着這話，
lyrics_db_text/db581.txt,31,里面,在你里面我可与神交通，,在你裏面我可與神交通，,在你裏面我可與神交通，
lyrics_db_text/db581.txt,32,借,借着圣经我能享你无穷；,藉著聖經我能享你無窮；,藉着聖經我能享你無窮；
lyrics_db_text/db581.txt,38,借,祷读你话，借以受你供应；,禱讀你話，藉以受你供應；,禱讀你話，藉以受你供應；
lyrics_db_text/db582.txt,24,借,活水、灵粮；全借你话向我传递，,活水、靈糧；全借你話向我傳遞，,活水、靈糧；全借你話向我傳遞，
lyrics_db_text/db582.txt,25,历,并凭你灵使我经历。,並憑你靈使我經歷。,並憑你靈使我經歷。
lyrics_db_text/db582.txt,28,于,你话在于所写圣经，你灵就是内住圣灵；,你話在於所寫聖經，你靈就是內住聖靈；,你話在於所寫聖經，你靈就是內住聖靈；
lyrics_db_text/db582.txt,37,里,在你话中我心欢畅，在你灵里我灵歌唱。,在你話中我心歡暢，在你靈裏我靈歌唱。,在你話中我心歡暢，在你靈裏我靈歌唱。
lyrics_db_text/db585.txt,7,发,求主静中发言，当我在等候；,求主靜中發言，當我在等候；,求主靜中發言，當我在等候；
lyrics_db_text/db585.txt,11,发,恩主，求来发言，在这安静时；,恩主，求來發言，在這安靜時；,恩主，求來發言，在這安靜時；
lyrics_db_text/db585.txt,12,面,让我见你荣面，感到你所指。,讓我見你榮面，感到你所指。,讓我見你榮面，感到你所指。
lyrics_db_text/db585.txt,20,于只,甘心乐意降服，我只属于你。,甘心樂意降服，我只屬於你。,甘心樂意降服，我只屬於你。
lyrics_db_text/db586.txt,13,干,充我饥饿，主，解我干渴！,充我飢餓，主，解我乾渴！,充我飢餓，主，解我乾渴！
lyrics_db_text/db586.txt,20,里,我今愿在这里吃你喝你，,我今願在這裏喫你喝你，,我今願在這裏喫你喝你，
lyrics_db_text/db586.txt,21,借,借着读祷享受你的自己。,藉著讀禱享受你的自己。,藉着讀禱享受你的自己。
lyrics_db_text/db586.txt,37,里,在这话里，我能得你供应；,在這話裏，我能得你供應；,在這話裏，我能得你供應；
lyrics_db_text/db586.txt,38,里,你今是灵，住在我的灵里，,你今是靈，住在我的靈裏，,你今是靈，住在我的靈裏，
lyrics_db_text/db586.txt,42,里,我今到这话里来享受你；,我今到這話裏來享受你；,我今到這話裏來享受你；
lyrics_db_text/db586.txt,45,干,愿将你灵喝足，免得干渴。,願將你靈喝足，免得乾渴。,願將你靈喝足，免得乾渴。
lyrics_db_text/db586.txt,56,里,使我得在这里吃你喝你，,使我得在這裏喫你喝你，,使我得在這裏喫你喝你，
lyrics_db_text/db587.txt,11,面,在此瞻仰你的荣面，你的面光照我心间，,在此瞻仰你的榮面，你的面光照我心間，,在此瞻仰你的榮面，你的面光照我心間，
lyrics_db_text/db587.txt,23,面,我愿在你面前读经，犹如祭司圣所点灯；,我願在你面前讀經，猶如祭司聖所點燈；,我願在你面前讀經，猶如祭司聖所點燈；
lyrics_db_text/db587.txt,24,发,需要你灵像油一样，使你话语放明发光。,需要你靈像油一樣，使你話語放明發光。,需要你靈像油一樣，使你話語放明發光。
lyrics_db_text/db587.txt,28,里,灵里基督如香一般，调着祷告向神呈献。,靈裏基督如香一般，調著禱告向神呈獻。,靈裏基督如香一般，調着禱告向神呈獻。
lyrics_db_text/db588.txt,11,面,得见你的面目，乃是我心所慕！,得見你的面目，乃是我心所慕！,得見你的面目，乃是我心所慕！
lyrics_db_text/db588.txt,12,里,甚愿在此与你接触，灵里得着饱足。,甚願在此與你接觸，靈裏得著飽足。,甚願在此與你接觸，靈裏得着飽足。
lyrics_db_text/db588.txt,15,面,你的荣耀面光，我心何等欣赏！,你的榮耀面光，我心何等欣賞！,你的榮耀面光，我心何等欣賞！
lyrics_db_text/db588.txt,19,里面,在这交通里面，你是我的恩典！,在這交通裏面，你是我的恩典！,在這交通裏面，你是我的恩典！
lyrics_db_text/db589.txt,12,里面,灵是里面最深部分，为着接受神作供应。,靈是裏面最深部分，為著接受神作供應。,靈是裏面最深部分，為着接受神作供應。
lyrics_db_text/db589.txt,19,借表,主，你是灵，且借你话将你自己完全表明；,主，你是靈，且借你話將你自己完全表明；,主，你是靈，且借你話將你自己完全表明；
lyrics_db_text/db589.txt,20,借,我今需要运用我灵，借着你话接受你灵。,我今需要運用我靈，藉著你話接受你靈。,我今需要運用我靈，藉着你話接受你靈。
lyrics_db_text/db589.txt,27,里,须在灵里吃你的话，将其接到最深部分；,須在靈裏喫你的話，將其接到最深部分；,須在靈裏喫你的話，將其接到最深部分；
lyrics_db_text/db589.txt,32,里,若被接受到我灵里，就变灵与生命、平安。,若被接受到我靈裏，就變靈與生命、平安。,若被接受到我靈裏，就變靈與生命、平安。
lyrics_db_text/db59.txt,8,面,带着荣光的启示，深刻耶稣面间！,帶著榮光的啟示，深刻耶穌面間！,帶着榮光的啓示，深刻耶穌面間！
lyrics_db_text/db59.txt,15,复,生、死、复活与升天，显明是神而人，,生、死、復活與升天，顯明是神而人，,生、死、復活與升天，顯明是神而人，
lyrics_db_text/db59.txt,20,借,丰富难测的作为借恩将我改变！,豐富難測的作為借恩將我改變！,豐富難測的作為借恩將我改變！
lyrics_db_text/db59.txt,22,面,在你人子的身上，见神敞开面光。,在你人子的身上，見神敞開面光。,在你人子的身上，見神敞開面光。
lyrics_db_text/db590.txt,7,里面,基督是话，祂也是灵，且是祂话里面的灵；,基督是話，祂也是靈，且是祂話裏面的靈；,基督是話，祂也是靈，且是祂話裏面的靈；
lyrics_db_text/db590.txt,11,里面,神在外面赐我圣经，也在里面赐我圣灵；,神在外面賜我聖經，也在裏面賜我聖靈；,神在外面賜我聖經，也在裏面賜我聖靈；
lyrics_db_text/db590.txt,15,借表,圣经乃借圣灵表明，圣灵乃是圣经实际；,聖經乃借聖靈表明，聖靈乃是聖經實際；,聖經乃借聖靈表明，聖靈乃是聖經實際；
lyrics_db_text/db590.txt,16,面,二者乃是一物两面，永远不可彼此分离。,二者乃是一物兩面，永遠不可彼此分離。,二者乃是一物兩面，永遠不可彼此分離。
lyrics_db_text/db590.txt,24,发表,当灵从我发表出去，又成为话将人供应。,當靈從我發表出去，又成為話將人供應。,當靈從我發表出去，又成為話將人供應。
lyrics_db_text/db590.txt,28,后,然后当灵释放出去，灵、经乃一，在我证明。,然後當靈釋放出去，靈、經乃一，在我證明。,然後當靈釋放出去，靈、經乃一，在我證明。
lyrics_db_text/db590.txt,31,里面,主，愿你话在我里面，能成为灵作我生命；,主，願你話在我裏面，能成為靈作我生命；,主，願你話在我裏面，能成為靈作我生命；
lyrics_db_text/db590.txt,32,表里,并愿你灵在你话里，成为我的真实表明。,並願你靈在你話裏，成為我的真實表明。,並願你靈在你話裏，成為我的真實表明。
lyrics_db_text/db591.txt,15,只,所有字句、各种知识，只将死亡带给我；,所有字句、各種知識，只將死亡帶給我；,所有字句、各種知識，只將死亡帶給我；
lyrics_db_text/db591.txt,16,里,惟有灵里接受的话，供给生命使我活。,惟有靈裏接受的話，供給生命使我活。,惟有靈裏接受的話，供給生命使我活。
lyrics_db_text/db591.txt,19,只,只读圣经，而不触主，仅得虚空的知识；,只讀聖經，而不觸主，僅得虛空的知識；,只讀聖經，而不觸主，僅得虛空的知識；
lyrics_db_text/db591.txt,20,里,若在灵里摸着基督，就得生命的美食。,若在靈裏摸著基督，就得生命的美食。,若在靈裏摸着基督，就得生命的美食。
lyrics_db_text/db591.txt,21,只,只读字句，而不摸主，仅叫心思得供应；,只讀字句，而不摸主，僅叫心思得供應；,只讀字句，而不摸主，僅叫心思得供應；
lyrics_db_text/db591.txt,27,于,对于圣经所有明白，都须生命的流通；,對於聖經所有明白，都鬚生命的流通；,對於聖經所有明白，都鬚生命的流通；
lyrics_db_text/db591.txt,28,于,对于字句所有认识，都须接受到灵中。,對於字句所有認識，都須接受到靈中。,對於字句所有認識，都須接受到靈中。
lyrics_db_text/db591.txt,32,借,撒但就是借着知识，引诱女祖去犯罪。,撒但就是藉著知識，引誘女祖去犯罪。,撒但就是藉着知識，引誘女祖去犯罪。
lyrics_db_text/db591.txt,34,里,因此必须将主话语，接到灵里作食物。,因此必須將主話語，接到靈裏作食物。,因此必須將主話語，接到靈裏作食物。
lyrics_db_text/db592.txt,15,表,迦南美地丰富出产，乃是预表基督丰富；,迦南美地豐富出產，乃是預表基督豐富；,迦南美地豐富出產，乃是預表基督豐富；
lyrics_db_text/db592.txt,16,于借征,借这出产圣殿得成，象征召会出于基督。,借這出產聖殿得成，象徵召會出於基督。,借這出產聖殿得成，象徵召會出於基督。
lyrics_db_text/db592.txt,19,于表,夏娃乃是亚当丰满，预表召会之于基督；,夏娃乃是亞當豐滿，預表召會之於基督；,夏娃乃是亞當豐滿，預表召會之於基督；
lyrics_db_text/db592.txt,20,于,夏娃原是出于亚当，基督也是召会出处。,夏娃原是出於亞當，基督也是召會出處。,夏娃原是出於亞當，基督也是召會出處。
lyrics_db_text/db592.txt,23,里面,丰富是我里面基督，丰满是我外面召会；,豐富是我裏面基督，豐滿是我外面召會；,豐富是我裏面基督，豐滿是我外面召會；
lyrics_db_text/db592.txt,24,表,充满基督，作祂表现，得与基督同样宝贵。,充滿基督，作祂表現，得與基督同樣寶貴。,充滿基督，作祂表現，得與基督同樣寶貴。
lyrics_db_text/db593.txt,8,表,但有基督作他奥秘，将他向人全然表明。,但有基督作他奧祕，將他向人全然表明。,但有基督作他奧祕，將他向人全然表明。
lyrics_db_text/db593.txt,15,发,基督是神本体真像，是神荣耀所发光辉；,基督是神本體真像，是神榮耀所發光輝；,基督是神本體真像，是神榮耀所發光輝；
lyrics_db_text/db593.txt,16,发里面,神的丰满住他里面，神之所是由他发挥。,神的豐滿住他裏面，神之所是由他發揮。,神的豐滿住他裏面，神之所是由他發揮。
lyrics_db_text/db593.txt,20,于,但有召会作他奥秘，到处将他显于人前。,但有召會作他奧祕，到處將他顯於人前。,但有召會作他奧祕，到處將他顯於人前。
lyrics_db_text/db593.txt,23,表,召会是他丰满表现，他是召会内容生命；,召會是他豐滿表現，他是召會內容生命；,召會是他豐滿表現，他是召會內容生命；
lyrics_db_text/db593.txt,24,借复,召会是他真实复本，他借召会向人显明。,召會是他真實複本，他借召會向人顯明。,召會是他真實複本，他借召會向人顯明。
lyrics_db_text/db593.txt,31,里面,父神乃在子神里面，子神且已成为那灵；,父神乃在子神裏面，子神且已成為那靈；,父神乃在子神裏面，子神且已成為那靈；
lyrics_db_text/db594.txt,7,表,身体乃是人的丰满，表现人生命；,身體乃是人的豐滿，表現人生命；,身體乃是人的豐滿，表現人生命；
lyrics_db_text/db594.txt,11,于,夏娃乃是亚当一部，出自于亚当；,夏娃乃是亞當一部，出自於亞當；,夏娃乃是亞當一部，出自於亞當；
lyrics_db_text/db594.txt,12,于,召会也是基督扩增，出于祂肋旁。,召會也是基督擴增，出於祂肋旁。,召會也是基督擴增，出於祂肋旁。
lyrics_db_text/db594.txt,19,复,照样基督死而复活，也得了繁生；,照樣基督死而復活，也得了繁生；,照樣基督死而復活，也得了繁生；
lyrics_db_text/db594.txt,20,表,许多信徒成为一身，来将祂表明。,許多信徒成為一身，來將祂表明。,許多信徒成為一身，來將祂表明。
lyrics_db_text/db594.txt,24,里面,与树合一，住树里面，结果显丰满。,與樹合一，住樹裏面，結果顯豐滿。,與樹合一，住樹裏面，結果顯豐滿。
lyrics_db_text/db594.txt,28,发里,与祂成一，活在祂里，使祂得发达。,與祂成一，活在祂裏，使祂得發達。,與祂成一，活在祂裏，使祂得發達。
lyrics_db_text/db594.txt,32,复表,长大与表现、复本、再世、,長大與表現、複本、再世、,長大與表現、複本、再世、
lyrics_db_text/db594.txt,33,余,继续、富余、扩大与丰满：,繼續、富餘、擴大與豐滿：,繼續、富餘、擴大與豐滿：
lyrics_db_text/db594.txt,36,于,这是召会之于基督，使神得荣耀；,這是召會之於基督，使神得榮耀；,這是召會之於基督，使神得榮耀；
lyrics_db_text/db594.txt,37,借,借着祂所救赎的人，永远来显照。,藉著祂所救贖的人，永遠來顯照。,藉着祂所救贖的人，永遠來顯照。
lyrics_db_text/db595.txt,8,表,犹如人的血肉身体，人在其中得着表现。,猶如人的血肉身體，人在其中得著表現。,猶如人的血肉身體，人在其中得着表現。
lyrics_db_text/db595.txt,11,于,如同圣殿之于约柜，是其容器、安息之所；,如同聖殿之於約櫃，是其容器、安息之所；,如同聖殿之於約櫃，是其容器、安息之所；
lyrics_db_text/db595.txt,15,表,基督乃是神的奥秘，将神解说，将神表现；,基督乃是神的奧祕，將神解說，將神表現；,基督乃是神的奧祕，將神解説，將神表現；
lyrics_db_text/db595.txt,19,于,基督召会所有肢体，原都属于泥土之类；,基督召會所有肢體，原都屬於泥土之類；,基督召會所有肢體，原都屬於泥土之類；
lyrics_db_text/db595.txt,23,借,借着变化同被建造，来作基督透明器皿；,藉著變化同被建造，來作基督透明器皿；,藉着變化同被建造，來作基督透明器皿；
lyrics_db_text/db595.txt,24,于,盛装基督所有丰盛，将他一切显于人群。,盛裝基督所有豐盛，將他一切顯於人群。,盛裝基督所有豐盛，將他一切顯於人羣。
lyrics_db_text/db595.txt,36,于,三一之神由她彰显，显于万有直到永久！,三一之神由她彰顯，顯於萬有直到永久！,三一之神由她彰顯，顯於萬有直到永久！
lyrics_db_text/db596.txt,2,台,召会－基督的灯台,召會－基督的燈臺,召會－基督的燈台
lyrics_db_text/db596.txt,7,台,召会乃是精金灯台，基督是灯，神是其光；,召會乃是精金燈臺，基督是燈，神是其光；,召會乃是精金燈台，基督是燈，神是其光；
lyrics_db_text/db596.txt,12,台,因此灯台须属精金，配合神的圣别荣光。,因此燈臺須屬精金，配合神的聖別榮光。,因此燈台須屬精金，配合神的聖別榮光。
lyrics_db_text/db596.txt,33,尽,‘温水’自满，尽都胜过，,‘溫水’自滿，盡都勝過，,‘温水’自滿，盡都勝過，
lyrics_db_text/db596.txt,37,台,召会必须如此纯洁，成为明净精金灯台，,召會必須如此純潔，成為明淨精金燈臺，,召會必須如此純潔，成為明淨精金燈台，
lyrics_db_text/db596.txt,41,台,地上各处地方召会，在这时代作这灯台；,地上各處地方召會，在這時代作這燈臺；,地上各處地方召會，在這時代作這燈台；
lyrics_db_text/db596.txt,42,台,将来圣城耶路撒冷，作这灯台直到万代。,將來聖城耶路撒冷，作這燈臺直到萬代。,將來聖城耶路撒冷，作這燈台直到萬代。
lyrics_db_text/db596.txt,45,台,圣城宝贵如同精金，作主灯台最终出现；,聖城寶貴如同精金，作主燈臺最終出現；,聖城寶貴如同精金，作主燈台最終出現；
lyrics_db_text/db597.txt,8,里面,要叫召会在子里面，得子名分成为圣；,要叫召會在子裏面，得子名分成為聖；,要叫召會在子裏面，得子名分成為聖；
lyrics_db_text/db597.txt,16,借,他借召会普及、曼延，召会彰显他完全。,他借召會普及、曼延，召會彰顯他完全。,他借召會普及、曼延，召會彰顯他完全。
lyrics_db_text/db597.txt,19,恶,原是死在罪恶之中，随从今世的风俗，,原是死在罪惡之中，隨從今世的風俗，,原是死在罪惡之中，隨從今世的風俗，
lyrics_db_text/db597.txt,21,复,今与基督一同复活，一同坐在高天上，,今與基督一同復活，一同坐在高天上，,今與基督一同復活，一同坐在高天上，
lyrics_db_text/db597.txt,22,里面,成为神的荣耀杰作，基督里面所独创。,成為神的榮耀傑作，基督裏面所獨創。,成為神的榮耀傑作，基督裏面所獨創。
lyrics_db_text/db597.txt,27,里面,在他里面同被建造，作神灵里的居所；,在他裏面同被建造，作神靈裏的居所；,在他裏面同被建造，作神靈裏的居所；
lyrics_db_text/db597.txt,28,里面,在灵里面彼此相调，给神定居享安乐。,在靈裏面彼此相調，給神定居享安樂。,在靈裏面彼此相調，給神定居享安樂。
lyrics_db_text/db597.txt,44,尽,成全圣徒各尽其职，爱中建造她自己。,成全聖徒各盡其職，愛中建造她自己。,成全聖徒各盡其職，愛中建造她自己。
lyrics_db_text/db597.txt,46,里,心思灵里得以更新，满有主神的形像。,心思靈裏得以更新，滿有主神的形像。,心思靈裏得以更新，滿有主神的形像。
lyrics_db_text/db597.txt,56,斗,召会不仅是这些；也是战士，为神争斗，,召會不僅是這些；也是戰士，為神爭鬥，,召會不僅是這些；也是戰士，為神爭鬥，
lyrics_db_text/db597.txt,60,里,第七节的‘心思灵里’，意思是在心思的灵里。,第七節的‘心思靈裏’，意思是在心思的靈裏。,第七節的‘心思靈裏’，意思是在心思的靈裏。
lyrics_db_text/db598.txt,13,复,她是新造的新人，基督复活所生；,她是新造的新人，基督復活所生；,她是新造的新人，基督復活所生；
lyrics_db_text/db598.txt,14,借里面,圣灵里面受了浸，借道之洗成圣。,聖靈裏面受了浸，借道之洗成聖。,聖靈裏面受了浸，借道之洗成聖。
lyrics_db_text/db598.txt,22,复里,在复活里被建造，全是金、银、宝石。,在復活裏被建造，全是金、銀、寶石。,在復活裏被建造，全是金、銀、寶石。
lyrics_db_text/db598.txt,27,里面,三一之神在里面，众人成为一身，,三一之神在裏面，眾人成為一身，,三一之神在裏面，眾人成為一身，
lyrics_db_text/db598.txt,28,借,借信联结，因洗断，凭望等候主临。,借信聯結，因洗斷，憑望等候主臨。,借信聯結，因洗斷，憑望等候主臨。
lyrics_db_text/db598.txt,34,只,没有卑下或高尚，只有新人‘基督’。,沒有卑下或高尚，只有新人‘基督’。,沒有卑下或高尚，只有新人‘基督’。
lyrics_db_text/db598.txt,45,台,基督是灯，神是光，她是灯台照明，,基督是燈，神是光，她是燈臺照明，,基督是燈，神是光，她是燈台照明，
lyrics_db_text/db599.txt,2,历,召会－历程,召會－歷程,召會－歷程
lyrics_db_text/db599.txt,8,里,作生命子粒，撒在人心里，,作生命子粒，撒在人心裏，,作生命子粒，撒在人心裏，
lyrics_db_text/db599.txt,9,面,要长成麦子，细面能产出，,要長成麥子，細麵能產出，,要長成麥子，細麵能產出，
lyrics_db_text/db599.txt,28,恶,给许多恶者作栖身之处。,給許多惡者作棲身之處。,給許多惡者作棲身之處。
lyrics_db_text/db599.txt,32,恶,带进来外邦邪恶的俗规，,帶進來外邦邪惡的俗規，,帶進來外邦邪惡的俗規，
lyrics_db_text/db599.txt,33,里面,如同将面酵搀在细面里，,如同將面酵攙在細麵裏，,如同將面酵攙在細麵裏，
lyrics_db_text/db599.txt,51,面,从我们除去所有的‘面酵’，,從我們除去所有的‘面酵’，,從我們除去所有的‘面酵’，
lyrics_db_text/db599.txt,55,里,使我们生长在你生命里，,使我們生長在你生命裏，,使我們生長在你生命裏，
lyrics_db_text/db6.txt,7,里,神，你是爱，你也是光，且在子里作生命；,神，你是愛，你也是光，且在子裏作生命；,神，你是愛，你也是光，且在子裏作生命；
lyrics_db_text/db6.txt,10,里,你是爱！你是光！且在子里作生命；,你是愛！你是光！且在子裏作生命；,你是愛！你是光！且在子裏作生命；
lyrics_db_text/db6.txt,14,借,爱重所是，光重所为，爱是借光而释放；,愛重所是，光重所為，愛是借光而釋放；,愛重所是，光重所為，愛是借光而釋放；
lyrics_db_text/db6.txt,15,于,光显于外，爱在于内，光是带爱而照亮。,光顯於外，愛在於內，光是帶愛而照亮。,光顯於外，愛在於內，光是帶愛而照亮。
lyrics_db_text/db6.txt,22,借里,爱叫你在子里来死，使我借祂得生命；,愛叫你在子裏來死，使我借祂得生命；,愛叫你在子裏來死，使我借祂得生命；
lyrics_db_text/db6.txt,23,借,光叫我能有所认识，使我借血得洁净。,光叫我能有所認識，使我借血得潔淨。,光叫我能有所認識，使我借血得潔淨。
lyrics_db_text/db6.txt,26,于,爱叫我们得着生命，有分于你的交通；,愛叫我們得著生命，有分於你的交通；,愛叫我們得着生命，有分於你的交通；
lyrics_db_text/db6.txt,31,里面,你的成分、爱的生命，在我里面就加多。,你的成分、愛的生命，在我裏面就加多。,你的成分、愛的生命，在我裏面就加多。
lyrics_db_text/db6.txt,38,尽,感谢不尽，赞美不已！父，你是爱又是光！,感謝不盡，讚美不已！父，你是愛又是光！,感謝不盡，讚美不已！父，你是愛又是光！
lyrics_db_text/db600.txt,8,里,内住圣灵将这合一放在所有圣徒里。,內住聖靈將這合一放在所有聖徒裏。,內住聖靈將這合一放在所有聖徒裏。
lyrics_db_text/db600.txt,9,于,因是出于圣灵自己，故称圣灵的合一；,因是出於聖靈自己，故稱聖靈的合一；,因是出於聖靈自己，故稱聖靈的合一；
lyrics_db_text/db600.txt,16,于,由于这个同得之信，始有召会的存立。,由於這個同得之信，始有召會的存立。,由於這個同得之信，始有召會的存立。
lyrics_db_text/db600.txt,20,表,各地召会也该是一，作主表现无分别。,各地召會也該是一，作主表現無分別。,各地召會也該是一，作主表現無分別。
lyrics_db_text/db600.txt,22,于,一信、一洗并一身体，一望由于神命定。,一信、一洗並一身體，一望由於神命定。,一信、一洗並一身體，一望由於神命定。
lyrics_db_text/db600.txt,27,借,借此，召会就能实行真正实际的合一，,藉此，召會就能實行真正實際的合一，,藉此，召會就能實行真正實際的合一，
lyrics_db_text/db600.txt,32,历,站在召会合一立场，身体生活来经历。,站在召會合一立場，身體生活來經歷。,站在召會合一立場，身體生活來經歷。
lyrics_db_text/db601.txt,20,只,只是守住信仰，来实行合一。,只是守住信仰，來實行合一。,只是守住信仰，來實行合一。
lyrics_db_text/db601.txt,21,里,在基督那灵里，我们确是一；,在基督那靈裏，我們確是一；,在基督那靈裏，我們確是一；
lyrics_db_text/db601.txt,22,只,只要保守这一，其他可放弃。,只要保守這一，其他可放棄。,只要保守這一，其他可放棄。
lyrics_db_text/db601.txt,27,里面,并在凡事长到基督的里面，,並在凡事長到基督的裏面，,並在凡事長到基督的裏面，
lyrics_db_text/db601.txt,34,借,好使身体增长，借着这合一。,好使身體增長，藉著這合一。,好使身體增長，藉着這合一。
lyrics_db_text/db602.txt,8,复,但你却为神所珍视，从死复活所设立。,但你卻為神所珍視，從死復活所設立。,但你卻為神所珍視，從死復活所設立。
lyrics_db_text/db602.txt,13,干,主，你也是属灵磐石，非仅为解人干渴，,主，你也是屬靈磐石，非僅為解人乾渴，,主，你也是屬靈磐石，非僅為解人乾渴，
lyrics_db_text/db602.txt,20,冲,虽经各种风雨冲撞，仍然屹立不灭没。,雖經各種風雨衝撞，仍然屹立不滅沒。,雖經各種風雨衝撞，仍然屹立不滅沒。
lyrics_db_text/db602.txt,27,系,同被建造成为灵宫，就是祭司的体系，,同被建造成為靈宮，就是祭司的體系，,同被建造成為靈宮，就是祭司的體系，
lyrics_db_text/db602.txt,32,尽,君王、祭司两职合一，你就得尽你职权。,君王、祭司兩職合一，你就得盡你職權。,君王、祭司兩職合一，你就得盡你職權。
lyrics_db_text/db602.txt,37,于,权柄出于神的宝座，使神子民能平定；,權柄出於神的寶座，使神子民能平定；,權柄出於神的寶座，使神子民能平定；
lyrics_db_text/db602.txt,44,里面,神在你里人间居住，在你里面得彰显。,神在你裏人間居住，在你裏面得彰顯。,神在你裏人間居住，在你裏面得彰顯。
lyrics_db_text/db602.txt,49,历,哦，你还是永久居所，我们历代的住处，,哦，你還是永久居所，我們歷代的住處，,哦，你還是永久居所，我們歷代的住處，
lyrics_db_text/db602.txt,50,里面,在你里面我们生活，得蒙永远的遮护。,在你裏面我們生活，得蒙永遠的遮護。,在你裏面我們生活，得蒙永遠的遮護。
lyrics_db_text/db603.txt,8,里,给你安居，由你充满，你在子里好得彰显。,給你安居，由你充滿，你在子裏好得彰顯。,給你安居，由你充滿，你在子裏好得彰顯。
lyrics_db_text/db603.txt,11,表,我们虽是你所创造，有你形像，作你代表，,我們雖是你所創造，有你形像，作你代表，,我們雖是你所創造，有你形像，作你代表，
lyrics_db_text/db603.txt,12,里面,不过仅是土造陋器，里面有灵，外面是体。,不過僅是土造陋器，裏面有靈，外面是體。,不過僅是土造陋器，裏面有靈，外面是體。
lyrics_db_text/db603.txt,27,里,主，我在此献上自己，求你接在建造手里，,主，我在此獻上自己，求你接在建造手裏，,主，我在此獻上自己，求你接在建造手裏，
lyrics_db_text/db605.txt,7,复,求主向我吹气，使我沉灵复起！,求主向我吹氣，使我沉靈復起！,求主向我吹氣，使我沉靈復起！
lyrics_db_text/db605.txt,8,复,脱离忧悒，胜过死寂，进入复兴境地。,脫離憂悒，勝過死寂，進入復興境地。,脱離憂悒，勝過死寂，進入復興境地。
lyrics_db_text/db606.txt,14,尽,守住等次，尽我功用，成全别人，不践踏。,守住等次，盡我功用，成全別人，不踐踏。,守住等次，盡我功用，成全別人，不踐踏。
lyrics_db_text/db607.txt,7,发,主啊，发言！主啊，吹气！,主啊，發言！主啊，吹氣！,主啊，發言！主啊，吹氣！
lyrics_db_text/db607.txt,9,发,求主发言并吹气！,求主發言並吹氣！,求主發言並吹氣！
lyrics_db_text/db607.txt,12,发,主啊，发言，主啊，吹气！,主啊，發言，主啊，吹氣！,主啊，發言，主啊，吹氣！
lyrics_db_text/db607.txt,13,复,吹进枯骨，使之复起，出离坟墓，脱开死地，,吹進枯骨，使之復起，出離墳墓，脫開死地，,吹進枯骨，使之復起，出離墳墓，脱開死地，
lyrics_db_text/db607.txt,14,发,求主发言并吹气！,求主發言並吹氣！,求主發言並吹氣！
lyrics_db_text/db607.txt,17,发,主啊，发言，主啊，吹气！,主啊，發言，主啊，吹氣！,主啊，發言，主啊，吹氣！
lyrics_db_text/db607.txt,19,发,求主发言并吹气！,求主發言並吹氣！,求主發言並吹氣！
lyrics_db_text/db607.txt,22,发,主啊，发言，主啊，吹气！,主啊，發言，主啊，吹氣！,主啊，發言，主啊，吹氣！
lyrics_db_text/db607.txt,24,发,求主发言并吹气！,求主發言並吹氣！,求主發言並吹氣！
lyrics_db_text/db607.txt,27,发,主啊，发言，主啊，吹气！,主啊，發言，主啊，吹氣！,主啊，發言，主啊，吹氣！
lyrics_db_text/db607.txt,29,发,求主发言并吹气！,求主發言並吹氣！,求主發言並吹氣！
lyrics_db_text/db607.txt,32,发复,向我发言，向我吹气！使我复苏，归回身体，,向我發言，向我吹氣！使我復甦，歸回身體，,向我發言，向我吹氣！使我復甦，歸回身體，
lyrics_db_text/db607.txt,36,发,向我发言，向我吹气！愿与众圣进攻仇敌，,向我發言，向我吹氣！願與眾聖進攻仇敵，,向我發言，向我吹氣！願與眾聖進攻仇敵，
lyrics_db_text/db608.txt,9,复,需要你来复苏并带回，,需要你來復蘇並帶回，,需要你來復蘇並帶回，
lyrics_db_text/db608.txt,10,里面,使我活在身体里面。,使我活在身體裏面。,使我活在身體裏面。
lyrics_db_text/db608.txt,21,复,需要你来复兴并抚慰，,需要你來復興並撫慰，,需要你來復興並撫慰，
lyrics_db_text/db608.txt,32,尽,使我脱尽死枯、离散；,使我脫盡死枯、離散；,使我脱盡死枯、離散；
lyrics_db_text/db608.txt,34,里面,完全活在身体里面。,完全活在身體裏面。,完全活在身體裏面。
lyrics_db_text/db609.txt,15,表,约柜预表神人基督，神、人相调如金包木；,約櫃預表神人基督，神、人相調如金包木；,約櫃預表神人基督，神、人相調如金包木；
lyrics_db_text/db609.txt,16,表里面,十诫指神具体表现，完全住在基督里面。,十誡指神具體表現，完全住在基督裏面。,十誡指神具體表現，完全住在基督裏面。
lyrics_db_text/db609.txt,20,里面,神是住在基督里面，基督住在召会中间。,神是住在基督裏面，基督住在召會中間。,神是住在基督裏面，基督住在召會中間。
lyrics_db_text/db609.txt,31,面,召会也是圣徒集成，基督救赎上面立定；,召會也是聖徒集成，基督救贖上面立定；,召會也是聖徒集成，基督救贖上面立定；
lyrics_db_text/db609.txt,32,系里面,神性里面圣灵联系，彼此配搭，建造一起。,神性裏面聖靈聯繫，彼此配搭，建造一起。,神性裏面聖靈聯繫，彼此配搭，建造一起。
lyrics_db_text/db609.txt,35,表,帐幕上盖四层罩棚，预表基督各种情形；,帳幕上蓋四層罩棚，預表基督各種情形；,帳幕上蓋四層罩棚，預表基督各種情形；
lyrics_db_text/db609.txt,44,里,神在主里，主在召会，你这蓝图何其宝贵！,神在主裏，主在召會，你這藍圖何其寶貴！,神在主裏，主在召會，你這藍圖何其寶貴！
lyrics_db_text/db61.txt,32,复,使我复生，使我明亮，使我得释放。,使我復生，使我明亮，使我得釋放。,使我復生，使我明亮，使我得釋放。
lyrics_db_text/db61.txt,35,冲复,你是复活、你是大能，冲破坟墓，胜过幽冥，,你是復活、你是大能，衝破墳墓，勝過幽冥，,你是復活、你是大能，衝破墳墓，勝過幽冥，
lyrics_db_text/db61.txt,47,面,你是祭司、你是君王，将我带进神的面光；,你是祭司、你是君王，將我帶進神的面光；,你是祭司、你是君王，將我帶進神的面光；
lyrics_db_text/db61.txt,56,尽,活道、灵磐、日头、盾牌、居所、靠山，何人能尽言！,活道、靈磐、日頭、盾牌、居所、靠山，何人能盡言！,活道、靈磐、日頭、盾牌、居所、靠山，何人能盡言！
lyrics_db_text/db61.txt,60,只,丰满、完全！岂只应付我的缺欠！且从我溢漫！,豐滿、完全！豈只應付我的缺欠！且從我溢漫！,豐滿、完全！豈只應付我的缺欠！且從我溢漫！
lyrics_db_text/db610.txt,8,里,使我能和众人灵里相调，,使我能和眾人靈裏相調，,使我能和眾人靈裏相調，
lyrics_db_text/db610.txt,15,里面,我在自己里面，又深又久，,我在自己裏面，又深又久，,我在自己裏面，又深又久，
lyrics_db_text/db610.txt,20,里面,从我自己里面完全出来，,從我自己裏面完全出來，,從我自己裏面完全出來，
lyrics_db_text/db610.txt,26,干,使我脱离孤独，脱离干枯；,使我脫離孤獨，脫離乾枯；,使我脱離孤獨，脱離乾枯；
lyrics_db_text/db611.txt,7,里,我今渴慕灵里的交通！渴慕灵里彼此相调，,我今渴慕靈裏的交通！渴慕靈裏彼此相調，,我今渴慕靈裏的交通！渴慕靈裏彼此相調，
lyrics_db_text/db611.txt,8,里,渴慕脱离单独的作风，渴慕灵里同被建造。,渴慕脫離單獨的作風，渴慕靈裏同被建造。,渴慕脱離單獨的作風，渴慕靈裏同被建造。
lyrics_db_text/db611.txt,11,里,我真渴慕灵里的交通！渴慕灵能向人敞开，,我真渴慕靈裏的交通！渴慕靈能向人敞開，,我真渴慕靈裏的交通！渴慕靈能向人敞開，
lyrics_db_text/db611.txt,15,里,我实渴慕灵里的交通！渴慕灵能完全出来，,我實渴慕靈裏的交通！渴慕靈能完全出來，,我實渴慕靈裏的交通！渴慕靈能完全出來，
lyrics_db_text/db611.txt,19,里,我甚渴慕灵里的交通！渴慕灵能同人祷告，,我甚渴慕靈裏的交通！渴慕靈能同人禱告，,我甚渴慕靈裏的交通！渴慕靈能同人禱告，
lyrics_db_text/db611.txt,23,里,我极渴慕灵里的交通！渴慕交通平衡权柄，,我極渴慕靈裏的交通！渴慕交通平衡權柄，,我極渴慕靈裏的交通！渴慕交通平衡權柄，
lyrics_db_text/db612.txt,11,里,灵里祷告，神前事奉，我愿如此供圣职。,靈裏禱告，神前事奉，我願如此供聖職。,靈裏禱告，神前事奉，我願如此供聖職。
lyrics_db_text/db612.txt,15,尽,并且肯尽祭司职分，召会才能被建造。,並且肯盡祭司職分，召會纔能被建造。,並且肯盡祭司職分，召會纔能被建造。
lyrics_db_text/db612.txt,19,系,且须编成祭司体系，才是真正被建造。,且須編成祭司體系，纔是真正被建造。,且須編成祭司體系，纔是真正被建造。
lyrics_db_text/db612.txt,27,面,很少倚重祭司祷告，在神面前运用灵。,很少倚重祭司禱告，在神面前運用靈。,很少倚重祭司禱告，在神面前運用靈。
lyrics_db_text/db612.txt,34,里,惟有如此事奉、祷告，叫人灵里得相调，,惟有如此事奉、禱告，叫人靈裏得相調，,惟有如此事奉、禱告，叫人靈裏得相調，
lyrics_db_text/db613.txt,19,里,祭司调在帐幕里，帐幕、祭司成一体。,祭司調在帳幕裏，帳幕、祭司成一體。,祭司調在帳幕裏，帳幕、祭司成一體。
lyrics_db_text/db613.txt,23,系,灵宫建造的实际，就是祭司的体系。,靈宮建造的實際，就是祭司的體系。,靈宮建造的實際，就是祭司的體系。
lyrics_db_text/db613.txt,27,尽,祭司尽职常事奉，召会建造就完成。,祭司盡職常事奉，召會建造就完成。,祭司盡職常事奉，召會建造就完成。
lyrics_db_text/db613.txt,31,里,在神这一交通里，圣徒建造在一起。,在神這一交通裏，聖徒建造在一起。,在神這一交通裏，聖徒建造在一起。
lyrics_db_text/db613.txt,34,里,惟有如此被建造，灵里相调同祷告，,惟有如此被建造，靈裏相調同禱告，,惟有如此被建造，靈裏相調同禱告，
lyrics_db_text/db613.txt,35,系,成为祭司的体系，才能向神献灵祭。,成為祭司的體系，纔能向神獻靈祭。,成為祭司的體系，纔能向神獻靈祭。
lyrics_db_text/db615.txt,23,谷,虽经巴迦，流泪之谷，亦使变成泉源之地，,雖經巴迦，流淚之谷，亦使變成泉源之地，,雖經巴迦，流淚之谷，亦使變成泉源之地，
lyrics_db_text/db615.txt,32,恶,宁在你殿看门守候，不在恶人帐棚住留。,寧在你殿看門守候，不在惡人帳棚住留。,寧在你殿看門守候，不在惡人帳棚住留。
lyrics_db_text/db615.txt,40,尽,倚靠你的，便为有福，必得恩惠、荣耀无尽。,倚靠你的，便為有福，必得恩惠、榮耀無盡。,倚靠你的，便為有福，必得恩惠、榮耀無盡。
lyrics_db_text/db617.txt,7,于,生命活物出于基督，同一生命，无法单独；,生命活物出於基督，同一生命，無法單獨；,生命活物出於基督，同一生命，無法單獨；
lyrics_db_text/db617.txt,18,里,单纯无杂，正直不曲，灵中柔和，心里谦虚；,單純無雜，正直不曲，靈中柔和，心裏謙虛；,單純無雜，正直不曲，靈中柔和，心裏謙虛；
lyrics_db_text/db617.txt,22,尽,结得坚固，联得合式，彼此成全，各尽各职；,結得堅固，聯得合式，彼此成全，各盡各職；,結得堅固，聯得合式，彼此成全，各盡各職；
lyrics_db_text/db617.txt,23,致,功用虽异，行动一致，成全神的荣耀启示。,功用雖異，行動一致，成全神的榮耀啟示。,功用雖異，行動一致，成全神的榮耀啓示。
lyrics_db_text/db617.txt,31,借,神的宝座借此掌权，主的荣形在此彰显。,神的寶座藉此掌權，主的榮形在此彰顯。,神的寶座藉此掌權，主的榮形在此彰顯。
lyrics_db_text/db618.txt,7,里,圣徒在基督里，互相作肢体，,聖徒在基督裏，互相作肢體，,聖徒在基督裏，互相作肢體，
lyrics_db_text/db618.txt,23,尽,各尽各的职事，各显各功用；,各盡各的職事，各顯各功用；,各盡各的職事，各顯各功用；
lyrics_db_text/db618.txt,24,尽松,个个都不松弛，个个都尽忠。,個個都不鬆弛，個個都盡忠。,個個都不鬆弛，個個都盡忠。
lyrics_db_text/db618.txt,27,系,互相供应联系，彼此多包容；,互相供應聯繫，彼此多包容；,互相供應聯繫，彼此多包容；
lyrics_db_text/db619.txt,7,于,出于神性的活物，彰显荣耀的基督；,出於神性的活物，彰顯榮耀的基督；,出於神性的活物，彰顯榮耀的基督；
lyrics_db_text/db619.txt,13,借,神圣的计划借此完成。,神聖的計劃藉此完成。,神聖的計劃藉此完成。
lyrics_db_text/db619.txt,22,发,能从无亏的良心，发出见证的声音；,能從無虧的良心，發出見證的聲音；,能從無虧的良心，發出見證的聲音；
lyrics_db_text/db619.txt,23,发,如此发声并静听，神的举动得推行。,如此發聲並靜聽，神的舉動得推行。,如此發聲並靜聽，神的舉動得推行。
lyrics_db_text/db620.txt,7,云,圣灵的大云，圣别的烈火，,聖靈的大雲，聖別的烈火，,聖靈的大雲，聖別的烈火，
lyrics_db_text/db620.txt,8,借,显出光耀精金神性；借此，,顯出光耀精金神性；藉此，,顯出光耀精金神性；藉此，
lyrics_db_text/db620.txt,10,于,神的生命显于人形。,神的生命顯於人形。,神的生命顯於人形。
lyrics_db_text/db620.txt,32,尽,各尽其职，不需转调。,各盡其職，不需轉調。,各盡其職，不需轉調。
lyrics_db_text/db620.txt,40,致,行动一致，动中有灵。,行動一致，動中有靈。,行動一致，動中有靈。
lyrics_db_text/db620.txt,44,发,能以发声，也能静听；,能以發聲，也能靜聽；,能以發聲，也能靜聽；
lyrics_db_text/db620.txt,45,发表,发声由配搭，使神得发表，,發聲由配搭，使神得發表，,發聲由配搭，使神得發表，
lyrics_db_text/db620.txt,46,征,也像军队将敌克征。,也像軍隊將敵克徵。,也像軍隊將敵克徵。
lyrics_db_text/db621.txt,7,系,福哉以爱联系，圣徒心心相契；,福哉以愛聯繫，聖徒心心相契；,福哉以愛聯繫，聖徒心心相契；
lyrics_db_text/db622.txt,14,借,借此饱尝主恩，满心感赞！,藉此飽嘗主恩，滿心感讚！,藉此飽嘗主恩，滿心感讚！
lyrics_db_text/db623.txt,15,只,只受你的十架指引，服你所有旨意，,只受你的十架指引，服你所有旨意，,只受你的十架指引，服你所有旨意，
lyrics_db_text/db624.txt,7,余,每逢聚集带来基督，将祂所赐有余丰富，,每逢聚集帶來基督，將祂所賜有餘豐富，,每逢聚集帶來基督，將祂所賜有餘豐富，
lyrics_db_text/db624.txt,15,借,借祂丰富彼此结联，为要展览基督。,借祂豐富彼此結聯，為要展覽基督。,借祂豐富彼此結聯，為要展覽基督。
lyrics_db_text/db624.txt,18,历,凡我所是、所行、所历，都是基督作我实际，,凡我所是、所行、所歷，都是基督作我實際，,凡我所是、所行、所歷，都是基督作我實際，
lyrics_db_text/db624.txt,26,复,复活基督作神馨香，升天基督向神举上，,復活基督作神馨香，升天基督向神舉上，,復活基督作神馨香，升天基督向神舉上，
lyrics_db_text/db625.txt,12,干里,在此多人灵里干燥，多人心里需要光照；,在此多人靈裏乾燥，多人心裏需要光照；,在此多人靈裏乾燥，多人心裏需要光照；
lyrics_db_text/db625.txt,14,复,使人复兴，爱你更深，使人自审，追求上进。,使人復興，愛你更深，使人自審，追求上進。,使人復興，愛你更深，使人自審，追求上進。
lyrics_db_text/db625.txt,17,里面,愿你使我里面刚强，使我脱离外面捆绑；,願你使我裏面剛強，使我脫離外面捆綁；,願你使我裏面剛強，使我脱離外面捆綁；
lyrics_db_text/db625.txt,18,里,使我灵里更有能力，使我心里更脱自己；,使我靈裏更有能力，使我心裏更脫自己；,使我靈裏更有能力，使我心裏更脱自己；
lyrics_db_text/db625.txt,19,借,使你生命在我成形，使你旨意借我通行。,使你生命在我成形，使你旨意借我通行。,使你生命在我成形，使你旨意借我通行。
lyrics_db_text/db626.txt,16,只里面,不需外面挣扎事奉，只需回到灵里。,不需外面掙扎事奉，只需回到靈裏。,不需外面掙扎事奉，只需回到靈裏。
lyrics_db_text/db626.txt,23,里面,我们照着里面感觉，在此向你敬拜；,我們照著裏面感覺，在此向你敬拜；,我們照着裏面感覺，在此向你敬拜；
lyrics_db_text/db626.txt,24,借表,借着你灵涂抹、运行，将你表明出来。,藉著你靈塗抹、運行，將你表明出來。,藉着你靈塗抹、運行，將你表明出來。
lyrics_db_text/db626.txt,31,历,我们向你献上基督，就是我所经历；,我們向你獻上基督，就是我所經歷；,我們向你獻上基督，就是我所經歷；
lyrics_db_text/db627.txt,28,借,生命与人数都借他而增。,生命與人數都借他而增。,生命與人數都借他而增。
lyrics_db_text/db627.txt,32,借发表,都要叫基督借灵得发表；,都要叫基督借靈得發表；,都要叫基督借靈得發表；
lyrics_db_text/db627.txt,38,借,借着他恩膏祷告并赞颂；,藉著他恩膏禱告並讚頌；,藉着他恩膏禱告並讚頌；
lyrics_db_text/db627.txt,43,于只,一切全忘掉，只忠于基督，,一切全忘掉，只忠於基督，,一切全忘掉，只忠於基督，
lyrics_db_text/db628.txt,32,借,借着洗罪宝血，并主大能名。,藉著洗罪寶血，並主大能名。,藉着洗罪寶血，並主大能名。
lyrics_db_text/db628.txt,39,借,乃是借着用灵，基督被见证；,乃是藉著用靈，基督被見證；,乃是藉着用靈，基督被見證；
lyrics_db_text/db628.txt,40,借,乃是借着用灵，人们得供应。,乃是藉著用靈，人們得供應。,乃是藉着用靈，人們得供應。
lyrics_db_text/db629.txt,2,尽,聚会－尽功用,聚會－盡功用,聚會－盡功用
lyrics_db_text/db629.txt,8,尽,各都学习尽功用，显出他的丰富。,各都學習盡功用，顯出他的豐富。,各都學習盡功用，顯出他的豐富。
lyrics_db_text/db629.txt,10,只,不带死亡或损伤，只带有益交通。,不帶死亡或損傷，只帶有益交通。,不帶死亡或損傷，只帶有益交通。
lyrics_db_text/db629.txt,16,只,永不带进分离来，只供圣灵所授。,永不帶進分離來，只供聖靈所授。,永不帶進分離來，只供聖靈所授。
lyrics_db_text/db629.txt,20,于,共同交通于基督，分享他的宏恩。,共同交通於基督，分享他的宏恩。,共同交通於基督，分享他的宏恩。
lyrics_db_text/db629.txt,28,借,借恩灵中受过训，活出身体事奉。,借恩靈中受過訓，活出身體事奉。,借恩靈中受過訓，活出身體事奉。
lyrics_db_text/db63.txt,8,里,得救罪人，心里所念，无一像你这甜。,得救罪人，心裏所念，無一像你這甜。,得救罪人，心裏所念，無一像你這甜。
lyrics_db_text/db63.txt,11,表,神来为人，所表恩义，你名包含无遗，,神來為人，所表恩義，你名包含無遺，,神來為人，所表恩義，你名包含無遺，
lyrics_db_text/db63.txt,15,表,‘耶稣’这名表明大爱，如何忍受祸害，,‘耶穌’這名錶明大愛，如何忍受禍害，,‘耶穌’這名錶明大愛，如何忍受禍害，
lyrics_db_text/db63.txt,20,后,你舍你身，来得我心，今后你重我轻。,你舍你身，來得我心，今後你重我輕。,你舍你身，來得我心，今後你重我輕。
lyrics_db_text/db630.txt,8,发,离去前，赞美还要向你发；,離去前，讚美還要向你發；,離去前，讚美還要向你發；
lyrics_db_text/db630.txt,13,于,你话对于我，是灵、是生命，,你話對於我，是靈、是生命，,你話對於我，是靈、是生命，
lyrics_db_text/db630.txt,20,里,使我在灵里行动并生活，,使我在靈裏行動並生活，,使我在靈裏行動並生活，
lyrics_db_text/db630.txt,21,里,并将我保守在你交通里，,並將我保守在你交通裏，,並將我保守在你交通裏，
lyrics_db_text/db630.txt,22,借,直到借你恩，我们再聚集。,直到借你恩，我們再聚集。,直到借你恩，我們再聚集。
lyrics_db_text/db631.txt,15,里,那在你灵里维持的能力，,那在你靈裏維持的能力，,那在你靈裏維持的能力，
lyrics_db_text/db632.txt,10,尽,直到仇敌全灭尽，人尊主名为圣。,直到仇敵全滅盡，人尊主名為聖。,直到仇敵全滅盡，人尊主名為聖。
lyrics_db_text/db633.txt,7,征,前进！基督精兵，前进！如出征；,前進！基督精兵，前進！如出征；,前進！基督精兵，前進！如出征；
lyrics_db_text/db633.txt,12,征,前进！基督精兵，前进！如出征；,前進！基督精兵，前進！如出征；,前進！基督精兵，前進！如出征；
lyrics_db_text/db633.txt,22,征,基督召会出征，势如大军队：,基督召會出徵，勢如大軍隊：,基督召會出徵，勢如大軍隊：
lyrics_db_text/db633.txt,23,后,古圣在前先行，我们在后随；,古聖在前先行，我們在後隨；,古聖在前先行，我們在後隨；
lyrics_db_text/db634.txt,2,冲,属灵的争战－冲过,屬靈的爭戰－衝過,屬靈的爭戰－衝過
lyrics_db_text/db634.txt,7,冲,冲过！战士哪，冲过！前线正在开火；,衝過！戰士哪，衝過！前線正在開火；,衝過！戰士哪，衝過！前線正在開火；
lyrics_db_text/db634.txt,13,冲,‘冲过！战士哪，冲过！仰起你头看我；,‘衝過！戰士哪，衝過！仰起你頭看我；,‘衝過！戰士哪，衝過！仰起你頭看我；
lyrics_db_text/db634.txt,16,后,主已知道仇敌迫，前后四围布满！,主已知道仇敵迫，前後四圍佈滿！,主已知道仇敵迫，前後四圍佈滿！
lyrics_db_text/db634.txt,19,冲,‘冲过！战士哪，冲过！你要登我宝座；,‘衝過！戰士哪，衝過！你要登我寶座；,‘衝過！戰士哪，衝過！你要登我寶座；
lyrics_db_text/db634.txt,20,复,使我复活的能力，会使你灵超脱。,使我復活的能力，會使你靈超脫。,使我復活的能力，會使你靈超脱。
lyrics_db_text/db634.txt,21,借,借我你要得权能，借我你要得胜，,借我你要得權能，借我你要得勝，,借我你要得權能，借我你要得勝，
lyrics_db_text/db634.txt,22,借,借我你要唱凯歌，借我你要高升’。,借我你要唱凱歌，借我你要高升’。,借我你要唱凱歌，借我你要高升’。
lyrics_db_text/db634.txt,25,冲,‘冲过！战士哪，冲过！你要登我宝座；,‘衝過！戰士哪，衝過！你要登我寶座；,‘衝過！戰士哪，衝過！你要登我寶座；
lyrics_db_text/db634.txt,27,复,我们与祂同复活，同升天上坐着，,我們與祂同復活，同升天上坐著，,我們與祂同復活，同升天上坐着，
lyrics_db_text/db634.txt,28,恶,远离战场的喊声，远离绑人罪恶。,遠離戰場的喊聲，遠離綁人罪惡。,遠離戰場的喊聲，遠離綁人罪惡。
lyrics_db_text/db634.txt,31,冲,冲过！战士哪，冲过！你要登主宝座；,衝過！戰士哪，衝過！你要登主寶座；,衝過！戰士哪，衝過！你要登主寶座；
lyrics_db_text/db634.txt,37,冲面,冲过！欢呼着冲过！前面就是宝座！,衝過！歡呼著衝過！前面就是寶座！,衝過！歡呼着衝過！前面就是寶座！
lyrics_db_text/db635.txt,19,借,要借虚荣、世俗、人情，使你狂放失信心；,要借虛榮、世俗、人情，使你狂放失信心；,要借虛榮、世俗、人情，使你狂放失信心；
lyrics_db_text/db635.txt,22,于,当你困于烦琐事务，虽然劳碌无所补，,當你困於煩瑣事務，雖然勞碌無所補，,當你困於煩瑣事務，雖然勞碌無所補，
lyrics_db_text/db635.txt,33,后,此后，我王就要凯旋，在这世界掌王权；,此後，我王就要凱旋，在這世界掌王權；,此後，我王就要凱旋，在這世界掌王權；
lyrics_db_text/db635.txt,34,后,此后，万国都要归顺，颂扬耶稣并敬尊。,此後，萬國都要歸順，頌揚耶穌並敬尊。,此後，萬國都要歸順，頌揚耶穌並敬尊。
lyrics_db_text/db636.txt,7,恶,邪恶之日要站住，人说什么不必顾，,邪惡之日要站住，人說什麼不必顧，,邪惡之日要站住，人説什麼不必顧，
lyrics_db_text/db637.txt,2,里,属灵的争战－在身体里,屬靈的爭戰－在身體裏,屬靈的爭戰－在身體裏
lyrics_db_text/db637.txt,7,里面,争战要在身体里面，永勿单独去迎敌；,爭戰要在身體裏面，永勿單獨去迎敵；,爭戰要在身體裏面，永勿單獨去迎敵；
lyrics_db_text/db637.txt,8,于,同着身体联于元首，宝座之上将敌袭。,同著身體聯於元首，寶座之上將敵襲。,同着身體聯於元首，寶座之上將敵襲。
lyrics_db_text/db637.txt,10,借里面,争战要在身体里面，借着元首的功绩；,爭戰要在身體裏面，藉著元首的功績；,爭戰要在身體裏面，藉着元首的功績；
lyrics_db_text/db637.txt,19,恶,乃是身体得被建造，才能抵挡众恶魔。,乃是身體得被建造，纔能抵擋眾惡魔。,乃是身體得被建造，纔能抵擋眾惡魔。
lyrics_db_text/db637.txt,23,恶斗松,与执政者并众恶魔，摔跤奋斗不松懈。,與執政者並眾惡魔，摔跤奮鬥不鬆懈。,與執政者並眾惡魔，摔跤奮鬥不鬆懈。
lyrics_db_text/db637.txt,30,余借,坐在天上得胜有余，借主力量的大能，,坐在天上得勝有餘，借主力量的大能，,坐在天上得勝有餘，借主力量的大能，
lyrics_db_text/db637.txt,31,里面,在主里面，同众作战，如同军队一兵丁。,在主裏面，同眾作戰，如同軍隊一兵丁。,在主裏面，同眾作戰，如同軍隊一兵丁。
lyrics_db_text/db637.txt,34,征恶,凭着身体向前进攻，恶者必由你征服；,憑著身體向前進攻，惡者必由你征服；,憑着身體向前進攻，惡者必由你征服；
lyrics_db_text/db638.txt,8,恶致,致命凶恶虽在包围，祂作帮助我何畏。,致命兇惡雖在包圍，祂作幫助我何畏。,致命兇惡雖在包圍，祂作幫助我何畏。
lyrics_db_text/db638.txt,14,斗,我们若靠自己力量，奋斗争战必失败；,我們若靠自己力量，奮鬥爭戰必失敗；,我們若靠自己力量，奮鬥爭戰必失敗；
lyrics_db_text/db638.txt,22,借,但是我神定规借我使祂真理得奏凯。,但是我神定規借我使祂真理得奏凱。,但是我神定規借我使祂真理得奏凱。
lyrics_db_text/db639.txt,8,发,你当坚信主话，并发歌声。,你當堅信主話，並發歌聲。,你當堅信主話，並發歌聲。
lyrics_db_text/db639.txt,11,只,只要呼喊一声，就要得胜，,只要呼喊一聲，就要得勝，,只要呼喊一聲，就要得勝，
lyrics_db_text/db639.txt,16,借,你若借血祷告，就要高升。,你若借血禱告，就要高升。,你若借血禱告，就要高升。
lyrics_db_text/db639.txt,23,发,所以应当发声，证明主胜，,所以應當發聲，證明主勝，,所以應當發聲，證明主勝，
lyrics_db_text/db64.txt,10,恶,拯救我们脱罪恶；当我接受你作救主，,拯救我們脫罪惡；當我接受你作救主，,拯救我們脱罪惡；當我接受你作救主，
lyrics_db_text/db64.txt,21,借,借恩神与人性调和，永远不能再分开。,借恩神與人性調和，永遠不能再分開。,借恩神與人性調和，永遠不能再分開。
lyrics_db_text/db641.txt,25,借,谁愿一直前进，借主大能？,誰願一直前進，借主大能？,誰願一直前進，借主大能？
lyrics_db_text/db641.txt,32,历尽,历尽百般苦恼，并不回顾？,歷盡百般苦惱，並不回顧？,歷盡百般苦惱，並不回顧？
lyrics_db_text/db642.txt,9,只,不要使用血气兵器，只用圣灵宝剑；,不要使用血氣兵器，只用聖靈寶劍；,不要使用血氣兵器，只用聖靈寶劍；
lyrics_db_text/db642.txt,10,尽,穿上神的军装服役，灭尽仇敌火箭。,穿上神的軍裝服役，滅盡仇敵火箭。,穿上神的軍裝服役，滅盡仇敵火箭。
lyrics_db_text/db642.txt,14,面,四面黑暗，争战紧急，故当靠主抵挡！,四面黑暗，爭戰緊急，故當靠主抵擋！,四面黑暗，爭戰緊急，故當靠主抵擋！
lyrics_db_text/db642.txt,15,后,你若退后，怕仇敌凶，一人牵动全军；,你若退後，怕仇敵兇，一人牽動全軍；,你若退後，怕仇敵兇，一人牽動全軍；
lyrics_db_text/db643.txt,2,借,属灵的争战－借主的得胜,屬靈的爭戰－借主的得勝,屬靈的爭戰－借主的得勝
lyrics_db_text/db643.txt,22,于,荣耀归于主名！,榮耀歸於主名！,榮耀歸於主名！
lyrics_db_text/db644.txt,2,借,属灵的争战－借主的得胜,屬靈的爭戰－借主的得勝,屬靈的爭戰－借主的得勝
lyrics_db_text/db644.txt,19,于借,因借耶稣，完全得胜，成于各各他。,因借耶穌，完全得勝，成於各各他。,因借耶穌，完全得勝，成於各各他。
lyrics_db_text/db644.txt,23,征,无论何处，他有遣征，当应命勿畏。,無論何處，他有遣徵，當應命勿畏。,無論何處，他有遣徵，當應命勿畏。
lyrics_db_text/db645.txt,2,借,属灵的争战－借主的权柄,屬靈的爭戰－借主的權柄,屬靈的爭戰－借主的權柄
lyrics_db_text/db645.txt,7,复,天上地下所有权柄，都已赐给复活基督；,天上地下所有權柄，都已賜給復活基督；,天上地下所有權柄，都已賜給復活基督；
lyrics_db_text/db645.txt,11,借,你当借主说你必定胜过魔鬼一切能力！,你當借主說你必定勝過魔鬼一切能力！,你當借主説你必定勝過魔鬼一切能力！
lyrics_db_text/db645.txt,15,里,管你什么，你这高山！管你那里，或天或地！,管你什麼，你這高山！管你那裏，或天或地！,管你什麼，你這高山！管你那裏，或天或地！
lyrics_db_text/db645.txt,19,里,信心命你离开此地，你当顺服投在海里！,信心命你離開此地，你當順服投在海裏！,信心命你離開此地，你當順服投在海裏！
lyrics_db_text/db646.txt,2,借,属灵的争战－借血,屬靈的爭戰－借血,屬靈的爭戰－借血
lyrics_db_text/db646.txt,7,借恶,要借基督得胜宝血，胜过凶恶的仇敌；,要借基督得勝寶血，勝過兇惡的仇敵；,要借基督得勝寶血，勝過兇惡的仇敵；
lyrics_db_text/db646.txt,8,借,借其功效和其能力，你就必定得胜利。,借其功效和其能力，你就必定得勝利。,借其功效和其能力，你就必定得勝利。
lyrics_db_text/db646.txt,10,借恶,要借基督得胜宝血，胜过凶恶的仇敌；,要借基督得勝寶血，勝過兇惡的仇敵；,要借基督得勝寶血，勝過兇惡的仇敵；
lyrics_db_text/db646.txt,11,借,借其功效和其能力，你就必定得胜利。,借其功效和其能力，你就必定得勝利。,借其功效和其能力，你就必定得勝利。
lyrics_db_text/db646.txt,14,借,要借基督得胜宝血，抵挡狡诈控告者；,要借基督得勝寶血，抵擋狡詐控告者；,要借基督得勝寶血，抵擋狡詐控告者；
lyrics_db_text/db646.txt,15,借,借这为你辩护之血，拒绝谗者的指责。,借這為你辯護之血，拒絕讒者的指責。,借這為你辯護之血，拒絕讒者的指責。
lyrics_db_text/db646.txt,18,借,要借基督得胜宝血，信神可靠的信实；,要借基督得勝寶血，信神可靠的信實；,要借基督得勝寶血，信神可靠的信實；
lyrics_db_text/db646.txt,22,借,要借基督得胜宝血，现今宣告你地位；,要借基督得勝寶血，現今宣告你地位；,要借基督得勝寶血，現今宣告你地位；
lyrics_db_text/db646.txt,23,借,借这永远得胜之血，迫使仇敌全败退。,借這永遠得勝之血，迫使仇敵全敗退。,借這永遠得勝之血，迫使仇敵全敗退。
lyrics_db_text/db646.txt,26,借,要借基督得胜宝血，完全取用他权柄；,要借基督得勝寶血，完全取用他權柄；,要借基督得勝寶血，完全取用他權柄；
lyrics_db_text/db646.txt,27,只,只要应用耶稣之血，你就必定能得胜。,只要應用耶穌之血，你就必定能得勝。,只要應用耶穌之血，你就必定能得勝。
lyrics_db_text/db646.txt,30,借,要借基督得胜宝血，坐在属天的境界；,要借基督得勝寶血，坐在屬天的境界；,要借基督得勝寶血，坐在屬天的境界；
lyrics_db_text/db646.txt,31,借,借着升天基督权能，将你仇敌全缴械。,藉著升天基督權能，將你仇敵全繳械。,藉着升天基督權能，將你仇敵全繳械。
lyrics_db_text/db647.txt,8,尽,愿否作主忠心从者，路虽不尽晓？,願否作主忠心從者，路雖不盡曉？,願否作主忠心從者，路雖不盡曉？
lyrics_db_text/db647.txt,27,恶,胜过所有邪恶混杂，必得主‘权柄’。,勝過所有邪惡混雜，必得主‘權柄’。,勝過所有邪惡混雜，必得主‘權柄’。
lyrics_db_text/db647.txt,35,尽,遵守‘主的忍耐之道’，尽上你所能。,遵守‘主的忍耐之道’，盡上你所能。,遵守‘主的忍耐之道’，盡上你所能。
lyrics_db_text/db647.txt,39,于,切勿满意于你所有，需更有所得。,切勿滿意於你所有，需更有所得。,切勿滿意於你所有，需更有所得。
lyrics_db_text/db648.txt,19,里面,使我作个得胜者，里面充满了你。,使我作個得勝者，裏面充滿了你。,使我作個得勝者，裏面充滿了你。
lyrics_db_text/db648.txt,23,冲,来冲阴府的境界，与祂同登宝座。,來衝陰府的境界，與祂同登寶座。,來衝陰府的境界，與祂同登寶座。
lyrics_db_text/db648.txt,25,借,使我作个得胜者，借着你的圣言。,使我作個得勝者，藉著你的聖言。,使我作個得勝者，藉着你的聖言。
lyrics_db_text/db649.txt,7,后,撒但早已定规抵敌我神的后裔；,撒但早已定規抵敵我神的後裔；,撒但早已定規抵敵我神的後裔；
lyrics_db_text/db649.txt,35,里,否则那里还能算是从军的召会！,否則那裏還能算是從軍的召會！,否則那裏還能算是從軍的召會！
lyrics_db_text/db65.txt,12,于只,只要呼吸耶稣这名，就是饮于你生命。,只要呼吸耶穌這名，就是飲於你生命。,只要呼吸耶穌這名，就是飲於你生命。
lyrics_db_text/db65.txt,16,只,然而只有蒙恩罪人，知道这名的丰盛！,然而只有蒙恩罪人，知道這名的豐盛！,然而只有蒙恩罪人，知道這名的豐盛！
lyrics_db_text/db65.txt,20,里,在你名里生活争战，就有喜乐和荣耀。,在你名裏生活爭戰，就有喜樂和榮耀。,在你名裏生活爭戰，就有喜樂和榮耀。
lyrics_db_text/db650.txt,8,里,那里活水方涌流，那里心中方光明。,那裏活水方湧流，那裏心中方光明。,那裏活水方湧流，那裏心中方光明。
lyrics_db_text/db651.txt,19,恶,也许现在罪恶途径间，有人要我去追还；,也許現在罪惡途徑間，有人要我去追還；,也許現在罪惡途徑間，有人要我去追還；
lyrics_db_text/db651.txt,26,余,我能够花费此生余年，为着我的受死主；,我能夠花費此生餘年，為著我的受死主；,我能夠花費此生餘年，為着我的受死主；
lyrics_db_text/db651.txt,27,里,我将自己交讬你手里，知道你爱我深刻，,我將自己交託你手裏，知道你愛我深刻，,我將自己交託你手裏，知道你愛我深刻，
lyrics_db_text/db651.txt,28,里,我要从我心里顺服你旨意，,我要從我心裏順服你旨意，,我要從我心裏順服你旨意，
lyrics_db_text/db652.txt,2,尽,事奉－尽本分,事奉－盡本分,事奉－盡本分
lyrics_db_text/db654.txt,2,于,事奉－在于灵,事奉－在於靈,事奉－在於靈
lyrics_db_text/db654.txt,7,只,新约之下所有事奉，不在字句只在灵；,新約之下所有事奉，不在字句只在靈；,新約之下所有事奉，不在字句只在靈；
lyrics_db_text/db654.txt,9,里面,外面作的全都不算，里面作的才算是；,外面作的全都不算，裏面作的纔算是；,外面作的全都不算，裏面作的纔算是；
lyrics_db_text/db654.txt,13,借里面,不是仅借外面教导，乃靠里面的恩膏；,不是僅借外面教導，乃靠裏面的恩膏；,不是僅借外面教導，乃靠裏面的恩膏；
lyrics_db_text/db654.txt,14,借里面,不是仅借外面样式，乃借里面的光照。,不是僅借外面樣式，乃借裏面的光照。,不是僅借外面樣式，乃借裏面的光照。
lyrics_db_text/db654.txt,27,借,不是仅凭圣经作工，乃是借灵和生命；,不是僅憑聖經作工，乃是借靈和生命；,不是僅憑聖經作工，乃是借靈和生命；
lyrics_db_text/db655.txt,9,历,经验说出才是信息，信息必须是经历；,經驗說出纔是信息，信息必須是經歷；,經驗説出纔是信息，信息必須是經歷；
lyrics_db_text/db655.txt,10,历致,经历、信息能够一致，信息才会有能力。,經歷、信息能夠一致，信息纔會有能力。,經歷、信息能夠一致，信息纔會有能力。
lyrics_db_text/db655.txt,13,借,工作须是生命果子，借着那灵所结出；,工作須是生命果子，藉著那靈所結出；,工作須是生命果子，藉着那靈所結出；
lyrics_db_text/db655.txt,15,借表,乃是基督借我工作，将祂生命来表现，,乃是基督借我工作，將祂生命來表現，,乃是基督借我工作，將祂生命來表現，
lyrics_db_text/db655.txt,16,借,使祂生命所有丰富，借我显在众人前。,使祂生命所有豐富，借我顯在眾人前。,使祂生命所有豐富，借我顯在眾人前。
lyrics_db_text/db655.txt,20,里面,不是外面有所作为，乃是里面在作工。,不是外面有所作為，乃是裏面在作工。,不是外面有所作為，乃是裏面在作工。
lyrics_db_text/db655.txt,22,表,不是劳苦为着成功，乃是表现主基督。,不是勞苦為著成功，乃是表現主基督。,不是勞苦為着成功，乃是表現主基督。
lyrics_db_text/db655.txt,26,借,使主可以借我工作，全为完成祂心意。,使主可以借我工作，全為完成祂心意。,使主可以借我工作，全為完成祂心意。
lyrics_db_text/db655.txt,28,借,使主可以借我活着，显祂丰富和美丽。,使主可以借我活著，顯祂豐富和美麗。,使主可以借我活着，顯祂豐富和美麗。
lyrics_db_text/db656.txt,2,里,事奉－在身体里,事奉－在身體裏,事奉－在身體裏
lyrics_db_text/db656.txt,19,系致,成为圣洁祭司体系，和谐一致的事奉。,成為聖潔祭司體系，和諧一致的事奉。,成為聖潔祭司體系，和諧一致的事奉。
lyrics_db_text/db656.txt,22,尽,因此必须同被建造，各守地位尽职事；,因此必須同被建造，各守地位盡職事；,因此必須同被建造，各守地位盡職事；
lyrics_db_text/db656.txt,26,尽,我们工作，尽职事奉，须从身体得供应；,我們工作，盡職事奉，須從身體得供應；,我們工作，盡職事奉，須從身體得供應；
lyrics_db_text/db656.txt,31,尽,尽上肢体所有功用，必有基督的身量。,盡上肢體所有功用，必有基督的身量。,盡上肢體所有功用，必有基督的身量。
lyrics_db_text/db656.txt,34,借,永远持定元首基督，借祂一同得长进；,永遠持定元首基督，借祂一同得長進；,永遠持定元首基督，借祂一同得長進；
lyrics_db_text/db656.txt,39,借,使我明白你的旨意，借你身体而服事。,使我明白你的旨意，借你身體而服事。,使我明白你的旨意，借你身體而服事。
lyrics_db_text/db657.txt,17,面,圣服、圣冠、面牌、胸牌，,聖服、聖冠、面牌、胸牌，,聖服、聖冠、面牌、胸牌，
lyrics_db_text/db657.txt,25,面,披戴基督，与祂联合，外面有祂作彰显；,披戴基督，與祂聯合，外面有祂作彰顯；,披戴基督，與祂聯合，外面有祂作彰顯；
lyrics_db_text/db657.txt,26,里面,吃喝基督，与祂调和，里面有祂来充满。,喫喝基督，與祂調和，裏面有祂來充滿。,喫喝基督，與祂調和，裏面有祂來充滿。
lyrics_db_text/db658.txt,23,只,以及所有不同职事，都该只为主身体。,以及所有不同職事，都該只為主身體。,以及所有不同職事，都該只為主身體。
lyrics_db_text/db658.txt,27,只,以及各样别的工作，也该只为主身体。,以及各樣別的工作，也該只為主身體。,以及各樣別的工作，也該只為主身體。
lyrics_db_text/db658.txt,31,台,所有灯台都是召会，任何职事都不是。,所有燈臺都是召會，任何職事都不是。,所有燈台都是召會，任何職事都不是。
lyrics_db_text/db658.txt,39,只,使我只为召会劳苦，只为召会而活着。,使我只為召會勞苦，只為召會而活著。,使我只為召會勞苦，只為召會而活着。
lyrics_db_text/db659.txt,8,余,总是供应基督富余，以他为祭事奉神。,總是供應基督富餘，以他為祭事奉神。,總是供應基督富餘，以他為祭事奉神。
lyrics_db_text/db659.txt,11,余,总是供应基督富余，以他为祭事奉神。,總是供應基督富餘，以他為祭事奉神。,總是供應基督富餘，以他為祭事奉神。
lyrics_db_text/db659.txt,19,余获,从他收获，丰富有余，与人分享他丰盛。,從他收穫，豐富有餘，與人分享他豐盛。,從他收穫，豐富有餘，與人分享他豐盛。
lyrics_db_text/db659.txt,22,借尽,持定基督，借他长大，每一肢体尽功用；,持定基督，借他長大，每一肢體盡功用；,持定基督，借他長大，每一肢體盡功用；
lyrics_db_text/db66.txt,15,后,虚己取了奴仆形状，使我作神后嗣。,虛己取了奴僕形狀，使我作神後嗣。,虛己取了奴僕形狀，使我作神後嗣。
lyrics_db_text/db660.txt,8,钟,被提钟点已在望，我们快要见天王；,被提鐘點已在望，我們快要見天王；,被提鐘點已在望，我們快要見天王；
lyrics_db_text/db660.txt,13,历,背负十架不自怜，愿意为主历苦艰，,揹負十架不自憐，願意為主歷苦艱，,揹負十架不自憐，願意為主歷苦艱，
lyrics_db_text/db660.txt,17,恶,殷勤讨伐众恶灵，竭力进攻诸幽冥，,殷勤討伐眾惡靈，竭力進攻諸幽冥，,殷勤討伐眾惡靈，竭力進攻諸幽冥，
lyrics_db_text/db660.txt,27,面,预备，虽然受试炼；预备，虽然无脸面；,預備，雖然受試煉；預備，雖然無臉面；,預備，雖然受試煉；預備，雖然無臉面；
lyrics_db_text/db661.txt,7,于,赶紧工作，夜快临，工作在于清晨；,趕緊工作，夜快臨，工作在於清晨；,趕緊工作，夜快臨，工作在於清晨；
lyrics_db_text/db661.txt,9,于,工作，当日光无荫，工作在于骄阳；,工作，當日光無蔭，工作在於驕陽；,工作，當日光無蔭，工作在於驕陽；
lyrics_db_text/db661.txt,13,于,赶紧工作，夜快临，工作在于正午；,趕緊工作，夜快臨，工作在於正午；,趕緊工作，夜快臨，工作在於正午；
lyrics_db_text/db661.txt,21,后,最后一线的光阴，不久就要没落；,最後一線的光陰，不久就要沒落；,最後一線的光陰，不久就要沒落；
lyrics_db_text/db662.txt,8,借,借着我们活的见证，失丧罪人蒙拯救。,藉著我們活的見證，失喪罪人蒙拯救。,藉着我們活的見證，失喪罪人蒙拯救。
lyrics_db_text/db662.txt,10,于,求主使我涌流生命，使你生命显于我；,求主使我湧流生命，使你生命顯於我；,求主使我湧流生命，使你生命顯於我；
lyrics_db_text/db662.txt,11,借里,借我作你活的器皿，将人灵里来点活。,借我作你活的器皿，將人靈裏來點活。,借我作你活的器皿，將人靈裏來點活。
lyrics_db_text/db662.txt,15,借,借我生命涌流供应，人才接主进心府。,借我生命湧流供應，人纔接主進心府。,借我生命湧流供應，人纔接主進心府。
lyrics_db_text/db662.txt,18,里,永远要像葡萄树枝，住在主里结果子；,永遠要像葡萄樹枝，住在主裏結果子；,永遠要像葡萄樹枝，住在主裏結果子；
lyrics_db_text/db662.txt,19,借里面,借着里面生命涌流，将主向人来分赐。,藉著裏面生命湧流，將主向人來分賜。,藉着裏面生命湧流，將主向人來分賜。
lyrics_db_text/db663.txt,18,复,救主已经得胜，死而复活。,救主已經得勝，死而復活。,救主已經得勝，死而復活。
lyrics_db_text/db663.txt,21,恶,主能救人脱离罪恶的捆绑，,主能救人脫離罪惡的捆綁，,主能救人脱離罪惡的捆綁，
lyrics_db_text/db663.txt,40,尽,机会一过，就难再尽本分；,機會一過，就難再盡本分；,機會一過，就難再盡本分；
lyrics_db_text/db663.txt,41,只,只怕有人是因你我不热心，,只怕有人是因你我不熱心，,只怕有人是因你我不熱心，
lyrics_db_text/db664.txt,9,松,莫看重金银，松开手，传福音，,莫看重金銀，鬆開手，傳福音，,莫看重金銀，鬆開手，傳福音，
lyrics_db_text/db665.txt,7,云借,去向亡世供应基督，非仅借话之所云。,去向亡世供應基督，非僅借話之所云。,去向亡世供應基督，非僅借話之所云。
lyrics_db_text/db665.txt,8,借,更借生活分出基督，供应可怜的人群。,更借生活分出基督，供應可憐的人群。,更借生活分出基督，供應可憐的人羣。
lyrics_db_text/db665.txt,10,于,去向亡世供应基督，使他显于你生活；,去向亡世供應基督，使他顯於你生活；,去向亡世供應基督，使他顯於你生活；
lyrics_db_text/db667.txt,9,钟,等候成熟日子，等候收割点钟，,等候成熟日子，等候收割點鐘，,等候成熟日子，等候收割點鐘，
lyrics_db_text/db667.txt,19,云,不怕朔风怒号，不怕乌云盖；,不怕朔風怒號，不怕烏雲蓋；,不怕朔風怒號，不怕烏雲蓋；
lyrics_db_text/db668.txt,7,面,我岂可去，双手空空？岂可如此见主面？,我豈可去，雙手空空？豈可如此見主面？,我豈可去，雙手空空？豈可如此見主面？
lyrics_db_text/db668.txt,14,复,今日去世复有何恐？因为恩主已救我；,今日去世復有何恐？因為恩主已救我；,今日去世復有何恐？因為恩主已救我；
lyrics_db_text/db668.txt,15,云,但一想到双手空空，愁云立即覆我额！,但一想到雙手空空，愁雲立即覆我額！,但一想到雙手空空，愁雲立即覆我額！
lyrics_db_text/db669.txt,23,恶,因为我救主已担去我罪恶，,因為我救主已擔去我罪惡，,因為我救主已擔去我罪惡，
lyrics_db_text/db669.txt,24,里面,并且他现今还在我里面活着：,並且他現今還在我裏面活著：,並且他現今還在我裏面活着：
lyrics_db_text/db67.txt,23,借,主，借你这名的无比，恩典不至渐疲倦；,主，借你這名的無比，恩典不至漸疲倦；,主，借你這名的無比，恩典不至漸疲倦；
lyrics_db_text/db670.txt,13,尽恶,你当预备迎见神，罪恶脱尽；预备见神，,你當預備迎見神，罪惡脫盡；預備見神，,你當預備迎見神，罪惡脱盡；預備見神，
lyrics_db_text/db670.txt,14,尽恶,罪恶脱尽，改换一新。,罪惡脫盡，改換一新。,罪惡脱盡，改換一新。
lyrics_db_text/db671.txt,27,余,使我争战奏凯有余，何等奇妙的救主！,使我爭戰奏凱有餘，何等奇妙的救主！,使我爭戰奏凱有餘，何等奇妙的救主！
lyrics_db_text/db672.txt,8,恶,一日，当罪恶深染全人类，,一日，當罪惡深染全人類，,一日，當罪惡深染全人類，
lyrics_db_text/db672.txt,14,复,复活，为白白的永远称义我；,復活，為白白的永遠稱義我；,復活，為白白的永遠稱義我；
lyrics_db_text/db672.txt,32,复,他已复活了，他已胜过死亡，,他已復活了，他已勝過死亡，,他已復活了，他已勝過死亡，
lyrics_db_text/db673.txt,8,历,成为‘忧患人’，来经历苦痛；,成為‘憂患人’，來經歷苦痛；,成為‘憂患人’，來經歷苦痛；
lyrics_db_text/db674.txt,14,只,罪孽虽多，必蒙赦免，只要肯来就耶稣！,罪孽雖多，必蒙赦免，只要肯來就耶穌！,罪孽雖多，必蒙赦免，只要肯來就耶穌！
lyrics_db_text/db674.txt,18,恶,性情败坏，罪恶染心，要得救治，就耶稣；,性情敗壞，罪惡染心，要得救治，就耶穌；,性情敗壞，罪惡染心，要得救治，就耶穌；
lyrics_db_text/db674.txt,34,尽,这名驱尽我的苦情，宝贝之名惟耶稣！,這名驅盡我的苦情，寶貝之名惟耶穌！,這名驅盡我的苦情，寶貝之名惟耶穌！
lyrics_db_text/db674.txt,40,面,等我被提到祂面前，亲眼得见我耶稣，,等我被提到祂面前，親眼得見我耶穌，,等我被提到祂面前，親眼得見我耶穌，
lyrics_db_text/db676.txt,21,复,主受死使人免惩，主复活使人得生，,主受死使人免懲，主復活使人得生，,主受死使人免懲，主復活使人得生，
lyrics_db_text/db679.txt,8,恶,不过使我得美名，不能改变我恶性；,不過使我得美名，不能改變我惡性；,不過使我得美名，不能改變我惡性；
lyrics_db_text/db679.txt,20,恶,等候不能救我！罪恶害我到如此，,等候不能救我！罪惡害我到如此，,等候不能救我！罪惡害我到如此，
lyrics_db_text/db681.txt,12,后,眼明亮，心平康，从今后，我终日能欢乐！,眼明亮，心平康，從今後，我終日能歡樂！,眼明亮，心平康，從今後，我終日能歡樂！
lyrics_db_text/db682.txt,10,尽,我欠千万金，主替我还尽；,我欠千萬金，主替我還盡；,我欠千萬金，主替我還盡；
lyrics_db_text/db682.txt,22,云,即云我要离世，我仍不至战兢；,即雲我要離世，我仍不至戰兢；,即雲我要離世，我仍不至戰兢；
lyrics_db_text/db683.txt,8,尽,受尽讥诮、鞭打、辱骂，至终被钉十字苦架。,受盡譏誚、鞭打、辱罵，至終被釘十字苦架。,受盡譏誚、鞭打、辱罵，至終被釘十字苦架。
lyrics_db_text/db684.txt,8,复,何能恢复我完全？无祂，惟有耶稣宝血！,何能恢復我完全？無祂，惟有耶穌寶血！,何能恢復我完全？無祂，惟有耶穌寶血！
lyrics_db_text/db686.txt,8,只,罪人只要一投此泉，立去全身罪愆。,罪人只要一投此泉，立去全身罪愆。,罪人只要一投此泉，立去全身罪愆。
lyrics_db_text/db686.txt,10,只,罪人只要一投此泉，立去全身罪愆。,罪人只要一投此泉，立去全身罪愆。,罪人只要一投此泉，立去全身罪愆。
lyrics_db_text/db686.txt,32,发复,我要发出复活歌声，赞你救赎大能。,我要發出復活歌聲，讚你救贖大能。,我要發出復活歌聲，讚你救贖大能。
lyrics_db_text/db686.txt,34,发复,我要发出复活歌声，赞你救赎大能。,我要發出復活歌聲，讚你救贖大能。,我要發出復活歌聲，讚你救贖大能。
lyrics_db_text/db687.txt,17,恶,你愿脱掉罪恶的羞愧么？,你願脫掉罪惡的羞愧麼？,你願脱掉罪惡的羞愧麼？
lyrics_db_text/db691.txt,14,于,恩典藏于基督，丰富口舌难述；,恩典藏於基督，豐富口舌難述；,恩典藏於基督，豐富口舌難述；
lyrics_db_text/db691.txt,19,面,恩典使我得见神面，得享天上平安。,恩典使我得見神面，得享天上平安。,恩典使我得見神面，得享天上平安。
lyrics_db_text/db692.txt,31,只,只要你肯悔改，相信主的名，,只要你肯悔改，相信主的名，,只要你肯悔改，相信主的名，
lyrics_db_text/db692.txt,35,只,只要你肯悔改，相信主的名，,只要你肯悔改，相信主的名，,只要你肯悔改，相信主的名，
lyrics_db_text/db693.txt,11,复,祂且复活，化身圣灵，,祂且復活，化身聖靈，,祂且復活，化身聖靈，
lyrics_db_text/db693.txt,12,里面,到我里面来活着，,到我裏面來活著，,到我裏面來活着，
lyrics_db_text/db694.txt,7,复,主是生命，主是复活，生命是祂掌握；,主是生命，主是復活，生命是祂掌握；,主是生命，主是復活，生命是祂掌握；
lyrics_db_text/db694.txt,8,借,祂已借死毁坏死、魔，现今永远活着；,祂已借死毀壞死、魔，現今永遠活著；,祂已借死毀壞死、魔，現今永遠活着；
lyrics_db_text/db695.txt,23,恶,我虽满罪恶，我能信祂名；,我雖滿罪惡，我能信祂名；,我雖滿罪惡，我能信祂名；
lyrics_db_text/db695.txt,30,里,到祂那里的，祂永不绝弃；,到祂那裏的，祂永不絕棄；,到祂那裏的，祂永不絕棄；
lyrics_db_text/db696.txt,8,历,历世历代人未知悉！,歷世歷代人未知悉！,歷世歷代人未知悉！
lyrics_db_text/db698.txt,21,复,我主耶稣是复活王，我主耶稣是生命皇；,我主耶穌是復活王，我主耶穌是生命皇；,我主耶穌是復活王，我主耶穌是生命皇；
lyrics_db_text/db699.txt,23,云,你罪，主必全涂抹，如厚云灭没。,你罪，主必全塗抹，如厚雲滅沒。,你罪，主必全塗抹，如厚雲滅沒。
lyrics_db_text/db7.txt,19,尽,你是生命永存留，世世代代无尽休！,你是生命永存留，世世代代無盡休！,你是生命永存留，世世代代無盡休！
lyrics_db_text/db7.txt,20,后,你比久者还要久，你比后者还要后！,你比久者還要久，你比後者還要後！,你比久者還要久，你比後者還要後！
lyrics_db_text/db7.txt,23,后,首先，你是阿拉法，末后，你是俄梅嘎！,首先，你是阿拉法，末後，你是俄梅嘎！,首先，你是阿拉法，末後，你是俄梅嘎！
lyrics_db_text/db70.txt,19,干,其乐将我眼泪擦干；高举耶稣之名。,其樂將我眼淚擦乾；高舉耶穌之名。,其樂將我眼淚擦乾；高舉耶穌之名。
lyrics_db_text/db70.txt,22,尽,无人话语能以尽言我爱之名何其甘甜；,無人話語能以盡言我愛之名何其甘甜；,無人話語能以盡言我愛之名何其甘甜；
lyrics_db_text/db700.txt,7,尽,若尽得世界，而失去救主，,若盡得世界，而失去救主，,若盡得世界，而失去救主，
lyrics_db_text/db700.txt,11,尽,若尽得世界，而失去救主，,若盡得世界，而失去救主，,若盡得世界，而失去救主，
lyrics_db_text/db700.txt,19,面,前面仍无望，仍无一港口,前面仍無望，仍無一港口,前面仍無望，仍無一港口
lyrics_db_text/db700.txt,20,尽,让你这惊船可以靠停。若尽得世界，,讓你這驚船可以靠停。若盡得世界，,讓你這驚船可以靠停。若盡得世界，
lyrics_db_text/db700.txt,27,尽恶,地上尽都是罪恶、苦难！永世何黑暗！,地上盡都是罪惡、苦難！永世何黑暗！,地上盡都是罪惡、苦難！永世何黑暗！
lyrics_db_text/db700.txt,31,谷面,将要怎办？哦，必要面对那无主幽谷！,將要怎辦？哦，必要面對那無主幽谷！,將要怎辦？哦，必要面對那無主幽谷！
lyrics_db_text/db700.txt,38,只,也无一忧患祂不承担！若你只有主，,也無一憂患祂不承擔！若你只有主，,也無一憂患祂不承擔！若你只有主，
lyrics_db_text/db700.txt,39,只,只有主基督，全地除了祂，你无祂祂祂物，,只有主基督，全地除了祂，你無祂祂祂物，,只有主基督，全地除了祂，你無祂祂祂物，
lyrics_db_text/db700.txt,40,里面,那，在祂里面，你就有一切，,那，在祂裏面，你就有一切，,那，在祂裏面，你就有一切，
lyrics_db_text/db703.txt,23,面,是在天城看见主面？是在地狱受苦中间？,是在天城看見主面？是在地獄受苦中間？,是在天城看見主面？是在地獄受苦中間？
lyrics_db_text/db703.txt,24,准,极其严肃，极其要紧，一次定规，永远定准。,極其嚴肅，極其要緊，一次定規，永遠定準。,極其嚴肅，極其要緊，一次定規，永遠定準。
lyrics_db_text/db707.txt,23,里,带你挂虑到我这里，跟从我，跟从我，,帶你掛慮到我這裏，跟從我，跟從我，,帶你掛慮到我這裏，跟從我，跟從我，
lyrics_db_text/db708.txt,7,发,耶稣发慈声要召你回来，,耶穌發慈聲要召你回來，,耶穌發慈聲要召你回來，
lyrics_db_text/db708.txt,13,发,今日发慈声呼召你！,今日發慈聲呼召你！,今日發慈聲呼召你！
lyrics_db_text/db708.txt,31,复,他要赐福无复加。,他要賜福無復加。,他要賜福無復加。
lyrics_db_text/db709.txt,20,发,耶稣真是救主，他已发恩言：,耶穌真是救主，他已發恩言：,耶穌真是救主，他已發恩言：
lyrics_db_text/db709.txt,25,征,无论何人愿意，这话语有征；,無論何人願意，這話語有徵；,無論何人願意，這話語有徵；
lyrics_db_text/db71.txt,7,复,我们知你已复起，死亡中的初熟；,我們知你已復起，死亡中的初熟；,我們知你已復起，死亡中的初熟；
lyrics_db_text/db71.txt,20,表,不久万有承认你，向你表示欢迎。,不久萬有承認你，向你表示歡迎。,不久萬有承認你，向你表示歡迎。
lyrics_db_text/db71.txt,21,只,现今只有我们能认识你的大爱；,現今只有我們能認識你的大愛；,現今只有我們能認識你的大愛；
lyrics_db_text/db71.txt,26,于,你爱高于万爱上，永不、永不中止。,你愛高於萬愛上，永不、永不中止。,你愛高於萬愛上，永不、永不中止。
lyrics_db_text/db712.txt,7,只,百只羊，少了一口，,百隻羊，少了一口，,百隻羊，少了一口，
lyrics_db_text/db712.txt,12,尽面,前面尽是陷阱、猛兽；,前面盡是陷阱、猛獸；,前面盡是陷阱、猛獸；
lyrics_db_text/db713.txt,7,里,失迷的羊，你今在那里？,失迷的羊，你今在那裏？,失迷的羊，你今在那裏？
lyrics_db_text/db713.txt,9,只,一百只羊内中缺一只，莫非就是你？,一百隻羊內中缺一隻，莫非就是你？,一百隻羊內中缺一隻，莫非就是你？
lyrics_db_text/db713.txt,12,只,一百只羊内中缺一只，莫非就是你？,一百隻羊內中缺一隻，莫非就是你？,一百隻羊內中缺一隻，莫非就是你？
lyrics_db_text/db713.txt,15,里,失落的人，你今在那里？,失落的人，你今在那裏？,失落的人，你今在那裏？
lyrics_db_text/db714.txt,21,恶钟,罪恶虽然极重，救主仍然爱钟；,罪惡雖然極重，救主仍然愛鍾；,罪惡雖然極重，救主仍然愛鍾；
lyrics_db_text/db715.txt,7,历尽恶,你堕落罪恶境，历尽了苦情，,你墮落罪惡境，歷盡了苦情，,你墮落罪惡境，歷盡了苦情，
lyrics_db_text/db715.txt,9,面,邪路上你在行，前面多陷阱，,邪路上你在行，前面多陷阱，,邪路上你在行，前面多陷阱，
lyrics_db_text/db715.txt,16,恶,恶者手你安卧，被任意加祸，,惡者手你安臥，被任意加禍，,惡者手你安卧，被任意加禍，
lyrics_db_text/db715.txt,22,云,残岁月，增却减！人生像云烟！,殘歲月，增卻減！人生像雲煙！,殘歲月，增卻減！人生像雲煙！
lyrics_db_text/db715.txt,24,后,死亡后，有审判！地狱又紧联！,死亡後，有審判！地獄又緊聯！,死亡後，有審判！地獄又緊聯！
lyrics_db_text/db715.txt,29,复,又复活，升天上，作主作王；,又復活，升天上，作主作王；,又復活，升天上，作主作王；
lyrics_db_text/db716.txt,13,只,等着施救恩，不过只要你信靠。,等著施救恩，不過只要你信靠。,等着施救恩，不過只要你信靠。
lyrics_db_text/db717.txt,8,只,祂要救你，安你心怀，只要信祂恩言。,祂要救你，安你心懷，只要信祂恩言。,祂要救你，安你心懷，只要信祂恩言。
lyrics_db_text/db717.txt,10,只,只要信祂！只要信祂！现在要信祂！,只要信祂！只要信祂！現在要信祂！,只要信祂！只要信祂！現在要信祂！
lyrics_db_text/db717.txt,30,只,祂要救你，安你心怀，只要你肯信祂。,祂要救你，安你心懷，只要你肯信祂。,祂要救你，安你心懷，只要你肯信祂。
lyrics_db_text/db717.txt,32,只,只要信祂！只要信祂！现在要信祂！,只要信祂！只要信祂！現在要信祂！,只要信祂！只要信祂！現在要信祂！
lyrics_db_text/db717.txt,37,只,救赎已成不用代价，只要你肯信祂。,救贖已成不用代價，只要你肯信祂。,救贖已成不用代價，只要你肯信祂。
lyrics_db_text/db717.txt,39,只,只要信祂！只要信祂！现在要信祂！,只要信祂！只要信祂！現在要信祂！,只要信祂！只要信祂！現在要信祂！
lyrics_db_text/db719.txt,14,恶,若觉恶性，自己不能治服，,若覺惡性，自己不能治服，,若覺惡性，自己不能治服，
lyrics_db_text/db72.txt,19,尽,永不改变永不旧，你的年数无尽休！,永不改變永不舊，你的年數無盡休！,永不改變永不舊，你的年數無盡休！
lyrics_db_text/db72.txt,20,后,没有久者比你久，没有后者比你后！,沒有久者比你久，沒有後者比你後！,沒有久者比你久，沒有後者比你後！
lyrics_db_text/db720.txt,16,恶,你虽邪恶又污秽，望就活！望就活！,你雖邪惡又污穢，望就活！望就活！,你雖邪惡又污穢，望就活！望就活！
lyrics_db_text/db722.txt,7,云,飘渺人生何短暂，好似浮云现即散，,飄渺人生何短暫，好似浮雲現即散，,飄渺人生何短暫，好似浮雲現即散，
lyrics_db_text/db722.txt,14,只,只怕恩门向你关，那时呼救已太晚：,只怕恩門向你關，那時呼救已太晚：,只怕恩門向你關，那時呼救已太晚：
lyrics_db_text/db722.txt,32,里面,来投耶稣怀里面，来接基督进心间，,來投耶穌懷裏面，來接基督進心間，,來投耶穌懷裏面，來接基督進心間，
lyrics_db_text/db723.txt,8,于,他是神成肉身生于马槽，,他是神成肉身生於馬槽，,他是神成肉身生於馬槽，
lyrics_db_text/db723.txt,9,历尽,在世为人历尽万般苦恼，,在世為人歷盡萬般苦惱，,在世為人歷盡萬般苦惱，
lyrics_db_text/db723.txt,18,复,他已复活，升天永作中保，,他已復活，升天永作中保，,他已復活，升天永作中保，
lyrics_db_text/db723.txt,27,尽,他灵必赐生命，来将你软弱尽消。,他靈必賜生命，來將你軟弱盡消。,他靈必賜生命，來將你軟弱盡消。
lyrics_db_text/db723.txt,41,尽,人在世上，尽是劳苦烦恼；,人在世上，盡是勞苦煩惱；,人在世上，盡是勞苦煩惱；
lyrics_db_text/db724.txt,19,复,照我本相，反复不定，,照我本相，反覆不定，,照我本相，反覆不定，
lyrics_db_text/db724.txt,21,恶,内有挂虑，外有恶行。,內有掛慮，外有惡行。,內有掛慮，外有惡行。
lyrics_db_text/db724.txt,27,恶,感我恶心，开我盲眼，,感我惡心，開我盲眼，,感我惡心，開我盲眼，
lyrics_db_text/db725.txt,11,恶,脱离罪恶，进入你救援，,脫離罪惡，進入你救援，,脱離罪惡，進入你救援，
lyrics_db_text/db725.txt,16,获,耶稣，我来！进入十架荣耀的收获，,耶穌，我來！進入十架榮耀的收穫，,耶穌，我來！進入十架榮耀的收穫，
lyrics_db_text/db725.txt,25,里,耶稣，我来就你！脱离自己，住在你爱里；,耶穌，我來就你！脫離自己，住在你愛裏；,耶穌，我來就你！脱離自己，住在你愛裏；
lyrics_db_text/db726.txt,11,干,求主用血将我洗，使我干净无比。,求主用血將我洗，使我乾淨無比。,求主用血將我洗，使我乾淨無比。
lyrics_db_text/db726.txt,15,恶,但你欢喜赐恩帮助，并除一切恶迹。,但你歡喜賜恩幫助，並除一切惡跡。,但你歡喜賜恩幫助，並除一切惡跡。
lyrics_db_text/db727.txt,8,尽,世上事尽都空虚，惟主恩是我所需。,世上事盡都空虛，惟主恩是我所需。,世上事盡都空虛，惟主恩是我所需。
lyrics_db_text/db728.txt,15,恶,走过好长罪恶道路，主，我要回家。,走過好長罪惡道路，主，我要回家。,走過好長罪惡道路，主，我要回家。
lyrics_db_text/db728.txt,30,复,加我力量，复我盼望，主，我要回家。,加我力量，復我盼望，主，我要回家。,加我力量，復我盼望，主，我要回家。
lyrics_db_text/db729.txt,10,尽,引我安全到路尽，至终求接我灵魂！,引我安全到路盡，至終求接我靈魂！,引我安全到路盡，至終求接我靈魂！
lyrics_db_text/db729.txt,19,余,主阿，你是我所需，够我一切还有余：,主阿，你是我所需，夠我一切還有餘：,主阿，你是我所需，夠我一切還有餘：
lyrics_db_text/db729.txt,23,恶,我是邪恶没良善，恩典、真理你充满。,我是邪惡沒良善，恩典、真理你充滿。,我是邪惡沒良善，恩典、真理你充滿。
lyrics_db_text/db729.txt,27,里,医治活水望涌流，洁我衷里并保守；,醫治活水望湧流，潔我衷裏並保守；,醫治活水望湧流，潔我衷裏並保守；
lyrics_db_text/db729.txt,29,里,从我里头来涌流，一直涌流到永久。,從我裏頭來湧流，一直湧流到永久。,從我裏頭來湧流，一直湧流到永久。
lyrics_db_text/db73.txt,20,只,你早已知此行艰难，只因爱我竟甘愿。,你早已知此行艱難，只因愛我竟甘願。,你早已知此行艱難，只因愛我竟甘願。
lyrics_db_text/db73.txt,27,尽,但我们望那日快到，脱尽所有的阻挠；,但我們望那日快到，脫盡所有的阻撓；,但我們望那日快到，脱盡所有的阻撓；
lyrics_db_text/db73.txt,28,里,那时我们进荣耀里，要照本分服事你。,那時我們進榮耀裏，要照本分服事你。,那時我們進榮耀裏，要照本分服事你。
lyrics_db_text/db73.txt,31,里,现今我们等在这里，因这盼望受策励；,現今我們等在這裏，因這盼望受策勵；,現今我們等在這裏，因這盼望受策勵；
lyrics_db_text/db730.txt,25,面,单单靠赖十架功能，我寻求你面；,單單靠賴十架功能，我尋求你面；,單單靠賴十架功能，我尋求你面；
lyrics_db_text/db730.txt,29,于,你是我的安慰源头，于我比命贵；,你是我的安慰源頭，於我比命貴；,你是我的安慰源頭，於我比命貴；
lyrics_db_text/db732.txt,10,里面,备接你降生到里面。,備接你降生到裏面。,備接你降生到裏面。
lyrics_db_text/db732.txt,25,谷,山谷中，树林内，任逍遥；,山谷中，樹林內，任逍遙；,山谷中，樹林內，任逍遙；
lyrics_db_text/db732.txt,32,于,戏弄且加荆棘冕，终将你置于受难山。,戲弄且加荊棘冕，終將你置於受難山。,戲弄且加荊棘冕，終將你置於受難山。
lyrics_db_text/db734.txt,7,恶,罪恶全洗净，肉体都脱清，,罪惡全洗淨，肉體都脫清，,罪惡全洗淨，肉體都脱清，
lyrics_db_text/db734.txt,15,里,生命大改变，灵里极有能，,生命大改變，靈裏極有能，,生命大改變，靈裏極有能，
lyrics_db_text/db734.txt,17,尽,前途尽光明，接受基督作我的生命。,前途盡光明，接受基督作我的生命。,前途盡光明，接受基督作我的生命。
lyrics_db_text/db735.txt,8,尽,受尽摧残深感痛，欲拔不能，徒叹！,受盡摧殘深感痛，欲拔不能，徒歎！,受盡摧殘深感痛，欲拔不能，徒歎！
lyrics_db_text/db735.txt,17,恶,现今我在平安地，脱离罪恶痛苦，,現今我在平安地，脫離罪惡痛苦，,現今我在平安地，脱離罪惡痛苦，
lyrics_db_text/db735.txt,18,于,满了喜乐和安息，完全属于耶稣。,滿了喜樂和安息，完全屬於耶穌。,滿了喜樂和安息，完全屬於耶穌。
lyrics_db_text/db736.txt,7,恶,罪恶途中多年流荡，我魂被罪摧残，,罪惡途中多年流蕩，我魂被罪摧殘，,罪惡途中多年流蕩，我魂被罪摧殘，
lyrics_db_text/db737.txt,7,恶,当我疲困罪恶境，祂以柔爱来寻，,當我疲困罪惡境，祂以柔愛來尋，,當我疲困罪惡境，祂以柔愛來尋，
lyrics_db_text/db737.txt,25,面,我今安坐祂面前，瞻仰祂的荣颜，,我今安坐祂面前，瞻仰祂的榮顏，,我今安坐祂面前，瞻仰祂的榮顏，
lyrics_db_text/db738.txt,18,恶,无论是罪恶、试探，无论是世界、撒但，,無論是罪惡、試探，無論是世界、撒但，,無論是罪惡、試探，無論是世界、撒但，
lyrics_db_text/db74.txt,15,于,竟在末世从天降，生于童女成人状；,竟在末世從天降，生於童女成人狀；,竟在末世從天降，生於童女成人狀；
lyrics_db_text/db74.txt,22,复,带来生命与亮光，使人复活，医人伤；,帶來生命與亮光，使人復活，醫人傷；,帶來生命與亮光，使人復活，醫人傷；
lyrics_db_text/db74.txt,29,后,愿你安家我心房；女人后裔得胜者，,願你安家我心房；女人後裔得勝者，,願你安家我心房；女人後裔得勝者，
lyrics_db_text/db74.txt,30,尽里面,在我里面毁古蛇；亚当旧样全除尽，,在我裏面毀古蛇；亞當舊樣全除盡，,在我裏面毀古蛇；亞當舊樣全除盡，
lyrics_db_text/db74.txt,31,后,你的形像将我印；末后亚当的丰盛，,你的形像將我印；末後亞當的豐盛，,你的形像將我印；末後亞當的豐盛，
lyrics_db_text/db74.txt,32,后,使我变成你荣形。末后亚当的丰盛，,使我變成你榮形。末後亞當的豐盛，,使我變成你榮形。末後亞當的豐盛，
lyrics_db_text/db740.txt,10,借,借这庄严、奥妙水，进入你的工夫。,借這莊嚴、奧妙水，進入你的工夫。,借這莊嚴、奧妙水，進入你的工夫。
lyrics_db_text/db740.txt,14,冲,因你向我施恩典，曾被波浪冲漫；,因你向我施恩典，曾被波浪衝漫；,因你向我施恩典，曾被波浪衝漫；
lyrics_db_text/db740.txt,19,复,哦，主，你今已复活，黑暗已成往事，,哦，主，你今已復活，黑暗已成往事，,哦，主，你今已復活，黑暗已成往事，
lyrics_db_text/db740.txt,21,尽,罪、死、阴府你毁尽，我也同你得胜，,罪、死、陰府你毀盡，我也同你得勝，,罪、死、陰府你毀盡，我也同你得勝，
lyrics_db_text/db740.txt,25,尽,我今受浸归你死！承认与你同尽，,我今受浸歸你死！承認與你同盡，,我今受浸歸你死！承認與你同盡，
lyrics_db_text/db740.txt,26,复,我也与你同复活，与你荣耀有分。,我也與你同復活，與你榮耀有分。,我也與你同復活，與你榮耀有分。
lyrics_db_text/db740.txt,27,恶,撒但、世界和罪恶，今都不能摸我；,撒但、世界和罪惡，今都不能摸我；,撒但、世界和罪惡，今都不能摸我；
lyrics_db_text/db741.txt,2,复,受浸－埋葬与复活,受浸－埋葬與復活,受浸－埋葬與復活
lyrics_db_text/db741.txt,10,复,基督复活我与共，走出死水中，,基督復活我與共，走出死水中，,基督復活我與共，走出死水中，
lyrics_db_text/db742.txt,2,复,受浸－埋葬与复活,受浸－埋葬與復活,受浸－埋葬與復活
lyrics_db_text/db742.txt,7,借,主当我们借着这水，承认同死事实，,主當我們藉著這水，承認同死事實，,主當我們藉着這水，承認同死事實，
lyrics_db_text/db742.txt,11,借,借着这水归入你死，与你一同埋葬，,藉著這水歸入你死，與你一同埋葬，,藉着這水歸入你死，與你一同埋葬，
lyrics_db_text/db742.txt,15,借,借着这水归入你死，与你一同埋葬，,藉著這水歸入你死，與你一同埋葬，,藉着這水歸入你死，與你一同埋葬，
lyrics_db_text/db742.txt,19,复,在此与你一同复活，脱离死亡权势；,在此與你一同復活，脫離死亡權勢；,在此與你一同復活，脱離死亡權勢；
lyrics_db_text/db742.txt,23,于,在此受浸归于你名，不再属于自己；,在此受浸歸於你名，不再屬於自己；,在此受浸歸於你名，不再屬於自己；
lyrics_db_text/db743.txt,7,后,已经死了！已经葬了！从今以后我完全了了！,已經死了！已經葬了！從今以後我完全了了！,已經死了！已經葬了！從今以後我完全了了！
lyrics_db_text/db743.txt,8,后,已经死了！已经葬了！从今以后我完全了了！,已經死了！已經葬了！從今以後我完全了了！,已經死了！已經葬了！從今以後我完全了了！
lyrics_db_text/db743.txt,11,后,完全了了！完全了了！从今以后我完全了了！,完全了了！完全了了！從今以後我完全了了！,完全了了！完全了了！從今以後我完全了了！
lyrics_db_text/db743.txt,12,后,完全了了！完全了了！从今以后我完全了了！,完全了了！完全了了！從今以後我完全了了！,完全了了！完全了了！從今以後我完全了了！
lyrics_db_text/db743.txt,15,里面,不再是我！不再是我！乃是基督在我里面活！,不再是我！不再是我！乃是基督在我裏面活！,不再是我！不再是我！乃是基督在我裏面活！
lyrics_db_text/db743.txt,16,里面,不再是我！不再是我！乃是基督在我里面活！,不再是我！不再是我！乃是基督在我裏面活！,不再是我！不再是我！乃是基督在我裏面活！
lyrics_db_text/db744.txt,2,借,受浸－借水得救,受浸－借水得救,受浸－借水得救
lyrics_db_text/db744.txt,7,借,‘借水得救’，此言奥妙，,‘借水得救’，此言奧妙，,‘借水得救’，此言奧妙，
lyrics_db_text/db744.txt,13,借,‘借水得救’，脱离世界，,‘借水得救’，脫離世界，,‘借水得救’，脱離世界，
lyrics_db_text/db744.txt,16,里,全埋奥妙水里。,全埋奧妙水裏。,全埋奧妙水裏。
lyrics_db_text/db744.txt,28,制,脱离世界辖制。,脫離世界轄制。,脱離世界轄制。
lyrics_db_text/db744.txt,31,借,‘借水得救’，何等释放，,‘借水得救’，何等釋放，,‘借水得救’，何等釋放，
lyrics_db_text/db744.txt,37,借,‘借水得救’，永远归神，,‘借水得救’，永遠歸神，,‘借水得救’，永遠歸神，
lyrics_db_text/db744.txt,38,于,不再属于世界；,不再屬於世界；,不再屬於世界；
lyrics_db_text/db745.txt,9,里,神在祂的国度里，施行祂的王权，,神在祂的國度裏，施行祂的王權，,神在祂的國度裏，施行祂的王權，
lyrics_db_text/db745.txt,19,借,神借掌权国度中，通行祂的旨意；,神借掌權國度中，通行祂的旨意；,神借掌權國度中，通行祂的旨意；
lyrics_db_text/db745.txt,26,恶,背叛神圣的主权，乃是罪恶之根。,背叛神聖的主權，乃是罪惡之根。,背叛神聖的主權，乃是罪惡之根。
lyrics_db_text/db745.txt,27,恶,撒但邪恶的目的，乃在翻神宝座；,撒但邪惡的目的，乃在翻神寶座；,撒但邪惡的目的，乃在翻神寶座；
lyrics_db_text/db746.txt,2,里面,国度─里面的统治,國度─裏面的統治,國度─裏面的統治
lyrics_db_text/db746.txt,7,里,神的国度今在地上，是神掌权在我心里；,神的國度今在地上，是神掌權在我心裏；,神的國度今在地上，是神掌權在我心裏；
lyrics_db_text/db746.txt,8,里面,乃是基督活我里面，作主作王统治管理。,乃是基督活我裏面，作主作王統治管理。,乃是基督活我裏面，作主作王統治管理。
lyrics_db_text/db746.txt,23,里面,藉着祂在里面管治，祂的丰满在我建起；,藉著祂在裏面管治，祂的豐滿在我建起；,藉着祂在裏面管治，祂的豐滿在我建起；
lyrics_db_text/db746.txt,24,里面,当祂里面国度掌权，祂的身体就得建立。,當祂裏面國度掌權，祂的身體就得建立。,當祂裏面國度掌權，祂的身體就得建立。
lyrics_db_text/db746.txt,27,里面,藉祂里面属天管治，我像天上国民活着；,藉祂裏面屬天管治，我像天上國民活著；,藉祂裏面屬天管治，我像天上國民活着；
lyrics_db_text/db746.txt,28,于,藉着我肯服祂权柄，祂的国度实现于我。,藉著我肯服祂權柄，祂的國度實現於我。,藉着我肯服祂權柄，祂的國度實現於我。
lyrics_db_text/db746.txt,31,范,在这属天范围活着，带着祂这属天王权，,在這屬天範圍活著，帶著祂這屬天王權，,在這屬天範圍活着，帶着祂這屬天王權，
lyrics_db_text/db747.txt,7,准,国度要求，标准严格，远超律法所有要求；,國度要求，標準嚴格，遠超律法所有要求；,國度要求，標準嚴格，遠超律法所有要求；
lyrics_db_text/db747.txt,13,面,向神一边全面转投。,向神一邊全面轉投。,向神一邊全面轉投。
lyrics_db_text/db747.txt,30,准,必须完全合这标准，国度实际才能实践。,必須完全合這標準，國度實際纔能實踐。,必須完全合這標準，國度實際纔能實踐。
lyrics_db_text/db747.txt,34,借只,只有借着神的生命，才能进这神圣之国。,只有藉著神的生命，纔能進這神聖之國。,只有藉着神的生命，纔能進這神聖之國。
lyrics_db_text/db747.txt,37,于,国度乃是属天管治，必须合于属天情形；,國度乃是屬天管治，必須合於屬天情形；,國度乃是屬天管治，必須合於屬天情形；
lyrics_db_text/db747.txt,38,借,若要与主有分这国，惟有借着属天生命。,若要與主有分這國，惟有藉著屬天生命。,若要與主有分這國，惟有藉着屬天生命。
lyrics_db_text/db748.txt,8,于,在于受天管治生活；,在於受天管治生活；,在於受天管治生活；
lyrics_db_text/db748.txt,13,里,这种生活：灵里贫穷，,這種生活：靈裏貧窮，,這種生活：靈裏貧窮，
lyrics_db_text/db748.txt,14,里,心里饥渴、哀恸、温柔；,心裏飢渴、哀慟、溫柔；,心裏飢渴、哀慟、温柔；
lyrics_db_text/db748.txt,19,制,作神儿子，制造和睦；,作神兒子，製造和睦；,作神兒子，製造和睦；
lyrics_db_text/db748.txt,28,只,只爱不恨，像父完全。,只愛不恨，像父完全。,只愛不恨，像父完全。
lyrics_db_text/db748.txt,45,只,只愿顺服诸天管治，,只願順服諸天管治，,只願順服諸天管治，
lyrics_db_text/db748.txt,49,征,这种生活征服一切，,這種生活征服一切，,這種生活征服一切，
lyrics_db_text/db748.txt,50,借,借神大能遵神吩咐；,借神大能遵神吩咐；,借神大能遵神吩咐；
lyrics_db_text/db749.txt,10,恶,被人藐视并厌恶；今带荣耀威严再来，,被人藐視並厭惡；今帶榮耀威嚴再來，,被人藐視並厭惡；今帶榮耀威嚴再來，
lyrics_db_text/db749.txt,15,于,现今带着国度回来，荣耀显之于众目。,現今帶著國度回來，榮耀顯之於眾目。,現今帶着國度回來，榮耀顯之於眾目。
lyrics_db_text/db749.txt,29,复,所有万物都要得到荣耀无比的复兴。,所有萬物都要得到榮耀無比的復興。,所有萬物都要得到榮耀無比的復興。
lyrics_db_text/db749.txt,32,于,撒但被捆丢于深坑，全地脱离祂霸权；,撒但被捆丟於深坑，全地脫離祂霸權；,撒但被捆丟於深坑，全地脱離祂霸權；
lyrics_db_text/db75.txt,9,于干里,生在马槽里，像根出于干地，,生在馬槽裏，像根出於乾地，,生在馬槽裏，像根出於乾地，
lyrics_db_text/db75.txt,19,于,使那荫中丧亡，无一至于失望；,使那蔭中喪亡，無一至於失望；,使那蔭中喪亡，無一至於失望；
lyrics_db_text/db750.txt,2,表,国度－外表,國度－外表,國度－外表
lyrics_db_text/db750.txt,7,里,神子来作生命种子，将祂自己种人心里，,神子來作生命種子，將祂自己種人心裏，,神子來作生命種子，將祂自己種人心裏，
lyrics_db_text/db750.txt,15,里,但是撒但，神的仇敌，却将稗子撒在麦里，,但是撒但，神的仇敵，卻將稗子撒在麥裏，,但是撒但，神的仇敵，卻將稗子撒在麥裏，
lyrics_db_text/db750.txt,19,借,借着祂这奸狡工作，稗子、麦子混杂一起，,藉著祂這奸狡工作，稗子、麥子混雜一起，,藉着祂這奸狡工作，稗子、麥子混雜一起，
lyrics_db_text/db750.txt,20,丑表,国度外表变为反常，庞大惊人，丑形离奇。,國度外表變為反常，龐大驚人，醜形離奇。,國度外表變為反常，龐大驚人，醜形離奇。
lyrics_db_text/db750.txt,28,恶,恶人、恶事以及恶灵，都能在此得到寄讬。,惡人、惡事以及惡靈，都能在此得到寄託。,惡人、惡事以及惡靈，都能在此得到寄託。
lyrics_db_text/db750.txt,31,表,它这外表给人看见一个属世伟大宗教；,它這外表給人看見一個屬世偉大宗教；,它這外表給人看見一個屬世偉大宗教；
lyrics_db_text/db750.txt,32,恶面,容纳外邦邪恶事物，犹如细面搀上面酵。,容納外邦邪惡事物，猶如細麵攙上面酵。,容納外邦邪惡事物，猶如細麵攙上面酵。
lyrics_db_text/db750.txt,35,表,既成这种属世组织，外表遂即改变形状；,既成這種屬世組織，外表遂即改變形狀；,既成這種屬世組織，外表遂即改變形狀；
lyrics_db_text/db750.txt,36,借恶里面,借其所容邪恶事物，里面充满败坏、淫荡。,借其所容邪惡事物，裏面充滿敗壞、淫蕩。,借其所容邪惡事物，裏面充滿敗壞、淫蕩。
lyrics_db_text/db750.txt,44,表,隐自庞大基督教国，隐自国度属世外表；,隱自龐大基督教國，隱自國度屬世外表；,隱自龐大基督教國，隱自國度屬世外表；
lyrics_db_text/db750.txt,49,面,从我除去所有面酵，使我像你纯洁不俗。,從我除去所有面酵，使我像你純潔不俗。,從我除去所有面酵，使我像你純潔不俗。
lyrics_db_text/db750.txt,52,借,求借生命变化我魂，使我变成宝贵材料，,求借生命變化我魂，使我變成寶貴材料，,求借生命變化我魂，使我變成寶貴材料，
lyrics_db_text/db750.txt,53,于,带着你的国度实际，适合于你灵宫建造。,帶著你的國度實際，適合於你靈宮建造。,帶着你的國度實際，適合於你靈宮建造。
lyrics_db_text/db751.txt,16,借,使祂神圣王权，借我得着彰显。,使祂神聖王權，借我得著彰顯。,使祂神聖王權，借我得着彰顯。
lyrics_db_text/db751.txt,27,里面,一直都要活在国度实际里面，,一直都要活在國度實際裏面，,一直都要活在國度實際裏面，
lyrics_db_text/db751.txt,33,借,如此，主要借我使祂公义彰显，,如此，主要借我使祂公義彰顯，,如此，主要借我使祂公義彰顯，
lyrics_db_text/db751.txt,38,后面,愿出任何代价，不甘落在后面；,願出任何代價，不甘落在後面；,願出任何代價，不甘落在後面；
lyrics_db_text/db752.txt,12,准,我能否说，我是已经准备，,我能否說，我是已經準備，,我能否説，我是已經準備，
lyrics_db_text/db752.txt,13,准面,准备坦然见主面？,準備坦然見主面？,準備坦然見主面？
lyrics_db_text/db752.txt,25,尽,我们是否尽所能？,我們是否盡所能？,我們是否盡所能？
lyrics_db_text/db752.txt,26,里面,我们里面若无指责声音，,我們裏面若無指責聲音，,我們裏面若無指責聲音，
lyrics_db_text/db753.txt,7,面,主耶稣，我正等待被提到你面前，,主耶穌，我正等待被提到你面前，,主耶穌，我正等待被提到你面前，
lyrics_db_text/db753.txt,16,余,恩典余日何等紧！仇敌就要败坏！,恩典餘日何等緊！仇敵就要敗壞！,恩典餘日何等緊！仇敵就要敗壞！
lyrics_db_text/db753.txt,45,松,地上束缚已经松；我主，求你就来，,地上束縛已經松；我主，求你就來，,地上束縛已經松；我主，求你就來，
lyrics_db_text/db754.txt,8,复,圣徒死者复活，生命吞死亡，,聖徒死者復活，生命吞死亡，,聖徒死者復活，生命吞死亡，
lyrics_db_text/db754.txt,12,面,主必亲自从天降临，我必面见祂的荣身；,主必親自從天降臨，我必面見祂的榮身；,主必親自從天降臨，我必面見祂的榮身；
lyrics_db_text/db754.txt,20,制,败坏不再辖制，叹息必遁逃。,敗壞不再轄制，歎息必遁逃。,敗壞不再轄制，歎息必遁逃。
lyrics_db_text/db754.txt,26,复,万物得着复兴，大地蒙眷怜。,萬物得著復興，大地蒙眷憐。,萬物得着復興，大地蒙眷憐。
lyrics_db_text/db754.txt,32,尽,职事处处尽到，恩赐莫埋藏。,職事處處盡到，恩賜莫埋藏。,職事處處盡到，恩賜莫埋藏。
lyrics_db_text/db755.txt,9,尽,圣民，等候要儆心；被提见主喜乐无穷尽。,聖民，等候要儆心；被提見主喜樂無窮盡。,聖民，等候要儆心；被提見主喜樂無窮盡。
lyrics_db_text/db755.txt,25,尽,尽性又尽心。,盡性又盡心。,盡性又盡心。
lyrics_db_text/db756.txt,8,复,待赎宇宙快得复兴，主要完成救法！,待贖宇宙快得復興，主要完成救法！,待贖宇宙快得復興，主要完成救法！
lyrics_db_text/db756.txt,9,云,我已听见他的脚声，在那彩云中间；,我已聽見他的腳聲，在那彩雲中間；,我已聽見他的腳聲，在那彩雲中間；
lyrics_db_text/db756.txt,20,只,我口不说别的题目，只说与主相见。,我口不說別的題目，只說與主相見。,我口不説別的題目，只説與主相見。
lyrics_db_text/db756.txt,26,面,我今忠诚不顾脸面，因你圣言自勉。,我今忠誠不顧臉面，因你聖言自勉。,我今忠誠不顧臉面，因你聖言自勉。
lyrics_db_text/db756.txt,39,复,我心！我灵！今当复兴，让这世界过去；,我心！我靈！今當復興，讓這世界過去；,我心！我靈！今當復興，讓這世界過去；
lyrics_db_text/db756.txt,44,面,公义的主！荣耀的王！我今伏你面前；,公義的主！榮耀的王！我今伏你面前；,公義的主！榮耀的王！我今伏你面前；
lyrics_db_text/db756.txt,45,面,求你自己快登宝座！求你脸面快显！,求你自己快登寶座！求你臉面快顯！,求你自己快登寶座！求你臉面快顯！
lyrics_db_text/db756.txt,49,后,真理本当得胜为王！自由本当为后！,真理本當得勝為王！自由本當為後！,真理本當得勝為王！自由本當為後！
lyrics_db_text/db757.txt,23,面,否，否，祂召我往上面！,否，否，祂召我往上面！,否，否，祂召我往上面！
lyrics_db_text/db757.txt,28,里,愿我逐日行在灵里，,願我逐日行在靈裏，,願我逐日行在靈裏，
lyrics_db_text/db758.txt,7,后,自伯大尼你与我们分手后，,自伯大尼你與我們分手後，,自伯大尼你與我們分手後，
lyrics_db_text/db758.txt,30,里面,平安里面，我却仍感觉孤单，,平安裏面，我卻仍感覺孤單，,平安裏面，我卻仍感覺孤單，
lyrics_db_text/db758.txt,33,面,就是我还不能当面看见你。,就是我還不能當面看見你。,就是我還不能當面看見你。
lyrics_db_text/db758.txt,40,面,我想看见你面的心意，还非这些,我想看見你面的心意，還非這些,我想看見你面的心意，還非這些
lyrics_db_text/db758.txt,42,只,我无法见你丰采，是否只好叹息,我無法見你丰采，是否只好歎息,我無法見你丰采，是否只好歎息
lyrics_db_text/db758.txt,71,历,请听圣徒的催促！来罢，历世历代,請聽聖徒的催促！來罷，歷世歷代,請聽聖徒的催促！來罷，歷世歷代
lyrics_db_text/db76.txt,20,借,借此你爱显明无留，怜悯随着你血涌流。,藉此你愛顯明無留，憐憫隨著你血湧流。,藉此你愛顯明無留，憐憫隨着你血湧流。
lyrics_db_text/db760.txt,9,历,历世历代我们都求看见你，,歷世歷代我們都求看見你，,歷世歷代我們都求看見你，
lyrics_db_text/db760.txt,17,后,爱主，自从当年你上升之后，,愛主，自從當年你上升之後，,愛主，自從當年你上升之後，
lyrics_db_text/db760.txt,18,里,这里都变何等枯燥无味；,這裏都變何等枯燥無味；,這裏都變何等枯燥無味；
lyrics_db_text/db760.txt,43,面,但你要我们一面等你来迎，,但你要我們一面等你來迎，,但你要我們一面等你來迎，
lyrics_db_text/db760.txt,44,面,一面努力工作为你生活。,一面努力工作為你生活。,一面努力工作為你生活。
lyrics_db_text/db761.txt,27,面,我的面就好像不能再欢笑；,我的面就好像不能再歡笑；,我的面就好像不能再歡笑；
lyrics_db_text/db761.txt,28,志,所有的雄心志，我都失兴采，,所有的雄心志，我都失興採，,所有的雄心志，我都失興採，
lyrics_db_text/db761.txt,33,后,是退后，是懈怠，逐一在改变：,是退後，是懈怠，逐一在改變：,是退後，是懈怠，逐一在改變：
lyrics_db_text/db761.txt,35,发,信心渐发吁叹，举步渐迟缓，,信心漸發吁歎，舉步漸遲緩，,信心漸發吁歎，舉步漸遲緩，
lyrics_db_text/db762.txt,8,尽,好像这个等候无穷尽，一直等候不休；,好像這個等候無窮盡，一直等候不休；,好像這個等候無窮盡，一直等候不休；
lyrics_db_text/db762.txt,9,面,我是羡慕看见你面容，听你声音；,我是羨慕看見你面容，聽你聲音；,我是羨慕看見你面容，聽你聲音；
lyrics_db_text/db762.txt,14,后,然后，主，你才回来？,然後，主，你纔回來？,然後，主，你纔回來？
lyrics_db_text/db762.txt,36,只,你若不能及时早回来，只好让我前去。,你若不能及時早回來，只好讓我前去。,你若不能及時早回來，只好讓我前去。
lyrics_db_text/db762.txt,43,里,任何的人不能有帮助，因你不在这里。,任何的人不能有幫助，因你不在這裏。,任何的人不能有幫助，因你不在這裏。
lyrics_db_text/db762.txt,44,只,只有你来带我进永业，我才满愿；,只有你來帶我進永業，我纔滿願；,只有你來帶我進永業，我纔滿願；
lyrics_db_text/db762.txt,45,面,我要忘记路上这一切，当我看见你面。,我要忘記路上這一切，當我看見你面。,我要忘記路上這一切，當我看見你面。
lyrics_db_text/db763.txt,19,里,使我有分神丰满，将神带到我里。,使我有分神豐滿，將神帶到我裏。,使我有分神豐滿，將神帶到我裏。
lyrics_db_text/db763.txt,20,面,祂来使我能与神在各方面相调，,祂來使我能與神在各方面相調，,祂來使我能與神在各方面相調，
lyrics_db_text/db764.txt,2,里面,荣耀的盼望－基督在我里面,榮耀的盼望－基督在我裏面,榮耀的盼望－基督在我裏面
lyrics_db_text/db764.txt,7,历,历代隐藏奥秘，向我已显明，,歷代隱藏奧祕，向我已顯明，,歷代隱藏奧祕，向我已顯明，
lyrics_db_text/db764.txt,13,里面,现今在我里面，乃是一奥秘！,現今在我裏面，乃是一奧祕！,現今在我裏面，乃是一奧祕！
lyrics_db_text/db764.txt,18,里,现今在我魂里变化我；还要改变我体，,現今在我魂裏變化我；還要改變我體，,現今在我魂裏變化我；還要改變我體，
lyrics_db_text/db764.txt,23,里,将来我要在他荣耀里；与他完全合一，,將來我要在他榮耀裏；與他完全合一，,將來我要在他榮耀裏；與他完全合一，
lyrics_db_text/db765.txt,7,尽,当我恩主降临时候，我要脱尽所有忧愁，,當我恩主降臨時候，我要脫盡所有憂愁，,當我恩主降臨時候，我要脱盡所有憂愁，
lyrics_db_text/db766.txt,20,尽,不再有叹息，尽都是逍遥，,不再有歎息，盡都是逍遙，,不再有歎息，盡都是逍遙，
lyrics_db_text/db767.txt,31,后,长大与主同作后嗣，承受儿子的名分；,長大與主同作後嗣，承受兒子的名分；,長大與主同作後嗣，承受兒子的名分；
lyrics_db_text/db768.txt,12,借,人可取神作生命，借此与神成为一。,人可取神作生命，藉此與神成為一。,人可取神作生命，藉此與神成為一。
lyrics_db_text/db768.txt,15,借,借着生命的流通，人变宝石为神用；,藉著生命的流通，人變寶石為神用；,藉着生命的流通，人變寶石為神用；
lyrics_db_text/db768.txt,35,里,神在基督里作光，透过全城来照亮；,神在基督裏作光，透過全城來照亮；,神在基督裏作光，透過全城來照亮；
lyrics_db_text/db768.txt,36,尽,死亡之夜全驱尽，神圣之光照辉煌。,死亡之夜全驅盡，神聖之光照輝煌。,死亡之夜全驅盡，神聖之光照輝煌。
lyrics_db_text/db768.txt,39,里,神在人里，人在神，互为居所来藏身；,神在人裏，人在神，互為居所來藏身；,神在人裏，人在神，互為居所來藏身；
lyrics_db_text/db768.txt,40,表,人的内容乃是神，神的表现乃是人。,人的內容乃是神，神的表現乃是人。,人的內容乃是神，神的表現乃是人。
lyrics_db_text/db769.txt,16,于,成为他的丰满，如妻之于夫。,成為他的豐滿，如妻之於夫。,成為他的豐滿，如妻之於夫。
lyrics_db_text/db769.txt,19,借,借他生命流通，要将人变化，,借他生命流通，要將人變化，,借他生命流通，要將人變化，
lyrics_db_text/db769.txt,32,借,借他生命权柄，圣徒全结联。,借他生命權柄，聖徒全結聯。,借他生命權柄，聖徒全結聯。
lyrics_db_text/db769.txt,34,致,彼此和谐一致，彰显他光荣。,彼此和諧一致，彰顯他光榮。,彼此和諧一致，彰顯他光榮。
lyrics_db_text/db769.txt,40,面,在他面光之中，敬拜到永远。,在他面光之中，敬拜到永遠。,在他面光之中，敬拜到永遠。
lyrics_db_text/db77.txt,12,于,显于外者不过枯槁，主阿，我记念你！,顯於外者不過枯槁，主阿，我記念你！,顯於外者不過枯槁，主阿，我記念你！
lyrics_db_text/db77.txt,15,于干,你乃像根出于干地，多受痛苦，常经忧悒，,你乃像根出於乾地，多受痛苦，常經憂悒，,你乃像根出於乾地，多受痛苦，常經憂悒，
lyrics_db_text/db77.txt,19,里,你的心里谦卑、温柔，任何遭遇都肯接受，,你的心裏謙卑、溫柔，任何遭遇都肯接受，,你的心裏謙卑、温柔，任何遭遇都肯接受，
lyrics_db_text/db770.txt,42,干,叹息才成过去，眼泪才会干，,歎息纔成過去，眼淚纔會乾，,歎息纔成過去，眼淚纔會乾，
lyrics_db_text/db772.txt,21,面,就渴想见我恩主的面光；,就渴想見我恩主的面光；,就渴想見我恩主的面光；
lyrics_db_text/db772.txt,33,面,来接爱你者到你的面前！,來接愛你者到你的面前！,來接愛你者到你的面前！
lyrics_db_text/db773.txt,7,尽,当我跑尽应跑道路，打过当打的美仗，,當我跑盡應跑道路，打過當打的美仗，,當我跑盡應跑道路，打過當打的美仗，
lyrics_db_text/db773.txt,30,斗,我今斗拳，不是打空，奔跑不是无目标，,我今鬥拳，不是打空，奔跑不是無目標，,我今鬥拳，不是打空，奔跑不是無目標，
lyrics_db_text/db773.txt,32,后面,忘记背后，努力面前，向着标竿一直跑，,忘記背後，努力面前，向著標竿一直跑，,忘記背後，努力面前，向着標竿一直跑，
lyrics_db_text/db774.txt,8,后,但到了末后，却是一城池；,但到了末後，卻是一城池；,但到了末後，卻是一城池；
lyrics_db_text/db774.txt,9,里,在园子那里，乃是神创造，,在園子那裏，乃是神創造，,在園子那裏，乃是神創造，
lyrics_db_text/db774.txt,10,里,在城池这里，成了神建造。,在城池這裏，成了神建造。,在城池這裏，成了神建造。
lyrics_db_text/db774.txt,13,里,无论在园里，或是在城中，,無論在園裏，或是在城中，,無論在園裏，或是在城中，
lyrics_db_text/db774.txt,25,里,但是在园里，这三种东西，,但是在園裏，這三種東西，,但是在園裏，這三種東西，
lyrics_db_text/db774.txt,26,里,不过是材料，散布在那里；,不過是材料，散佈在那裏；,不過是材料，散佈在那裏；
lyrics_db_text/db774.txt,31,里,人在园子里，乃是土所造，,人在園子裏，乃是土所造，,人在園子裏，乃是土所造，
lyrics_db_text/db774.txt,32,于,性质属于土，无属天荣耀；,性質屬於土，無屬天榮耀；,性質屬於土，無屬天榮耀；
lyrics_db_text/db774.txt,33,面,那时生命树，也在人外面，,那時生命樹，也在人外面，,那時生命樹，也在人外面，
lyrics_db_text/db774.txt,38,里面,长在人里面，团体人中住；,長在人裏面，團體人中住；,長在人裏面，團體人中住；
lyrics_db_text/db774.txt,40,里面,在人的里面将生命供应。,在人的裏面將生命供應。,在人的裏面將生命供應。
lyrics_db_text/db774.txt,49,里,在那园子里，也有一新妇，,在那園子裏，也有一新婦，,在那園子裏，也有一新婦，
lyrics_db_text/db774.txt,50,于,作亚当配偶，出于祂肋骨；,作亞當配偶，出於祂肋骨；,作亞當配偶，出於祂肋骨；
lyrics_db_text/db774.txt,52,于,作基督丰满，出于祂丰富。,作基督豐滿，出於祂豐富。,作基督豐滿，出於祂豐富。
lyrics_db_text/db774.txt,56,里,众圣的组合，在灵里相调；,眾聖的組合，在靈裏相調；,眾聖的組合，在靈裏相調；
lyrics_db_text/db774.txt,61,表,是神的表现，终极且丰满，,是神的表現，終極且豐滿，,是神的表現，終極且豐滿，
lyrics_db_text/db775.txt,8,表,作你丰满、作你表现，使你彰显你丰富。,作你豐滿、作你表現，使你彰顯你豐富。,作你豐滿、作你表現，使你彰顯你豐富。
lyrics_db_text/db775.txt,13,于表,这是神完满的表现，永显于人性。,這是神完滿的表現，永顯於人性。,這是神完滿的表現，永顯於人性。
lyrics_db_text/db775.txt,18,表,是一宇宙伟大器皿，全然表现神丰满；,是一宇宙偉大器皿，全然表現神豐滿；,是一宇宙偉大器皿，全然表現神豐滿；
lyrics_db_text/db775.txt,28,台,是一永远精金灯台，托着基督作明灯；,是一永遠精金燈臺，托著基督作明燈；,是一永遠精金燈台，托着基督作明燈；
lyrics_db_text/db775.txt,29,借,神在基督作她荣光，借着圣灵来照明。,神在基督作她榮光，藉著聖靈來照明。,神在基督作她榮光，藉着聖靈來照明。
lyrics_db_text/db775.txt,30,表,乃是终极、完满表现，是神调人的建造；,乃是終極、完滿表現，是神調人的建造；,乃是終極、完滿表現，是神調人的建造；
lyrics_db_text/db776.txt,16,余,无何多余，无何不及，无何偏斜，无何不齐。,無何多餘，無何不及，無何偏斜，無何不齊。,無何多餘，無何不及，無何偏斜，無何不齊。
lyrics_db_text/db776.txt,20,征,象征神的尊贵生命，就是圣城本质本性。,象徵神的尊貴生命，就是聖城本質本性。,象徵神的尊貴生命，就是聖城本質本性。
lyrics_db_text/db776.txt,35,里,城墙为界，里外分别，摒除一切不圣、不洁；,城牆為界，裏外分別，摒除一切不聖、不潔；,城牆為界，裏外分別，摒除一切不聖、不潔；
lyrics_db_text/db776.txt,39,面,神和羔羊为城的殿，人得时常见他荣面；,神和羔羊為城的殿，人得時常見他榮面；,神和羔羊為城的殿，人得時常見他榮面；
lyrics_db_text/db776.txt,44,台,羔羊是灯，城是灯台，将神荣光四射城外。,羔羊是燈，城是燈臺，將神榮光四射城外。,羔羊是燈，城是燈台，將神榮光四射城外。
lyrics_db_text/db776.txt,51,表,这是表明神的生命，不仅流出、滋润、供应，,這是表明神的生命，不僅流出、滋潤、供應，,這是表明神的生命，不僅流出、滋潤、供應，
lyrics_db_text/db776.txt,55,尽,所以神性成为街道，满城尽是精金、珠宝；,所以神性成為街道，滿城盡是精金、珠寶；,所以神性成為街道，滿城盡是精金、珠寶；
lyrics_db_text/db776.txt,59,表,十二数目表明政权，也是表明永远完全；,十二數目表明政權，也是表明永遠完全；,十二數目表明政權，也是表明永遠完全；
lyrics_db_text/db776.txt,60,表,更是表明神、人调和，三四相乘，融洽无隔。,更是表明神、人調和，三四相乘，融洽無隔。,更是表明神、人調和，三四相乘，融洽無隔。
lyrics_db_text/db777.txt,23,里,祂在羔羊里作光，城就永无黑夜。,祂在羔羊裏作光，城就永無黑夜。,祂在羔羊裏作光，城就永無黑夜。
lyrics_db_text/db778.txt,11,表,旧约所有召会预表，不外妇女以及建筑；,舊約所有召會預表，不外婦女以及建築；,舊約所有召會預表，不外婦女以及建築；
lyrics_db_text/db778.txt,23,复里面,基督今在复活里面，像所罗门为神建殿，,基督今在復活裏面，像所羅門為神建殿，,基督今在復活裏面，像所羅門為神建殿，
lyrics_db_text/db778.txt,32,表,一切预表终极成全，使神得以心满意足。,一切預表終極成全，使神得以心滿意足。,一切預表終極成全，使神得以心滿意足。
lyrics_db_text/db778.txt,39,里,她是神在人里工作终极完满的集大成，,她是神在人裏工作終極完滿的集大成，,她是神在人裏工作終極完滿的集大成，
lyrics_db_text/db778.txt,40,表里,作神人性里的表现，丰满、永远、而且神圣。,作神人性裏的表現，豐滿、永遠、而且神聖。,作神人性裏的表現，豐滿、永遠、而且神聖。
lyrics_db_text/db779.txt,7,里,在基督里归一万有，乃是我神的经营；,在基督裏歸一萬有，乃是我神的經營；,在基督裏歸一萬有，乃是我神的經營；
lyrics_db_text/db779.txt,15,于,基督要作生命、内容，归一万有于光中；,基督要作生命、內容，歸一萬有於光中；,基督要作生命、內容，歸一萬有於光中；
lyrics_db_text/db779.txt,19,里,撒但已将祂的自己注到人里，毁万有，,撒但已將祂的自己注到人裏，毀萬有，,撒但已將祂的自己注到人裏，毀萬有，
lyrics_db_text/db779.txt,27,于借,借召会－祂的身体，要将万有归于一；,借召會－祂的身體，要將萬有歸於一；,借召會－祂的身體，要將萬有歸於一；
lyrics_db_text/db779.txt,28,系,万有都要联得合式，无论大小成一系。,萬有都要聯得合式，無論大小成一系。,萬有都要聯得合式，無論大小成一系。
lyrics_db_text/db779.txt,32,于,在祂召会所照光中，万有全都归于一。,在祂召會所照光中，萬有全都歸於一。,在祂召會所照光中，萬有全都歸於一。
lyrics_db_text/db779.txt,36,借,借祂身体所有光照，万有相安无间歇。,借祂身體所有光照，萬有相安無間歇。,借祂身體所有光照，萬有相安無間歇。
lyrics_db_text/db779.txt,40,于制,万有都要脱离辖制，永远居于自由中。,萬有都要脫離轄制，永遠居於自由中。,萬有都要脱離轄制，永遠居於自由中。
lyrics_db_text/db78.txt,11,历,你在艰苦历程显出何等忍耐的爱！,你在艱苦歷程顯出何等忍耐的愛！,你在艱苦歷程顯出何等忍耐的愛！
lyrics_db_text/db780.txt,7,于,那日我神的宝贝，不再藏于瓦器，,那日我神的寶貝，不再藏於瓦器，,那日我神的寶貝，不再藏於瓦器，
lyrics_db_text/db780.txt,11,借,借那伟大的金器，神的荣耀照亮；,借那偉大的金器，神的榮耀照亮；,借那偉大的金器，神的榮耀照亮；
lyrics_db_text/db780.txt,20,尽,明光丰满照四方，驱尽地上黑暗。,明光豐滿照四方，驅盡地上黑暗。,明光豐滿照四方，驅盡地上黑暗。
lyrics_db_text/db780.txt,28,里,神在荣中羔羊里，显现直到万代。,神在榮中羔羊裏，顯現直到萬代。,神在榮中羔羊裏，顯現直到萬代。
lyrics_db_text/db783.txt,8,发,日夜发言，晓谕不已，,日夜發言，曉諭不已，,日夜發言，曉諭不已，
lyrics_db_text/db783.txt,10,征,神的永能，和祂特征，,神的永能，和祂特徵，,神的永能，和祂特徵，
lyrics_db_text/db783.txt,11,借,借祂创造全都显明；,借祂創造全都顯明；,借祂創造全都顯明；
lyrics_db_text/db783.txt,20,谷,天降甘霖，地生五谷，,天降甘霖，地生五穀，,天降甘霖，地生五穀，
lyrics_db_text/db783.txt,28,准,年限、疆界，由祂定准，,年限、疆界，由祂定準，,年限、疆界，由祂定準，
lyrics_db_text/db783.txt,36,于,不见之神显于所见，,不見之神顯於所見，,不見之神顯於所見，
lyrics_db_text/db783.txt,39,表,还需一人前来表彰。,還需一人前來表彰。,還需一人前來表彰。
lyrics_db_text/db783.txt,43,尽致,全由这人彰显尽致。,全由這人彰顯盡致。,全由這人彰顯盡致。
lyrics_db_text/db783.txt,56,里面,神的神性藏祂里面，,神的神性藏祂裏面，,神的神性藏祂裏面，
lyrics_db_text/db783.txt,62,复,从死复活，化身那灵，,從死復活，化身那靈，,從死復活，化身那靈，
lyrics_db_text/db784.txt,16,复,复活成为生命灵，进入人灵作生命。,復活成為生命靈，進入人靈作生命。,復活成為生命靈，進入人靈作生命。
lyrics_db_text/db784.txt,19,尽,人的生存无基督，一切尽都感虚无：,人的生存無基督，一切盡都感虛無：,人的生存無基督，一切盡都感虛無：
lyrics_db_text/db784.txt,23,里,接受基督作生命，人就灵里得重生；,接受基督作生命，人就靈裏得重生；,接受基督作生命，人就靈裏得重生；
lyrics_db_text/db784.txt,27,于,如此便能彰显神，也能造福于人群，,如此便能彰顯神，也能造福於人群，,如此便能彰顯神，也能造福於人羣，
lyrics_db_text/db784.txt,28,干,流出活水的江河，解除群众的干渴。,流出活水的江河，解除群眾的乾渴。,流出活水的江河，解除羣眾的乾渴。
lyrics_db_text/db785.txt,2,历,经历神－神人联调,經歷神－神人聯調,經歷神－神人聯調
lyrics_db_text/db785.txt,19,里,并与众圣神里配搭，建成三一宇宙之家，,並與眾聖神裏配搭，建成三一宇宙之家，,並與眾聖神裏配搭，建成三一宇宙之家，
lyrics_db_text/db786.txt,2,历,经历神－神完整的救恩,經歷神－神完整的救恩,經歷神－神完整的救恩
lyrics_db_text/db786.txt,18,于,将我变化模成荣形，新陈代谢显于生命；,將我變化模成榮形，新陳代謝顯於生命；,將我變化模成榮形，新陳代謝顯於生命；
lyrics_db_text/db79.txt,7,历,哦主，当我们想到你在世所历路程：,哦主，當我們想到你在世所歷路程：,哦主，當我們想到你在世所歷路程：
lyrics_db_text/db79.txt,28,里,主，我们愿学你式微，因这里有安息。,主，我們願學你式微，因這裏有安息。,主，我們願學你式微，因這裏有安息。
lyrics_db_text/db8.txt,12,里,且将我们灵里重生，为叫灵灵响应。,且將我們靈裏重生，為叫靈靈響應。,且將我們靈裏重生，為叫靈靈響應。
lyrics_db_text/db8.txt,19,里,你在子里，子是你话，这话也就是灵；,你在子裏，子是你話，這話也就是靈；,你在子裏，子是你話，這話也就是靈；
lyrics_db_text/db8.txt,31,里,灵里祷告、灵里敬拜、灵里将你瞻仰，,靈裏禱告、靈裏敬拜、靈裏將你瞻仰，,靈裏禱告、靈裏敬拜、靈裏將你瞻仰，
lyrics_db_text/db80.txt,7,于,我今俯伏，生命的王，奉献荣耀于你；,我今俯伏，生命的王，奉獻榮耀於你；,我今俯伏，生命的王，奉獻榮耀於你；
lyrics_db_text/db81.txt,8,借,你已胜过阴府黑暗，借着忍辱与受死。,你已勝過陰府黑暗，藉著忍辱與受死。,你已勝過陰府黑暗，藉着忍辱與受死。
lyrics_db_text/db81.txt,27,里,心中赞美、灵里敬拜，救主，全都向你呈。,心中讚美、靈裏敬拜，救主，全都向你呈。,心中讚美、靈裏敬拜，救主，全都向你呈。
lyrics_db_text/db82.txt,8,尽,受尽万般的试炼，又戴荆棘冠冕；,受盡萬般的試煉，又戴荊棘冠冕；,受盡萬般的試煉，又戴荊棘冠冕；
lyrics_db_text/db82.txt,13,面,你的面容原超凡，如同光明太阳，,你的面容原超凡，如同光明太陽，,你的面容原超凡，如同光明太陽，
lyrics_db_text/db82.txt,27,后,求你使我从今后，天天记念髑髅，,求你使我從今後，天天記念髑髏，,求你使我從今後，天天記念髑髏，
lyrics_db_text/db83.txt,19,尽,时已夜半，祈祷已尽，深知苦杯不能不饮，,時已夜半，祈禱已盡，深知苦杯不能不飲，,時已夜半，祈禱已盡，深知苦杯不能不飲，
lyrics_db_text/db84.txt,13,尽,然而其中每滴苦汤，你都为我喝尽。,然而其中每滴苦湯，你都為我喝盡。,然而其中每滴苦湯，你都為我喝盡。
lyrics_db_text/db84.txt,14,尽,苦杯你爱为我尽尝，福杯我今得饮。,苦杯你愛為我盡嘗，福杯我今得飲。,苦杯你愛為我盡嘗，福杯我今得飲。
lyrics_db_text/db84.txt,33,复里,你已复活，将我开释，今在我里活着。,你已復活，將我開釋，今在我裏活著。,你已復活，將我開釋，今在我裏活着。
lyrics_db_text/db85.txt,24,尽,假若宇宙都归我手，尽以奉主仍觉可羞；,假若宇宙都歸我手，盡以奉主仍覺可羞；,假若宇宙都歸我手，盡以奉主仍覺可羞；
lyrics_db_text/db86.txt,11,余,爱既如此长阔高深，余生属你永不渝。,愛既如此長闊高深，餘生屬你永不渝。,愛既如此長闊高深，餘生屬你永不渝。
lyrics_db_text/db86.txt,22,面,太阳掩面不忍再睹，无疵羔羊惨丧身。,太陽掩面不忍再睹，無疵羔羊慘喪身。,太陽掩面不忍再睹，無疵羔羊慘喪身。
lyrics_db_text/db88.txt,16,面,并且独自为我受审，在彼拉多面前。,並且獨自為我受審，在彼拉多面前。,並且獨自為我受審，在彼拉多面前。
lyrics_db_text/db88.txt,27,尽,耶稣独自为我喝尽忿怒咒诅苦杯，,耶穌獨自為我喝盡忿怒咒詛苦杯，,耶穌獨自為我喝盡忿怒咒詛苦杯，
lyrics_db_text/db89.txt,11,于,哦，你的担何等的重！何等难于背负！,哦，你的擔何等的重！何等難於揹負！,哦，你的擔何等的重！何等難於揹負！
lyrics_db_text/db89.txt,12,恶,人的罪恶、鬼的讥讽、加上神的忿怒。,人的罪惡、鬼的譏諷、加上神的忿怒。,人的罪惡、鬼的譏諷、加上神的忿怒。
lyrics_db_text/db89.txt,20,里,但在这里你死的地，我们要先唱起。,但在這裏你死的地，我們要先唱起。,但在這裏你死的地，我們要先唱起。
lyrics_db_text/db9.txt,11,里,你在子里因爱流出，流到人类中间；,你在子裏因愛流出，流到人類中間；,你在子裏因愛流出，流到人類中間；
lyrics_db_text/db9.txt,12,里面,且成那灵带爱流入，流进我们里面。,且成那靈帶愛流入，流進我們裏面。,且成那靈帶愛流入，流進我們裏面。
lyrics_db_text/db9.txt,15,恶,我们虽都偏行己路，满了邪恶罪愆，,我們雖都偏行己路，滿了邪惡罪愆，,我們雖都偏行己路，滿了邪惡罪愆，
lyrics_db_text/db9.txt,16,里,你在子里仍来救赎，赐以生命恩典。,你在子裏仍來救贖，賜以生命恩典。,你在子裏仍來救贖，賜以生命恩典。
lyrics_db_text/db9.txt,23,借里,你在子里、借成那灵，已与我们调和；,你在子裏、借成那靈，已與我們調和；,你在子裏、借成那靈，已與我們調和；
lyrics_db_text/db9.txt,24,借,你的成分借祂运行，还要涂抹加多。,你的成分借祂運行，還要塗抹加多。,你的成分借祂運行，還要塗抹加多。
lyrics_db_text/db9.txt,33,尽,赞美你爱不尽！,讚美你愛不盡！,讚美你愛不盡！
lyrics_db_text/db90.txt,7,尽,赞美不尽赞美，赞美救主恩深；,讚美不盡讚美，讚美救主恩深；,讚美不盡讚美，讚美救主恩深；
lyrics_db_text/db91.txt,15,恶,律法非此不算还债，非此，罪恶不能宽贷。,律法非此不算還債，非此，罪惡不能寬貸。,律法非此不算還債，非此，罪惡不能寬貸。
lyrics_db_text/db91.txt,25,发,我们的心虽然冷淡，这爱叫它发出感赞。,我們的心雖然冷淡，這愛叫它發出感讚。,我們的心雖然冷淡，這愛叫它發出感讚。
lyrics_db_text/db92.txt,33,只,一同蒙神赐福；我们原来只配受罚，,一同蒙神賜福；我們原來只配受罰，,一同蒙神賜福；我們原來只配受罰，
lyrics_db_text/db93.txt,24,表,主，我在此奉上一生，聊表此心感戴。,主，我在此奉上一生，聊表此心感戴。,主，我在此奉上一生，聊表此心感戴。
lyrics_db_text/db94.txt,10,于,你的救赎奇妙、有能，过于我所能赞！,你的救贖奇妙、有能，過於我所能讚！,你的救贖奇妙、有能，過於我所能讚！
lyrics_db_text/db94.txt,25,借,你借我们生活、行动，我们把你彰显。,你借我們生活、行動，我們把你彰顯。,你借我們生活、行動，我們把你彰顯。
lyrics_db_text/db94.txt,34,表,我们在此擘饼记念，看到表记之物，,我們在此擘餅記念，看到表記之物，,我們在此擘餅記念，看到表記之物，
lyrics_db_text/db94.txt,37,只面,我们只有一面感激，一面敬拜、歌讴！,我們只有一面感激，一面敬拜、歌謳！,我們只有一面感激，一面敬拜、歌謳！
lyrics_db_text/db95.txt,9,于,来自天上荣耀，死于十字架，,來自天上榮耀，死於十字架，,來自天上榮耀，死於十字架，
lyrics_db_text/db96.txt,23,复,当他复临遣天使，提接圣徒见他时，,當他復臨遣天使，提接聖徒見他時，,當他復臨遣天使，提接聖徒見他時，
lyrics_db_text/db98.txt,12,尽,祂替我们备尝死味，祂为我们费尽心力。,祂替我們備嘗死味，祂為我們費盡心力。,祂替我們備嘗死味，祂為我們費盡心力。
lyrics_db_text/db99.txt,2,复,赞美主－他的复活,讚美主－他的復活,讚美主－他的復活
lyrics_er_text/er1006.txt,8,发,多少奇妙故事因祂发生；,多少奇妙故事因祂發生；,多少奇妙故事因祂發生；
lyrics_er_text/er1013.txt,5,只,神救恩已成就，只等我来接受，,神救恩已成就，只等我來接受，,神救恩已成就，只等我來接受，
lyrics_er_text/er1023.txt,9,只,耶稣喜爱我；只要你愿意，,耶穌喜愛我；只要你願意，,耶穌喜愛我；只要你願意，
lyrics_er_text/er1025.txt,2,里,失迷的羊你今在哪里,失迷的羊你今在哪裏,失迷的羊你今在哪裏
lyrics_er_text/er1025.txt,5,里,失迷的羊你今在哪里？,失迷的羊你今在哪裏？,失迷的羊你今在哪裏？
lyrics_er_text/er1025.txt,7,只,一百只羊内中缺一只，莫非就是你？,一百隻羊內中缺一隻，莫非就是你？,一百隻羊內中缺一隻，莫非就是你？
lyrics_er_text/er1025.txt,9,只,一百只羊内中缺一只，莫非就是你？,一百隻羊內中缺一隻，莫非就是你？,一百隻羊內中缺一隻，莫非就是你？
lyrics_er_text/er1028.txt,10,里,今是那灵，住我灵里；,今是那靈，住我靈裏；,今是那靈，住我靈裏；
lyrics_er_text/er1030.txt,7,复,因祂为你钉死十架又复活，,因祂為你釘死十架又復活，,因祂為你釘死十架又復活，
lyrics_er_text/er1030.txt,9,只,就是这样简单，只相信呼求祂，,就是這樣簡單，只相信呼求祂，,就是這樣簡單，只相信呼求祂，
lyrics_er_text/er1032.txt,5,发,当我相信主，奇妙事情发生，,當我相信主，奇妙事情發生，,當我相信主，奇妙事情發生，
lyrics_er_text/er1033.txt,7,里,主是赐生命者，住在我里，,主是賜生命者，住在我裏，,主是賜生命者，住在我裏，
lyrics_er_text/er1036.txt,6,里,小朋友都爱主，无论在家里或在学校，,小朋友都愛主，無論在家裏或在學校，,小朋友都愛主，無論在家裏或在學校，
lyrics_er_text/er1036.txt,12,后,然后再唱一遍。,然後再唱一遍。,然後再唱一遍。
lyrics_er_text/er1037.txt,5,里,人若渴了，可到这里来喝；,人若渴了，可到這裏來喝；,人若渴了，可到這裏來喝；
lyrics_er_text/er104.txt,7,里,让一切小孩，到主这里来，,讓一切小孩，到主這裏來，,讓一切小孩，到主這裏來，
lyrics_er_text/er105.txt,6,里,无论你从哪里来，都是耶稣心所爱，,無論你從哪裏來，都是耶穌心所愛，,無論你從哪裏來，都是耶穌心所愛，
lyrics_er_text/er106.txt,6,尽,受尽痛苦为小孩，钉死十架显明爱！,受盡痛苦為小孩，釘死十架顯明愛！,受盡痛苦為小孩，釘死十架顯明愛！
lyrics_er_text/er106.txt,7,于,是祂感动我前来，献上自己于祂怀！,是祂感動我前來，獻上自己於祂懷！,是祂感動我前來，獻上自己於祂懷！
lyrics_er_text/er11.txt,9,表,要我成为祂的器皿，装祂将祂表明。,要我成為祂的器皿，裝祂將祂表明。,要我成為祂的器皿，裝祂將祂表明。
lyrics_er_text/er1101.txt,6,发里,像一枝小蜡烛，在夜里发光，,像一枝小蠟燭，在夜裏發光，,像一枝小蠟燭，在夜裏發光，
lyrics_er_text/er1102.txt,2,只,一只小小萤火虫,一隻小小螢火蟲,一隻小小螢火蟲
lyrics_er_text/er1102.txt,5,只里,一只小小萤火虫，天天夜里打灯笼，,一隻小小螢火蟲，天天夜裏打燈籠，,一隻小小螢火蟲，天天夜裏打燈籠，
lyrics_er_text/er1102.txt,6,发,我要像它去发光，帮助大家走天路。,我要像它去發光，幫助大家走天路。,我要像它去發光，幫助大家走天路。
lyrics_er_text/er1103.txt,5,发,求主使我生活如光，一生发光辉煌，,求主使我生活如光，一生發光輝煌，,求主使我生活如光，一生發光輝煌，
lyrics_er_text/er1104.txt,5,发,我是一盏小小明灯，愿意为主发光，,我是一盞小小明燈，願意為主發光，,我是一盞小小明燈，願意為主發光，
lyrics_er_text/er1104.txt,7,发,小明灯，小明灯，每天要为主发光，,小明燈，小明燈，每天要為主發光，,小明燈，小明燈，每天要為主發光，
lyrics_er_text/er1104.txt,8,发,小明灯，小明灯，每天要为主发光。,小明燈，小明燈，每天要為主發光。,小明燈，小明燈，每天要為主發光。
lyrics_er_text/er1105.txt,2,发,孩子当去发光,孩子當去發光,孩子當去發光
lyrics_er_text/er1105.txt,5,发,孩子当去发光，为耶稣发光，,孩子當去發光，為耶穌發光，,孩子當去發光，為耶穌發光，
lyrics_er_text/er1105.txt,6,发,耶稣就是真光，也要我发光；,耶穌就是真光，也要我發光；,耶穌就是真光，也要我發光；
lyrics_er_text/er1105.txt,7,发,发光，发光，为耶稣发光，,發光，發光，為耶穌發光，,發光，發光，為耶穌發光，
lyrics_er_text/er1107.txt,2,只,若我是一只林中的雀鸟,若我是一隻林中的雀鳥,若我是一隻林中的雀鳥
lyrics_er_text/er1107.txt,5,只,若我是一只林中的雀鸟，,若我是一隻林中的雀鳥，,若我是一隻林中的雀鳥，
lyrics_er_text/er1107.txt,7,尽,我要尽情歌唱赞美，,我要盡情歌唱讚美，,我要盡情歌唱讚美，
lyrics_er_text/er1107.txt,11,只,若我是一只林中的雀鸟，,若我是一隻林中的雀鳥，,若我是一隻林中的雀鳥，
lyrics_er_text/er1110.txt,7,里面,求主使我里面刚强，不以你福音为耻，,求主使我裏面剛強，不以你福音為恥，,求主使我裏面剛強，不以你福音為恥，
lyrics_er_text/er1114.txt,2,于,我虽未曾操枪于步兵队,我雖未曾操槍於步兵隊,我雖未曾操槍於步兵隊
lyrics_er_text/er1114.txt,5,于,我虽未曾操枪于步兵队，骑马于骑兵队，,我雖未曾操槍於步兵隊，騎馬於騎兵隊，,我雖未曾操槍於步兵隊，騎馬於騎兵隊，
lyrics_er_text/er1114.txt,6,于,开炮于炮兵队，我虽未曾乘风突破敌围，,開炮於炮兵隊，我雖未曾乘風突破敵圍，,開炮於炮兵隊，我雖未曾乘風突破敵圍，
lyrics_er_text/er1114.txt,8,于,我入了主军队，我虽未曾操枪于步兵队，,我入了主軍隊，我雖未曾操槍於步兵隊，,我入了主軍隊，我雖未曾操槍於步兵隊，
lyrics_er_text/er1114.txt,9,于,骑马于骑兵队，开炮于炮兵队，,騎馬於騎兵隊，開炮於炮兵隊，,騎馬於騎兵隊，開炮於炮兵隊，
lyrics_er_text/er1115.txt,10,里,在灵里多方祷告，,在靈裏多方禱告，,在靈裏多方禱告，
lyrics_er_text/er113.txt,7,面,怜我疼我真爱我，容我到祂面前来。,憐我疼我真愛我，容我到祂面前來。,憐我疼我真愛我，容我到祂面前來。
lyrics_er_text/er113.txt,10,面,我要到主面前来，让主抱我在祂怀；,我要到主面前來，讓主抱我在祂懷；,我要到主面前來，讓主抱我在祂懷；
lyrics_er_text/er114.txt,14,复,钉死，流血洗我罪，复活，来住我心内。,釘死，流血洗我罪，復活，來住我心內。,釘死，流血洗我罪，復活，來住我心內。
lyrics_er_text/er119.txt,7,谷,走过高山峻岭，行过死荫幽谷，,走過高山峻嶺，行過死蔭幽谷，,走過高山峻嶺，行過死蔭幽谷，
lyrics_er_text/er119.txt,11,尽,诉说不尽，赞美不完，,訴說不盡，讚美不完，,訴説不盡，讚美不完，
lyrics_er_text/er1202.txt,10,后,小朋友，快快来，进方舟不落后，,小朋友，快快來，進方舟不落後，,小朋友，快快來，進方舟不落後，
lyrics_er_text/er1203.txt,13,干,变成干地，他们就走干地过去。,變成乾地，他們就走乾地過去。,變成乾地，他們就走乾地過去。
lyrics_er_text/er1206.txt,7,只,三百军兵只拿火把吹角就得胜；,三百軍兵只拿火把吹角就得勝；,三百軍兵只拿火把吹角就得勝；
lyrics_er_text/er1206.txt,8,恶,凶恶的仇敌米甸，欺压神民以色列，,兇惡的仇敵米甸，欺壓神民以色列，,兇惡的仇敵米甸，欺壓神民以色列，
lyrics_er_text/er1208.txt,14,谷,我虽然行过死荫的幽谷，也不怕遭害，,我雖然行過死蔭的幽谷，也不怕遭害，,我雖然行過死蔭的幽谷，也不怕遭害，
lyrics_er_text/er1208.txt,16,面,你的竿都安慰我；在我敌人面前，,你的竿都安慰我；在我敵人面前，,你的竿都安慰我；在我敵人面前，
lyrics_er_text/er121.txt,8,发,不求自己的益处，不轻易发怒，,不求自己的益處，不輕易發怒，,不求自己的益處，不輕易發怒，
lyrics_er_text/er121.txt,9,恶,不计算人家的恶，不喜欢不义，,不計算人家的惡，不喜歡不義，,不計算人家的惡，不喜歡不義，
lyrics_er_text/er121.txt,10,只,只喜欢真理；凡事包容，,只喜歡真理；凡事包容，,只喜歡真理；凡事包容，
lyrics_er_text/er1214.txt,7,发,因为一生的果效，是由心发出。,因為一生的果效，是由心發出。,因為一生的果效，是由心發出。
lyrics_er_text/er1216.txt,7,里,耶稣赐她活水，但不是井里水；,耶穌賜她活水，但不是井裏水；,耶穌賜她活水，但不是井裏水；
lyrics_er_text/er1216.txt,8,里,耶稣赐她活水，但不是井里水；,耶穌賜她活水，但不是井裏水；,耶穌賜她活水，但不是井裏水；
lyrics_er_text/er1216.txt,10,里,同饮生命活水，但不是井里水。,同飲生命活水，但不是井裏水。,同飲生命活水，但不是井裏水。
lyrics_er_text/er1217.txt,2,复,复活在我,復活在我,復活在我
lyrics_er_text/er1217.txt,7,复,复活在我，生命也是在我，,復活在我，生命也是在我，,復活在我，生命也是在我，
lyrics_er_text/er1217.txt,8,复,信我的虽然死了，也必复活；,信我的雖然死了，也必復活；,信我的雖然死了，也必復活；
lyrics_er_text/er1221.txt,11,里,抬头看见他在那里：,抬頭看見他在那裏：,抬頭看見他在那裏：
lyrics_er_text/er1223.txt,7,只,只把我所有的给你，,只把我所有的給你，,只把我所有的給你，
lyrics_er_text/er1228.txt,2,尽,凡属肉体的尽都如草,凡屬肉體的盡都如草,凡屬肉體的盡都如草
lyrics_er_text/er1228.txt,6,尽,凡属肉体的，尽都如草，,凡屬肉體的，盡都如草，,凡屬肉體的，盡都如草，
lyrics_er_text/er1228.txt,8,干,草必枯干，花必凋谢；,草必枯乾，花必凋謝；,草必枯乾，花必凋謝；
lyrics_er_text/er1230.txt,7,里,直到被敌人捉去，放进狮子坑里。,直到被敵人捉去，放進獅子坑裏。,直到被敵人捉去，放進獅子坑裏。
lyrics_er_text/er13.txt,2,云,风儿笑云儿飘,風兒笑雲兒飄,風兒笑雲兒飄
lyrics_er_text/er13.txt,5,云,风儿笑，云儿飘，太阳高高照，,風兒笑，雲兒飄，太陽高高照，,風兒笑，雲兒飄，太陽高高照，
lyrics_er_text/er13.txt,8,只,万物怎能这样好，只因神创造。,萬物怎能這樣好，只因神創造。,萬物怎能這樣好，只因神創造。
lyrics_er_text/er14.txt,15,后,最后造你造我，多么奇妙。,最後造你造我，多麼奇妙。,最後造你造我，多麼奇妙。
lyrics_er_text/er201.txt,7,只,只要打开心门，祂就进入你心；,只要打開心門，祂就進入你心；,只要打開心門，祂就進入你心；
lyrics_er_text/er204.txt,8,里,在我灵里引导供应。,在我靈裏引導供應。,在我靈裏引導供應。
lyrics_er_text/er205.txt,5,里,每当我心安静主前，灵里静听我主慈言，,每當我心安靜主前，靈裏靜聽我主慈言，,每當我心安靜主前，靈裏靜聽我主慈言，
lyrics_er_text/er207.txt,2,里,饱尝我基督在灵里,飽嘗我基督在靈裏,飽嘗我基督在靈裏
lyrics_er_text/er207.txt,5,里,饱尝我基督在灵里，,飽嘗我基督在靈裏，,飽嘗我基督在靈裏，
lyrics_er_text/er207.txt,9,里,在灵里，在灵里，,在靈裏，在靈裏，,在靈裏，在靈裏，
lyrics_er_text/er207.txt,10,里,饱尝我基督在灵里；,飽嘗我基督在靈裏；,飽嘗我基督在靈裏；
lyrics_er_text/er207.txt,11,里,在灵里，在灵里，在灵里，,在靈裏，在靈裏，在靈裏，,在靈裏，在靈裏，在靈裏，
lyrics_er_text/er207.txt,12,里,享受主基督在灵里。,享受主基督在靈裏。,享受主基督在靈裏。
lyrics_er_text/er208.txt,2,里,我们要在灵里向主歌唱,我們要在靈裏向主歌唱,我們要在靈裏向主歌唱
lyrics_er_text/er208.txt,5,里,我们要在灵里向主歌唱，,我們要在靈裏向主歌唱，,我們要在靈裏向主歌唱，
lyrics_er_text/er208.txt,6,里面,我们要从里面向主唱，,我們要從裏面向主唱，,我們要從裏面向主唱，
lyrics_er_text/er210.txt,8,制,良善、信实、温柔、节制。,良善、信實、溫柔、節制。,良善、信實、温柔、節制。
lyrics_er_text/er303.txt,2,里,我是在主大能手里,我是在主大能手裏,我是在主大能手裏
lyrics_er_text/er303.txt,5,里,我是在主大能手里，谁也不能夺去，,我是在主大能手裏，誰也不能奪去，,我是在主大能手裏，誰也不能奪去，
lyrics_er_text/er306.txt,8,里,无论在哪里你的朋友都会看顾；,無論在哪裏你的朋友都會看顧；,無論在哪裏你的朋友都會看顧；
lyrics_er_text/er306.txt,10,里,无论在哪里，你的朋友都会看顾。,無論在哪裏，你的朋友都會看顧。,無論在哪裏，你的朋友都會看顧。
lyrics_er_text/er309.txt,12,谷,高山深谷带我经过，,高山深谷帶我經過，,高山深谷帶我經過，
lyrics_er_text/er311.txt,7,里,也不积蓄在仓里，,也不積蓄在倉裏，,也不積蓄在倉裏，
lyrics_er_text/er313.txt,2,里,有主在我船里,有主在我船裏,有主在我船裏
lyrics_er_text/er313.txt,5,里,有主在我船里，我就不怕风浪，,有主在我船裏，我就不怕風浪，,有主在我船裏，我就不怕風浪，
lyrics_er_text/er313.txt,7,里,有主在我船里，我就不怕风浪，,有主在我船裏，我就不怕風浪，,有主在我船裏，我就不怕風浪，
lyrics_er_text/er313.txt,10,里,有主在我船里，我就不怕风浪，,有主在我船裏，我就不怕風浪，,有主在我船裏，我就不怕風浪，
lyrics_er_text/er314.txt,5,里面,我安全，我安全，在主里面我安全，,我安全，我安全，在主裏面我安全，,我安全，我安全，在主裏面我安全，
lyrics_er_text/er314.txt,6,里面,我安全，我安全，在主里面我安全，,我安全，我安全，在主裏面我安全，,我安全，我安全，在主裏面我安全，
lyrics_er_text/er314.txt,9,里面,我安全，我安全，在主里面我安全。,我安全，我安全，在主裏面我安全。,我安全，我安全，在主裏面我安全。
lyrics_er_text/er316.txt,2,里,永远在我心里,永遠在我心裏,永遠在我心裏
lyrics_er_text/er316.txt,5,里,永远在我心里，耶稣属我，,永遠在我心裏，耶穌屬我，,永遠在我心裏，耶穌屬我，
lyrics_er_text/er316.txt,6,里,永远在我心里，我真快活；,永遠在我心裏，我真快活；,永遠在我心裏，我真快活；
lyrics_er_text/er320.txt,8,发,你是一盏发光小明灯；,你是一盞發光小明燈；,你是一盞發光小明燈；
lyrics_er_text/er320.txt,9,干,快擦去脸上未干眼泪，,快擦去臉上未乾眼淚，,快擦去臉上未乾眼淚，
lyrics_er_text/er320.txt,16,发,你是一盏发光小明灯。,你是一盞發光小明燈。,你是一盞發光小明燈。
lyrics_er_text/er323.txt,2,里面,主在我里面,主在我裏面,主在我裏面
lyrics_er_text/er323.txt,5,里面,主在我里面，主在我外面，,主在我裏面，主在我外面，,主在我裏面，主在我外面，
lyrics_er_text/er323.txt,6,后面,主在我的前面，主在我后面，,主在我的前面，主在我後面，,主在我的前面，主在我後面，
lyrics_er_text/er323.txt,8,里,无论我在哪里，都有主同在。,無論我在哪裏，都有主同在。,無論我在哪裏，都有主同在。
lyrics_er_text/er4.txt,6,只,朵朵开放的小花，只只唱歌小鸟，,朵朵開放的小花，只只唱歌小鳥，,朵朵開放的小花，只只唱歌小鳥，
lyrics_er_text/er402.txt,6,里,我们的心都在这里，赞美那爱我们的；,我們的心都在這裏，讚美那愛我們的；,我們的心都在這裏，讚美那愛我們的；
lyrics_er_text/er406.txt,15,尽,那蒙恩的孩童阿，尽情的欢笑，,那蒙恩的孩童阿，盡情的歡笑，,那蒙恩的孩童阿，盡情的歡笑，
lyrics_er_text/er407.txt,6,谷,山谷流水，海边细砂，你要赞美祂！,山谷流水，海邊細砂，你要讚美祂！,山谷流水，海邊細砂，你要讚美祂！
lyrics_er_text/er411.txt,2,发,日头月亮发光星宿,日頭月亮發光星宿,日頭月亮發光星宿
lyrics_er_text/er411.txt,5,发,日头、月亮、发光星宿，,日頭、月亮、發光星宿，,日頭、月亮、發光星宿，
lyrics_er_text/er413.txt,5,谷,高山峻岭浩瀚洋，幽谷清溪畅，,高山峻嶺浩瀚洋，幽谷清溪暢，,高山峻嶺浩瀚洋，幽谷清溪暢，
lyrics_er_text/er414.txt,2,云,白云悠悠绿水荡漾,白雲悠悠綠水蕩漾,白雲悠悠綠水蕩漾
lyrics_er_text/er414.txt,5,云,白云悠悠，绿水荡漾，欢喜和声来颂扬，,白雲悠悠，綠水蕩漾，歡喜和聲來頌揚，,白雲悠悠，綠水蕩漾，歡喜和聲來頌揚，
lyrics_er_text/er416.txt,2,云,太阳出来云儿飘,太陽出來雲兒飄,太陽出來雲兒飄
lyrics_er_text/er416.txt,5,云,太阳出来云儿飘，鸟儿树上歌声高，,太陽出來雲兒飄，鳥兒樹上歌聲高，,太陽出來雲兒飄，鳥兒樹上歌聲高，
lyrics_er_text/er417.txt,6,冲,却有孩童的歌声，冲破这寂静；,卻有孩童的歌聲，衝破這寂靜；,卻有孩童的歌聲，衝破這寂靜；
lyrics_er_text/er424.txt,6,里,来吧！我们齐欢唱，在这里不分你我他；,來吧！我們齊歡唱，在這裏不分你我他；,來吧！我們齊歡唱，在這裏不分你我他；
lyrics_er_text/er424.txt,7,尽,躺在柔软的草地上，尽情唱诗赞美神，,躺在柔軟的草地上，盡情唱詩讚美神，,躺在柔軟的草地上，盡情唱詩讚美神，
lyrics_er_text/er425.txt,7,里,神是灵，我们必须在灵里，,神是靈，我們必須在靈裏，,神是靈，我們必須在靈裏，
lyrics_er_text/er425.txt,8,里,并在真实里敬拜。,並在真實裏敬拜。,並在真實裏敬拜。
lyrics_er_text/er434.txt,6,里面,在主里面我一生一世快乐；,在主裏面我一生一世快樂；,在主裏面我一生一世快樂；
lyrics_er_text/er438.txt,2,里,耶稣是我主祂活在我里,耶穌是我主祂活在我裏,耶穌是我主祂活在我裏
lyrics_er_text/er438.txt,5,里,耶稣是我主，祂活在我里，,耶穌是我主，祂活在我裏，,耶穌是我主，祂活在我裏，
lyrics_er_text/er438.txt,8,里,哦，阿利路亚！祂活在我里。,哦，阿利路亞！祂活在我裏。,哦，阿利路亞！祂活在我裏。
lyrics_er_text/er442.txt,7,云,微风伴太阳微微笑，朵朵白云轻轻飘过来。,微風伴太陽微微笑，朵朵白雲輕輕飄過來。,微風伴太陽微微笑，朵朵白雲輕輕飄過來。
lyrics_er_text/er442.txt,13,云,太阳笑，白云飘，,太陽笑，白雲飄，,太陽笑，白雲飄，
lyrics_er_text/er443.txt,14,里,跟从主的不在黑暗里行，,跟從主的不在黑暗裏行，,跟從主的不在黑暗裏行，
lyrics_er_text/er443.txt,20,后,今是昔是以后永是的神，,今是昔是以後永是的神，,今是昔是以後永是的神，
lyrics_er_text/er503.txt,10,面,恳求你，保守我活在你面前，,懇求你，保守我活在你面前，,懇求你，保守我活在你面前，
lyrics_er_text/er503.txt,12,里,直等到晚星起，仍在你怀里！。,直等到晚星起，仍在你懷裏！。,直等到晚星起，仍在你懷裏！。
lyrics_er_text/er506.txt,7,尽,夜尽天明，都不要离开我，,夜盡天明，都不要離開我，,夜盡天明，都不要離開我，
lyrics_er_text/er510.txt,2,云,歌唱愁云散,歌唱愁雲散,歌唱愁雲散
lyrics_er_text/er510.txt,5,云,歌唱愁云散，赞美代忧伤，,歌唱愁雲散，讚美代憂傷，,歌唱愁雲散，讚美代憂傷，
lyrics_er_text/er510.txt,6,云,你要唱再唱再唱，唱到愁云消散；,你要唱再唱再唱，唱到愁雲消散；,你要唱再唱再唱，唱到愁雲消散；
lyrics_er_text/er510.txt,12,云,祷祷唱唱真是喜乐，会叫愁云散。,禱禱唱唱真是喜樂，會叫愁雲散。,禱禱唱唱真是喜樂，會叫愁雲散。
lyrics_er_text/er511.txt,8,里,亲近你，享受你在爱里；,親近你，享受你在愛裏；,親近你，享受你在愛裏；
lyrics_er_text/er512.txt,6,里面,保守我活在你里面；,保守我活在你裏面；,保守我活在你裏面；
lyrics_er_text/er512.txt,7,里,随时问问你在我里的感觉，,隨時問問你在我裏的感覺，,隨時問問你在我裏的感覺，
lyrics_er_text/er519.txt,7,里,我将你话藏在心里，,我將你話藏在心裏，,我將你話藏在心裏，
lyrics_er_text/er521.txt,6,后,林前林后加弗腓西帖前帖后书，,林前林後加弗腓西帖前帖後書，,林前林後加弗腓西帖前帖後書，
lyrics_er_text/er521.txt,7,后,提前提后多门来雅彼前彼后书，,提前提後多門來雅彼前彼後書，,提前提後多門來雅彼前彼後書，
lyrics_er_text/er524.txt,5,复,神成肉身，经过人生，受死，复活，,神成肉身，經過人生，受死，復活，,神成肉身，經過人生，受死，復活，
lyrics_er_text/er524.txt,6,里面,化身成灵，进到人里面，作人的生命，,化身成靈，進到人裏面，作人的生命，,化身成靈，進到人裏面，作人的生命，
lyrics_er_text/er6.txt,5,只,朵朵小花含笑，只只小雀飞叫，,朵朵小花含笑，只只小雀飛叫，,朵朵小花含笑，只只小雀飛叫，
lyrics_er_text/er613.txt,6,面,我有个小小心愿，献在你面前：,我有個小小心願，獻在你面前：,我有個小小心願，獻在你面前：
lyrics_er_text/er614.txt,8,尽,我愿尽心、尽意、尽力爱你。,我願盡心、盡意、盡力愛你。,我願盡心、盡意、盡力愛你。
lyrics_er_text/er617.txt,14,里,殷勤不可懒惰，要灵里火热常服事主，,殷勤不可懶惰，要靈裏火熱常服事主，,殷勤不可懶惰，要靈裏火熱常服事主，
lyrics_er_text/er621.txt,8,尽,我愿尽心、尽意、尽力爱你。,我願盡心、盡意、盡力愛你。,我願盡心、盡意、盡力愛你。
lyrics_er_text/er703.txt,7,里,天天吃喝享受主，让主生命长我里，,天天喫喝享受主，讓主生命長我裏，,天天喫喝享受主，讓主生命長我裏，
lyrics_er_text/er706.txt,8,只,只要有主引导，我必跟随主。,只要有主引導，我必跟隨主。,只要有主引導，我必跟隨主。
lyrics_er_text/er710.txt,5,志,天天跟耶稣，立志永不改，,天天跟耶穌，立志永不改，,天天跟耶穌，立志永不改，
lyrics_er_text/er713.txt,6,只,只要一听祂召唤，喜乐就必充满；,只要一聽祂召喚，喜樂就必充滿；,只要一聽祂召喚，喜樂就必充滿；
lyrics_er_text/er715.txt,7,于,牧场上凡是属于主的羊都强壮，,牧場上凡是屬於主的羊都強壯，,牧場上凡是屬於主的羊都強壯，
lyrics_er_text/er715.txt,8,谷,我是主羊。青草地(死荫幽谷)，,我是主羊。青草地(死蔭幽谷)，,我是主羊。青草地(死蔭幽谷)，
lyrics_er_text/er715.txt,12,谷,黑暗夜，(死荫幽谷)，,黑暗夜，(死蔭幽谷)，,黑暗夜，(死蔭幽谷)，
lyrics_er_text/er716.txt,8,后,永不回头，永不后悔,永不回頭，永不後悔,永不回頭，永不後悔
lyrics_er_text/er801.txt,2,里面,耶稣在我里面,耶穌在我裏面,耶穌在我裏面
lyrics_er_text/er801.txt,5,里面,耶稣在我里面，听见我说话，,耶穌在我裏面，聽見我說話，,耶穌在我裏面，聽見我説話，
lyrics_er_text/er802.txt,2,里,主阿求你住我里,主阿求你住我裏,主阿求你住我裏
lyrics_er_text/er802.txt,5,里,主阿，求你住我里，使我说话常柔细，,主阿，求你住我裏，使我說話常柔細，,主阿，求你住我裏，使我説話常柔細，
lyrics_er_text/er804.txt,5,干,清洁孩童人人爱，衣裳干净手洁白，,清潔孩童人人愛，衣裳乾淨手潔白，,清潔孩童人人愛，衣裳乾淨手潔白，
lyrics_er_text/er810.txt,2,面,你看平静的湖面,你看平靜的湖面,你看平靜的湖面
lyrics_er_text/er810.txt,5,面,你看平静的湖面，反映美丽的天，,你看平靜的湖面，反映美麗的天，,你看平靜的湖面，反映美麗的天，
lyrics_er_text/er813.txt,6,谷,许多小小米粒，积聚成谷场；,許多小小米粒，積聚成穀場；,許多小小米粒，積聚成穀場；
lyrics_er_text/er815.txt,2,只面,两只小眼看主荣面,兩隻小眼看主榮面,兩隻小眼看主榮面
lyrics_er_text/er815.txt,6,只面,两只小眼看主荣面，,兩隻小眼看主榮面，,兩隻小眼看主榮面，
lyrics_er_text/er815.txt,7,只,两只小耳听主圣言，,兩隻小耳聽主聖言，,兩隻小耳聽主聖言，
lyrics_er_text/er815.txt,8,只,两只小足奔跑义路，,兩隻小足奔跑義路，,兩隻小足奔跑義路，
lyrics_er_text/er815.txt,9,只,两只小手行善为主，,兩隻小手行善為主，,兩隻小手行善為主，
lyrics_er_text/er815.txt,10,只,两只小手行善为主。,兩隻小手行善為主。,兩隻小手行善為主。
lyrics_er_text/er816.txt,12,志,忠心不改我心志，,忠心不改我心志，,忠心不改我心志，
lyrics_er_text/er817.txt,8,后,不然等到荒废日久，那时必后悔痛哭！,不然等到荒廢日久，那時必後悔痛哭！,不然等到荒廢日久，那時必後悔痛哭！
lyrics_er_text/er824.txt,6,尽,生活行事尽本分，人人喜爱蒙主恩。,生活行事盡本分，人人喜愛蒙主恩。,生活行事盡本分，人人喜愛蒙主恩。
lyrics_er_text/er832.txt,10,里,得胜，得胜，在身体里同作得胜者。,得勝，得勝，在身體裏同作得勝者。,得勝，得勝，在身體裏同作得勝者。
lyrics_er_text/er834.txt,8,于,灵饱足，整天灵中联于主。,靈飽足，整天靈中聯於主。,靈飽足，整天靈中聯於主。
lyrics_er_text/er835.txt,5,准,真、准、紧、勤、大、细、,真、準、緊、勤、大、細、,真、準、緊、勤、大、細、
lyrics_er_text/er836.txt,14,准,说话准，听话准，传话准，作事准，,說話準，聽話準，傳話準，作事準，,説話準，聽話準，傳話準，作事準，
lyrics_er_text/er836.txt,15,准,时间准，彰显神，荣耀神。,時間準，彰顯神，榮耀神。,時間準，彰顯神，榮耀神。
lyrics_er_text/er9.txt,11,里,滚进绿绿稻田里，这是造物的希奇。,滾進綠綠稻田裏，這是造物的希奇。,滾進綠綠稻田裏，這是造物的希奇。
lyrics_er_text/er905.txt,2,里,这里是活神的家,這裏是活神的家,這裏是活神的家
lyrics_er_text/er905.txt,5,里,这里是活神的家，,這裏是活神的家，,這裏是活神的家，
lyrics_er_text/er905.txt,11,里,这里是活神的家，,這裏是活神的家，,這裏是活神的家，
lyrics_er_text/er906.txt,8,于,有分于祂的经营，我真是快乐。,有分於祂的經營，我真是快樂。,有分於祂的經營，我真是快樂。
lyrics_er_text/er907.txt,9,尽,一同来尽情享受，,一同來盡情享受，,一同來盡情享受，
lyrics_er_text/er911.txt,2,里,在那荣耀城里,在那榮耀城裏,在那榮耀城裏
lyrics_er_text/er911.txt,6,里,在那荣耀城里，永没有痛苦，,在那榮耀城裏，永沒有痛苦，,在那榮耀城裏，永沒有痛苦，
lyrics_er_text/er911.txt,8,里,在那荣耀城里，永没有痛苦，,在那榮耀城裏，永沒有痛苦，,在那榮耀城裏，永沒有痛苦，
lyrics_er_text/er911.txt,12,里,在那荣耀城里，永没有别离，,在那榮耀城裏，永沒有別離，,在那榮耀城裏，永沒有別離，
lyrics_er_text/er911.txt,14,里,在那荣耀城里，永没有别离，,在那榮耀城裏，永沒有別離，,在那榮耀城裏，永沒有別離，
lyrics_er_text/er913.txt,11,里,阿──快来到这里，,阿──快來到這裏，,阿──快來到這裏，
lyrics_er_text/er916.txt,6,里面,在家里主面前同欢聚，,在家裏主面前同歡聚，,在家裏主面前同歡聚，
lyrics_er_text/er916.txt,8,里,灵里高昂，引声颂扬永无止。,靈裏高昂，引聲頌揚永無止。,靈裏高昂，引聲頌揚永無止。
lyrics_er_text/er917.txt,5,准,我们孩童聚会散，大家准备回家；,我們孩童聚會散，大家準備回家；,我們孩童聚會散，大家準備回家；
lyrics_er_text/er918.txt,8,范,受规范，同成长，小排生活我向往。,受規範，同成長，小排生活我向往。,受規範，同成長，小排生活我向往。
lyrics_er_text/er919.txt,9,发,我爱小排聚集，彼此相顾激发爱心；,我愛小排聚集，彼此相顧激發愛心；,我愛小排聚集，彼此相顧激發愛心；
lyrics_er_text/er919.txt,11,尽,我爱小排聚集，人人都尽生机功用；,我愛小排聚集，人人都盡生機功用；,我愛小排聚集，人人都盡生機功用；
lyrics_xb_text/xb1.txt,5,里,兴起！兴起！主在点名，你在哪里?,興起！興起！主在點名，你在哪裏?,興起！興起！主在點名，你在哪裏?
lyrics_xb_text/xb1.txt,13,斗,劳苦奋斗同心合意，把主新路开辟，,勞苦奮鬥同心合意，把主新路開闢，,勞苦奮鬥同心合意，把主新路開闢，
lyrics_xb_text/xb1.txt,14,复,为主恢复，荣耀无比，一心讨主欢喜。,為主恢復，榮耀無比，一心討主歡喜。,為主恢復，榮耀無比，一心討主歡喜。
lyrics_xb_text/xb1.txt,17,里,兴起！兴起！我们的心都在这里，,興起！興起！我們的心都在這裏，,興起！興起！我們的心都在這裏，
lyrics_xb_text/xb1.txt,19,里,看哪，庄稼成熟满地，快来收进仓里，,看哪，莊稼成熟滿地，快來收進倉裏，,看哪，莊稼成熟滿地，快來收進倉裏，
lyrics_xb_text/xb10.txt,6,里面,从那天罪里得释，在神面前我就是。,從那天罪裏得釋，在神面前我就是。,從那天罪裏得釋，在神面前我就是。
lyrics_xb_text/xb10.txt,9,后,去寻找平安之子，拯救来作神后嗣，,去尋找平安之子，拯救來作神後嗣，,去尋找平安之子，拯救來作神後嗣，
lyrics_xb_text/xb10.txt,14,里面,当受浸与主接枝，在主里面我就是;,當受浸與主接枝，在主裏面我就是;,當受浸與主接枝，在主裏面我就是;
lyrics_xb_text/xb10.txt,16,于,联于主，合一不弛，向主求多结果子，,聯於主，合一不弛，向主求多結果子，,聯於主，合一不弛，向主求多結果子，
lyrics_xb_text/xb100.txt,10,面,主，我真愿如此活在你面前，,主，我真願如此活在你面前，,主，我真願如此活在你面前，
lyrics_xb_text/xb101.txt,2,复,死而复活,死而復活,死而復活
lyrics_xb_text/xb101.txt,8,于面,走向撒冷面如坚石，存心顺服以至于死。,走向撒冷面如堅石，存心順服以至於死。,走向撒冷麪如堅石，存心順服以至於死。
lyrics_xb_text/xb101.txt,16,恶面,他因前面的喜乐，轻看羞辱，不畏凶恶，,他因前面的喜樂，輕看羞辱，不畏兇惡，,他因前面的喜樂，輕看羞辱，不畏兇惡，
lyrics_xb_text/xb101.txt,17,复,渴望经过死与复活，完成神人救赎工作。,渴望經過死與復活，完成神人救贖工作。,渴望經過死與復活，完成神人救贖工作。
lyrics_xb_text/xb101.txt,20,复,当他进入死与复活，带同我们亲身经过，,當他進入死與復活，帶同我們親身經過，,當他進入死與復活，帶同我們親身經過，
lyrics_xb_text/xb101.txt,22,复,他死，释放神圣生命，复活，生出众多弟兄，,他死，釋放神聖生命，復活，生出眾多弟兄，,他死，釋放神聖生命，復活，生出眾多弟兄，
lyrics_xb_text/xb101.txt,23,制复,看哪，他已扩大、繁殖，就是我们－团体复制。,看哪，他已擴大、繁殖，就是我們－團體複製。,看哪，他已擴大、繁殖，就是我們－團體複製。
lyrics_xb_text/xb102.txt,6,尽,你的所是追测不尽，吸引我心来亲近；,你的所是追測不盡，吸引我心來親近；,你的所是追測不盡，吸引我心來親近；
lyrics_xb_text/xb102.txt,8,历,但愿你的神圣自己，成我一生的经历。,但願你的神聖自己，成我一生的經歷。,但願你的神聖自己，成我一生的經歷。
lyrics_xb_text/xb102.txt,12,复谷,把光照在死荫幽谷，叫疲困人得复苏；,把光照在死蔭幽谷，叫疲困人得復甦；,把光照在死蔭幽谷，叫疲困人得復甦；
lyrics_xb_text/xb102.txt,18,恶,带我走出黑暗、凶恶，愁苦人生变诗歌；,帶我走出黑暗、兇惡，愁苦人生變詩歌；,帶我走出黑暗、兇惡，愁苦人生變詩歌；
lyrics_xb_text/xb102.txt,24,历,为使与我联调、合并，你已行完这历程；,為使與我聯調、合併，你已行完這歷程；,為使與我聯調、合併，你已行完這歷程；
lyrics_xb_text/xb103.txt,12,致,长大以致成熟，建造正在成就，,長大以致成熟，建造正在成就，,長大以致成熟，建造正在成就，
lyrics_xb_text/xb103.txt,18,复里,受死释放生命，复活成那灵，进入我们灵里，,受死釋放生命，復活成那靈，進入我們靈裏，,受死釋放生命，復活成那靈，進入我們靈裏，
lyrics_xb_text/xb103.txt,22,借,借基督救赎我得赦罪称义，与神和好如初，,借基督救贖我得赦罪稱義，與神和好如初，,借基督救贖我得赦罪稱義，與神和好如初，
lyrics_xb_text/xb103.txt,28,里面,愿主在我里面能自由自在一步步来增长，,願主在我裏面能自由自在一步步來增長，,願主在我裏面能自由自在一步步來增長，
lyrics_xb_text/xb103.txt,29,里面,我要持定元首，长到祂里面在我一切事上；,我要持定元首，長到祂裏面在我一切事上；,我要持定元首，長到祂裏面在我一切事上；
lyrics_xb_text/xb103.txt,34,里,我们在基督里，众人成一身，且互相作肢体，,我們在基督裏，眾人成一身，且互相作肢體，,我們在基督裏，眾人成一身，且互相作肢體，
lyrics_xb_text/xb103.txt,35,尽,当每节来供应，各部尽功用，全身联结一起；,當每節來供應，各部盡功用，全身聯結一起；,當每節來供應，各部盡功用，全身聯結一起；
lyrics_xb_text/xb103.txt,36,致里,一同活在爱里，持守着真实，以致建造身体，,一同活在愛裏，持守著真實，以致建造身體，,一同活在愛裏，持守着真實，以致建造身體，
lyrics_xb_text/xb103.txt,42,里,在永世里见证神与人调和，何其奥妙、丰盛，,在永世裏見證神與人調和，何其奧妙、豐盛，,在永世裏見證神與人調和，何其奧妙、豐盛，
lyrics_xb_text/xb104.txt,13,恶,堕落之人受对付，撒但恶性被废除，,墮落之人受對付，撒但惡性被廢除，,墮落之人受對付，撒但惡性被廢除，
lyrics_xb_text/xb105.txt,6,只,只为满足神心怀，顺从至死不改；,只為滿足神心懷，順從至死不改；,只為滿足神心懷，順從至死不改；
lyrics_xb_text/xb105.txt,18,历里,真愿在你经历里，经历你的自己；,真願在你經歷裏，經歷你的自己；,真願在你經歷裏，經歷你的自己；
lyrics_xb_text/xb106.txt,15,发,同享基督无上平安，由衷发出无限感念，,同享基督無上平安，由衷發出無限感念，,同享基督無上平安，由衷發出無限感念，
lyrics_xb_text/xb106.txt,18,面,坦然来到施恩座前，欢喜见祂荣面。,坦然來到施恩座前，歡喜見祂榮面。,坦然來到施恩座前，歡喜見祂榮面。
lyrics_xb_text/xb107.txt,8,制,作一人子，甘受限制；,作一人子，甘受限制；,作一人子，甘受限制；
lyrics_xb_text/xb107.txt,9,恶,你名是耶稣，救我脱罪恶，,你名是耶穌，救我脫罪惡，,你名是耶穌，救我脱罪惡，
lyrics_xb_text/xb107.txt,11,历尽,为行你旨意，历尽人坎坷，,為行你旨意，歷盡人坎坷，,為行你旨意，歷盡人坎坷，
lyrics_xb_text/xb107.txt,16,里面,有形有体住你里面，,有形有體住你裏面，,有形有體住你裏面，
lyrics_xb_text/xb107.txt,17,借表,神的神圣本质借你表现，,神的神聖本質借你表現，,神的神聖本質借你表現，
lyrics_xb_text/xb107.txt,30,征,胜过罪与死，征服众仇敌，,勝過罪與死，征服眾仇敵，,勝過罪與死，征服眾仇敵，
lyrics_xb_text/xb107.txt,31,复,复活化身为生命的圣气－,復活化身為生命的聖氣－,復活化身為生命的聖氣－
lyrics_xb_text/xb107.txt,32,里,神的自己吹进我里。,神的自己吹進我裏。,神的自己吹進我裏。
lyrics_xb_text/xb108.txt,5,复里,耶稣我主在复活里，化身成为那圣气，,耶穌我主在復活裏，化身成為那聖氣，,耶穌我主在復活裏，化身成為那聖氣，
lyrics_xb_text/xb108.txt,15,借,天上职事借以执行，并由身体来显明；,天上職事藉以執行，並由身體來顯明；,天上職事藉以執行，並由身體來顯明；
lyrics_xb_text/xb108.txt,16,复,我们是你复活见证，满有生命和能力，,我們是你復活見證，滿有生命和能力，,我們是你復活見證，滿有生命和能力，
lyrics_xb_text/xb109.txt,6,里,住在我灵里，作生命一切；,住在我靈裏，作生命一切；,住在我靈裏，作生命一切；
lyrics_xb_text/xb109.txt,12,里,与众圣联调，灵里同被建造，,與眾聖聯調，靈裏同被建造，,與眾聖聯調，靈裏同被建造，
lyrics_xb_text/xb109.txt,16,尽,这灵满带着无尽的丰富，,這靈滿帶著無盡的豐富，,這靈滿帶着無盡的豐富，
lyrics_xb_text/xb11.txt,9,里,我总觉得愧疚，心里难捱;,我總覺得愧疚，心裏難挨;,我總覺得愧疚，心裏難挨;
lyrics_xb_text/xb11.txt,18,只,不要问该与不该，只管传，能力就展开，,不要問該與不該，只管傳，能力就展開，,不要問該與不該，只管傳，能力就展開，
lyrics_xb_text/xb110.txt,6,尽,我们都已蒙救赎，罪和世界尽消除。,我們都已蒙救贖，罪和世界盡消除。,我們都已蒙救贖，罪和世界盡消除。
lyrics_xb_text/xb111.txt,12,于,我享受神人联调，满足于属天新造；,我享受神人聯調，滿足於屬天新造；,我享受神人聯調，滿足於屬天新造；
lyrics_xb_text/xb112.txt,5,里,神生命的种子已经撒在我心里，,神生命的種子已經撒在我心裏，,神生命的種子已經撒在我心裏，
lyrics_xb_text/xb112.txt,10,后,一心向往，世界丢背后，,一心向往，世界丟背後，,一心向往，世界丟背後，
lyrics_xb_text/xb112.txt,12,只,我心只望忠诚，跟从天来的呼召，,我心只望忠誠，跟從天來的呼召，,我心只望忠誠，跟從天來的呼召，
lyrics_xb_text/xb112.txt,24,面,那日面见你，永远享你同在。,那日面見你，永遠享你同在。,那日面見你，永遠享你同在。
lyrics_xb_text/xb113.txt,5,里,何奇妙，三一神自己，道成肉身在人性里，,何奇妙，三一神自己，道成肉身在人性裏，,何奇妙，三一神自己，道成肉身在人性裏，
lyrics_xb_text/xb113.txt,8,借里,今借主活的话传递，我得重生，已撒进我心里。,今借主活的話傳遞，我得重生，已撒進我心裏。,今借主活的話傳遞，我得重生，已撒進我心裏。
lyrics_xb_text/xb113.txt,11,里,当这基因进到我里，我就被神生进国度里，,當這基因進到我裏，我就被神生進國度裏，,當這基因進到我裏，我就被神生進國度裏，
lyrics_xb_text/xb113.txt,17,里面,生命种子撒我心里，就是国度在我里面，,生命種子撒我心裏，就是國度在我裏面，,生命種子撒我心裏，就是國度在我裏面，
lyrics_xb_text/xb114.txt,8,表,心头的愿望却未能表达。,心頭的願望卻未能表達。,心頭的願望卻未能表達。
lyrics_xb_text/xb115.txt,5,系,什么能使神安息？什么是他心所系？,什麼能使神安息？什麼是他心所繫？,什麼能使神安息？什麼是他心所繫？
lyrics_xb_text/xb115.txt,13,历,这是历世的奥秘，隐藏在神的心底，,這是歷世的奧祕，隱藏在神的心底，,這是歷世的奧祕，隱藏在神的心底，
lyrics_xb_text/xb115.txt,14,借,今借圣灵我领会，显神万般的智慧。,今借聖靈我領會，顯神萬般的智慧。,今借聖靈我領會，顯神萬般的智慧。
lyrics_xb_text/xb115.txt,17,复,何时万物才复兴？没有劳苦，没叹息，,何時萬物纔復興？沒有勞苦，沒歎息，,何時萬物纔復興？沒有勞苦，沒歎息，
lyrics_xb_text/xb115.txt,18,里,当神众子荣耀中，万有基督里归一；,當神眾子榮耀中，萬有基督裏歸一；,當神眾子榮耀中，萬有基督裏歸一；
lyrics_xb_text/xb115.txt,25,于,当我认识你价值，就愿永远留于此，,當我認識你價值，就願永遠留於此，,當我認識你價值，就願永遠留於此，
lyrics_xb_text/xb116.txt,9,表,当我们注视桌上表记，满心是感激，,當我們注視桌上表記，滿心是感激，,當我們注視桌上表記，滿心是感激，
lyrics_xb_text/xb116.txt,18,面,欢喜、平安来到神面前，同领救恩福杯。,歡喜、平安來到神面前，同領救恩福杯。,歡喜、平安來到神面前，同領救恩福杯。
lyrics_xb_text/xb116.txt,21,复里,你死释放神圣的生命，今在复活里，,你死釋放神聖的生命，今在復活裏，,你死釋放神聖的生命，今在復活裏，
lyrics_xb_text/xb116.txt,30,里,灵里饱尝你生命丰美，爱中将你思念；,靈裏飽嘗你生命豐美，愛中將你思念；,靈裏飽嘗你生命豐美，愛中將你思念；
lyrics_xb_text/xb118.txt,5,云,曙光染云彩，水陆渐分开，,曙光染雲彩，水陸漸分開，,曙光染雲彩，水陸漸分開，
lyrics_xb_text/xb118.txt,7,里,你在那里，人哪，你在何地？,你在那裏，人哪，你在何地？,你在那裏，人哪，你在何地？
lyrics_xb_text/xb118.txt,8,于,神的爱情，他的安息，全都在于你。,神的愛情，他的安息，全都在於你。,神的愛情，他的安息，全都在於你。
lyrics_xb_text/xb118.txt,12,里,主里来相聚，神人同安居；,主裏來相聚，神人同安居；,主裏來相聚，神人同安居；
lyrics_xb_text/xb118.txt,13,于,团体新人，大哉！神显于肉身，,團體新人，大哉！神顯於肉身，,團體新人，大哉！神顯於肉身，
lyrics_xb_text/xb118.txt,19,系,天地相系，神、人永远合一，,天地相系，神、人永遠合一，,天地相系，神、人永遠合一，
lyrics_xb_text/xb118.txt,20,里,人的住处，神的安息，显在荣耀里！,人的住處，神的安息，顯在榮耀裏！,人的住處，神的安息，顯在榮耀裏！
lyrics_xb_text/xb119.txt,2,云,云彩,雲彩,雲彩
lyrics_xb_text/xb119.txt,5,云复,我的生命死而复活，自从我看见云彩，,我的生命死而復活，自從我看見雲彩，,我的生命死而復活，自從我看見雲彩，
lyrics_xb_text/xb119.txt,12,云,生活在光明的云彩。,生活在光明的雲彩。,生活在光明的雲彩。
lyrics_xb_text/xb119.txt,15,云,我的人生变得充实，正当我迎向云彩，,我的人生變得充實，正當我迎向雲彩，,我的人生變得充實，正當我迎向雲彩，
lyrics_xb_text/xb119.txt,16,历,宇宙万物真理柱石，千百年历久不衰；,宇宙萬物真理柱石，千百年歷久不衰；,宇宙萬物真理柱石，千百年歷久不衰；
lyrics_xb_text/xb119.txt,17,于,他是神所经营，活神显于肉身，,他是神所經營，活神顯於肉身，,他是神所經營，活神顯於肉身，
lyrics_xb_text/xb119.txt,21,云,我的生活何等豪迈，因我已拥有云彩，,我的生活何等豪邁，因我已擁有雲彩，,我的生活何等豪邁，因我已擁有雲彩，
lyrics_xb_text/xb119.txt,23,尽,真理照亮我的灵，恩典无穷无尽，,真理照亮我的靈，恩典無窮無盡，,真理照亮我的靈，恩典無窮無盡，
lyrics_xb_text/xb119.txt,27,云,我与你们已经融合，也化为这朵云彩，,我與你們已經融合，也化為這朵雲彩，,我與你們已經融合，也化為這朵雲彩，
lyrics_xb_text/xb120.txt,11,云,弟兄姊妹如同云彩围绕，,弟兄姊妹如同雲彩圍繞，,弟兄姊妹如同雲彩圍繞，
lyrics_xb_text/xb120.txt,27,只,走过日子我心只有感恩，,走過日子我心只有感恩，,走過日子我心只有感恩，
lyrics_xb_text/xb123.txt,4,发,瀑布发声，深渊就与深渊相应，,瀑布發聲，深淵就與深淵相應，,瀑布發聲，深淵就與深淵相應，
lyrics_xb_text/xb123.txt,5,发,我们发声，人心就与神心共鸣；,我們發聲，人心就與神心共鳴；,我們發聲，人心就與神心共鳴；
lyrics_xb_text/xb124.txt,6,只钟,今日回首只觉钟声远；,今日回首只覺鐘聲遠；,今日回首只覺鐘聲遠；
lyrics_xb_text/xb124.txt,7,历获,若把历年收获细细数算，,若把歷年收穫細細數算，,若把歷年收穫細細數算，
lyrics_xb_text/xb125.txt,5,发,哦，让我们扬声欢呼，角声遍地发出，,哦，讓我們揚聲歡呼，角聲遍地發出，,哦，讓我們揚聲歡呼，角聲遍地發出，
lyrics_xb_text/xb125.txt,8,发,哦，让我们扬声欢呼，角声遍地发出。,哦，讓我們揚聲歡呼，角聲遍地發出。,哦，讓我們揚聲歡呼，角聲遍地發出。
lyrics_xb_text/xb125.txt,13,复,我权益都恢复，重归自由，产业丰富。,我權益都恢復，重歸自由，產業豐富。,我權益都恢復，重歸自由，產業豐富。
lyrics_xb_text/xb125.txt,17,尽,哦，让我们尽情享受，去罢，烦恼、忧愁，,哦，讓我們盡情享受，去罷，煩惱、憂愁，,哦，讓我們盡情享受，去罷，煩惱、憂愁，
lyrics_xb_text/xb125.txt,20,尽,哦，让我们尽情享受，去罢，烦恼、忧愁，,哦，讓我們盡情享受，去罷，煩惱、憂愁，,哦，讓我們盡情享受，去罷，煩惱、憂愁，
lyrics_xb_text/xb126.txt,10,里,我是基督活肢体，我们都在身体里，,我是基督活肢體，我們都在身體裏，,我是基督活肢體，我們都在身體裏，
lyrics_xb_text/xb126.txt,14,里,在一位灵里受浸，成了一身体，,在一位靈裏受浸，成了一身體，,在一位靈裏受浸，成了一身體，
lyrics_xb_text/xb126.txt,15,于,我们且都饮于一位灵，,我們且都飲於一位靈，,我們且都飲於一位靈，
lyrics_xb_text/xb126.txt,16,里面,我们里面充满灵，外面也充溢，,我們裏面充滿靈，外面也充溢，,我們裏面充滿靈，外面也充溢，
lyrics_xb_text/xb126.txt,17,表,内含、表显全是灵。,內含、表顯全是靈。,內含、表顯全是靈。
lyrics_xb_text/xb126.txt,22,里,主，我愿天天活在这调和灵里，,主，我願天天活在這調和靈裏，,主，我願天天活在這調和靈裏，
lyrics_xb_text/xb127.txt,5,里,主呼召我们在这里，是为神永远的经纶，,主呼召我們在這裏，是為神永遠的經綸，,主呼召我們在這裏，是為神永遠的經綸，
lyrics_xb_text/xb127.txt,8,复里,祂钉死复活成为那灵，今在我灵里作我分。,祂釘死復活成為那靈，今在我靈裏作我分。,祂釘死復活成為那靈，今在我靈裏作我分。
lyrics_xb_text/xb127.txt,11,发,光照我，使我灵发旺，更刚强，,光照我，使我靈發旺，更剛強，,光照我，使我靈發旺，更剛強，
lyrics_xb_text/xb127.txt,17,里,留在基督这美地里，享受基督作实际；,留在基督這美地裏，享受基督作實際；,留在基督這美地裏，享受基督作實際；
lyrics_xb_text/xb127.txt,22,里,站在这异象的高峰，心里真欢欣，灵却重:,站在這異象的高峰，心裏真歡欣，靈卻重:,站在這異象的高峯，心裏真歡欣，靈卻重:
lyrics_xb_text/xb127.txt,23,复,我需要复活的大能，需要真实的复兴；,我需要復活的大能，需要真實的復興；,我需要復活的大能，需要真實的復興；
lyrics_xb_text/xb127.txt,25,于,成为神在地团体模型，同基督显于神的国。,成為神在地團體模型，同基督顯於神的國。,成為神在地團體模型，同基督顯於神的國。
lyrics_xb_text/xb127.txt,31,于,与众圣徒过神人生活，同基督显于神的国。,與眾聖徒過神人生活，同基督顯於神的國。,與眾聖徒過神人生活，同基督顯於神的國。
lyrics_xb_text/xb129.txt,8,于,愿平安归于神的家；,願平安歸於神的家；,願平安歸於神的家；
lyrics_xb_text/xb13.txt,7,里,为寻得安息，竟往罪人家里。,為尋得安息，竟往罪人家裏。,為尋得安息，竟往罪人家裏。
lyrics_xb_text/xb13.txt,10,发,"神，人齐声爆发:""救恩到了这家""！","神，人齊聲爆發:""救恩到了這家""！","神，人齊聲爆發:""救恩到了這家""！"
lyrics_xb_text/xb13.txt,13,尽,自从耶稣来我家居住，黑暗尽驱除，,自從耶穌來我家居住，黑暗盡驅除，,自從耶穌來我家居住，黑暗盡驅除，
lyrics_xb_text/xb131.txt,5,历,历经漫漫的过程，独自的神欢欣如愿，,歷經漫漫的過程，獨自的神歡欣如願，,歷經漫漫的過程，獨自的神歡欣如願，
lyrics_xb_text/xb131.txt,7,表,这是神人集其大成，神完全救恩的表现，,這是神人集其大成，神完全救恩的表現，,這是神人集其大成，神完全救恩的表現，
lyrics_xb_text/xb131.txt,17,里,为她，我献上自己，交在这神圣过程里，,為她，我獻上自己，交在這神聖過程裏，,為她，我獻上自己，交在這神聖過程裏，
lyrics_xb_text/xb132.txt,5,里,我来自遥远的伊甸乐园，那里有神的心愿：,我來自遙遠的伊甸樂園，那裏有神的心願：,我來自遙遠的伊甸樂園，那裏有神的心願：
lyrics_xb_text/xb132.txt,6,复,他按自己形象和样式造人，好成为他的复本；,他按自己形象和樣式造人，好成為他的複本；,他按自己形象和樣式造人，好成為他的複本；
lyrics_xb_text/xb132.txt,7,表,又赐我们权柄，好能代表他，给我们造了灵，得以盛装他，,又賜我們權柄，好能代表他，給我們造了靈，得以盛裝他，,又賜我們權柄，好能代表他，給我們造了靈，得以盛裝他，
lyrics_xb_text/xb132.txt,8,里,神将永远安置在我心里，渴望寻得他自己。,神將永遠安置在我心裏，渴望尋得他自己。,神將永遠安置在我心裏，渴望尋得他自己。
lyrics_xb_text/xb132.txt,19,尽,我们尽情享受，三一神无限，作他团体配偶，将他来彰显，,我們盡情享受，三一神無限，作他團體配偶，將他來彰顯，,我們盡情享受，三一神無限，作他團體配偶，將他來彰顯，
lyrics_xb_text/xb133.txt,6,里,但我信主灵里得重生，有神的生命；,但我信主靈裏得重生，有神的生命；,但我信主靈裏得重生，有神的生命；
lyrics_xb_text/xb133.txt,7,里,我今在基督里，成为神的新造，,我今在基督裏，成為神的新造，,我今在基督裏，成為神的新造，
lyrics_xb_text/xb133.txt,13,只,我只愿神加增我减少，活出新造，,我只願神加增我減少，活出新造，,我只願神加增我減少，活出新造，
lyrics_xb_text/xb133.txt,16,历,经过神这完全更新历程，成为圣城。,經過神這完全更新曆程，成為聖城。,經過神這完全更新曆程，成為聖城。
lyrics_xb_text/xb133.txt,20,里面,还要作到我全人里面，一直加添；,還要作到我全人裏面，一直加添；,還要作到我全人裏面，一直加添；
lyrics_xb_text/xb133.txt,21,复,我们渴望达到那杰出的复活，,我們渴望達到那傑出的復活，,我們渴望達到那傑出的復活，
lyrics_xb_text/xb133.txt,23,复里,显现在复活里，到处是新，到处是神。,顯現在復活裏，到處是新，到處是神。,顯現在復活裏，到處是新，到處是神。
lyrics_xb_text/xb134.txt,11,后,渴望随祂而走，作祂团体的王后，,渴望隨祂而走，作祂團體的王后，,渴望隨祂而走，作祂團體的王后，
lyrics_xb_text/xb134.txt,19,里,早晨同往园里，看看生命成长美丽，,早晨同往園裏，看看生命成長美麗，,早晨同往園裏，看看生命成長美麗，
lyrics_xb_text/xb134.txt,25,只,今只求你将我放在你心上如印记，,今只求你將我放在你心上如印記，,今只求你將我放在你心上如印記，
lyrics_xb_text/xb135.txt,6,借,借成为人，丰丰满满赐给我们，,借成為人，豐豐滿滿賜給我們，,借成為人，豐豐滿滿賜給我們，
lyrics_xb_text/xb135.txt,16,于,所得福份，完完全全是本于恩，,所得福份，完完全全是本於恩，,所得福份，完完全全是本於恩，
lyrics_xb_text/xb135.txt,17,借,我因信，借着应许而生，,我因信，藉著應許而生，,我因信，藉着應許而生，
lyrics_xb_text/xb135.txt,18,于,同来得着儿子名分，出于撒冷；,同來得著兒子名分，出於撒冷；,同來得着兒子名分，出於撒冷；
lyrics_xb_text/xb135.txt,27,尽,从开始，尽是恩典故事，,從開始，盡是恩典故事，,從開始，盡是恩典故事，
lyrics_xb_text/xb135.txt,29,后,愿今后，向着我们更洋溢扩增，,願今後，向著我們更洋溢擴增，,願今後，向着我們更洋溢擴增，
lyrics_xb_text/xb135.txt,32,借,借着圣城神得彰显，永永远远。,藉著聖城神得彰顯，永永遠遠。,藉着聖城神得彰顯，永永遠遠。
lyrics_xb_text/xb136.txt,15,里,不再漂泊四处去寻觅，我今安家神的召会里，,不再漂泊四處去尋覓，我今安家神的召會裏，,不再漂泊四處去尋覓，我今安家神的召會裏，
lyrics_xb_text/xb136.txt,16,里,天天享受伯特利实际，生活在这梦的应验里；,天天享受伯特利實際，生活在這夢的應驗裏；,天天享受伯特利實際，生活在這夢的應驗裏；
lyrics_xb_text/xb136.txt,18,历,经历基督被祂来构成，同被建造，成为神的家。,經歷基督被祂來構成，同被建造，成為神的家。,經歷基督被祂來構成，同被建造，成為神的家。
lyrics_xb_text/xb137.txt,2,台,新耶路撒冷－宇宙的灯台,新耶路撒冷－宇宙的燈臺,新耶路撒冷－宇宙的燈台
lyrics_xb_text/xb137.txt,5,尽,四周尽都是黑暗，日光月光也已隐藏，,四周盡都是黑暗，日光月光也已隱藏，,四周盡都是黑暗，日光月光也已隱藏，
lyrics_xb_text/xb137.txt,6,发台,惟见一金灯台竖立不变，始终灼灼在发亮；,惟見一金燈臺豎立不變，始終灼灼在發亮；,惟見一金燈台豎立不變，始終灼灼在發亮；
lyrics_xb_text/xb137.txt,7,发里,照耀在神帷幕里，也曾在圣殿里发光，,照耀在神帷幕裏，也曾在聖殿裏發光，,照耀在神帷幕裏，也曾在聖殿裏發光，
lyrics_xb_text/xb137.txt,11,征表,祂是纯金所打造，表征神圣别性情，,祂是純金所打造，表徵神聖別性情，,祂是純金所打造，表徵神聖別性情，
lyrics_xb_text/xb137.txt,12,台表,像台子形状作子神预表，灯是灵神的说明；,像臺子形狀作子神預表，燈是靈神的說明；,像台子形狀作子神預表，燈是靈神的説明；
lyrics_xb_text/xb137.txt,20,台,这独一的金灯台，要在各地得着繁殖，,這獨一的金燈臺，要在各地得著繁殖，,這獨一的金燈台，要在各地得着繁殖，
lyrics_xb_text/xb137.txt,21,制复,众召会要如此建造起来，作三一神的复制；,眾召會要如此建造起來，作三一神的複製；,眾召會要如此建造起來，作三一神的複製；
lyrics_xb_text/xb138.txt,8,尽里,这里有数不尽的恩爱，,這裏有數不盡的恩愛，,這裏有數不盡的恩愛，
lyrics_xb_text/xb138.txt,11,里面,长到主里面，我逐日衰减，,長到主裏面，我逐日衰減，,長到主裏面，我逐日衰減，
lyrics_xb_text/xb138.txt,14,里,如此活在基督身体里，,如此活在基督身體裏，,如此活在基督身體裏，
lyrics_xb_text/xb138.txt,19,尽,同来尽新约祭司职分，,同來盡新約祭司職分，,同來盡新約祭司職分，
lyrics_xb_text/xb138.txt,22,里,在灵里照耀神圣的光，,在靈裏照耀神聖的光，,在靈裏照耀神聖的光，
lyrics_xb_text/xb139.txt,19,复里,赞美神，必有预备，复活里，,讚美神，必有預備，復活裏，,讚美神，必有預備，復活裏，
lyrics_xb_text/xb139.txt,27,尽,愿神旨意得完成，同得胜者尽旅程，,願神旨意得完成，同得勝者盡旅程，,願神旨意得完成，同得勝者盡旅程，
lyrics_xb_text/xb14.txt,7,志,不需善行，也不必立志苦修，,不需善行，也不必立志苦修，,不需善行，也不必立志苦修，
lyrics_xb_text/xb140.txt,10,借,借着主话作我们食物；,藉著主話作我們食物；,藉着主話作我們食物；
lyrics_xb_text/xb140.txt,15,复,父神圣别的性情，子神复活的生命，,父神聖別的性情，子神復活的生命，,父神聖別的性情，子神復活的生命，
lyrics_xb_text/xb140.txt,22,借,那灵借万事管治，除掉我天然杂质，,那靈借萬事管治，除掉我天然雜質，,那靈借萬事管治，除掉我天然雜質，
lyrics_xb_text/xb141.txt,17,里,荣耀的种子撒我里，愿祂天天长大，,榮耀的種子撒我裏，願祂天天長大，,榮耀的種子撒我裏，願祂天天長大，
lyrics_xb_text/xb141.txt,19,发,那是我们要透出光辉，宇宙全都要发出赞美，,那是我們要透出光輝，宇宙全都要發出讚美，,那是我們要透出光輝，宇宙全都要發出讚美，
lyrics_xb_text/xb142.txt,9,里面,如今在我们里面涌流，将我们全然浸透，,如今在我們裏面湧流，將我們全然浸透，,如今在我們裏面湧流，將我們全然浸透，
lyrics_xb_text/xb142.txt,16,干,祂已解除我干渴，我向主唱歌；,祂已解除我乾渴，我向主唱歌；,祂已解除我乾渴，我向主唱歌；
lyrics_xb_text/xb142.txt,18,里面,灵是水河且流进我里面：,靈是水河且流進我裏面：,靈是水河且流進我裏面：
lyrics_xb_text/xb143.txt,5,里,不管你来自何地，不管你要去哪里，既在主里相遇，,不管你來自何地，不管你要去哪裏，既在主裏相遇，,不管你來自何地，不管你要去哪裏，既在主裏相遇，
lyrics_xb_text/xb143.txt,6,尽,让我们尽情欢聚，事情纵有不如意，心情空转多叹息，,讓我們盡情歡聚，事情縱有不如意，心情空轉多歎息，,讓我們盡情歡聚，事情縱有不如意，心情空轉多歎息，
lyrics_xb_text/xb143.txt,8,里,我亲爱的朋友，欢迎你来到这里，我们都爱你，,我親愛的朋友，歡迎你來到這裏，我們都愛你，,我親愛的朋友，歡迎你來到這裏，我們都愛你，
lyrics_xb_text/xb143.txt,9,里,因耶稣最爱你，召会生活需要你，这里的一切都属你，,因耶穌最愛你，召會生活需要你，這裏的一切都屬你，,因耶穌最愛你，召會生活需要你，這裏的一切都屬你，
lyrics_xb_text/xb143.txt,10,里,期待你再来这里，记得我们都会想念你。,期待你再來這裏，記得我們都會想念你。,期待你再來這裏，記得我們都會想念你。
lyrics_xb_text/xb143.txt,16,里,我亲爱的朋友，欢迎你来到这里，我们都爱你，,我親愛的朋友，歡迎你來到這裏，我們都愛你，,我親愛的朋友，歡迎你來到這裏，我們都愛你，
lyrics_xb_text/xb143.txt,17,里,因耶稣最爱你，召会生活需要你，这里的一切都属你，,因耶穌最愛你，召會生活需要你，這裏的一切都屬你，,因耶穌最愛你，召會生活需要你，這裏的一切都屬你，
lyrics_xb_text/xb143.txt,18,里,期待你再来这里，记得我们都会想念你。,期待你再來這裏，記得我們都會想念你。,期待你再來這裏，記得我們都會想念你。
lyrics_xb_text/xb144.txt,6,面,而神素祭的规条，细面调油坛上烧，,而神素祭的規條，細麵調油壇上燒，,而神素祭的規條，細麵調油壇上燒，
lyrics_xb_text/xb144.txt,7,表,这都向我们预表：神喜悦与人相调，,這都向我們預表：神喜悅與人相調，,這都向我們預表：神喜悦與人相調，
lyrics_xb_text/xb144.txt,15,于,祂是神显于肉身，独一神人二性品，,祂是神顯於肉身，獨一神人二性品，,祂是神顯於肉身，獨一神人二性品，
lyrics_xb_text/xb144.txt,17,借,借着相调来达到，团体神人的目标。,藉著相調來達到，團體神人的目標。,藉着相調來達到，團體神人的目標。
lyrics_xb_text/xb144.txt,21,里,投入相调的流里，与众圣徒调为一；,投入相調的流裏，與眾聖徒調為一；,投入相調的流裏，與眾聖徒調為一；
lyrics_xb_text/xb145.txt,16,于,我这才知何为爱，竟然施于我无赖，,我這纔知何為愛，竟然施於我無賴，,我這纔知何為愛，竟然施於我無賴，
lyrics_xb_text/xb145.txt,17,里,为使一生都开怀，接我到神家里来，,為使一生都開懷，接我到神家裏來，,為使一生都開懷，接我到神家裏來，
lyrics_xb_text/xb146.txt,2,复,繁茂复活的春天,繁茂復活的春天,繁茂復活的春天
lyrics_xb_text/xb146.txt,16,冲,起来冲破一切暗淡，全人激奋放声歌唱，,起來衝破一切暗淡，全人激奮放聲歌唱，,起來衝破一切暗淡，全人激奮放聲歌唱，
lyrics_xb_text/xb146.txt,17,复,这繁茂复活的春天，带来全新活的盼望，,這繁茂復活的春天，帶來全新活的盼望，,這繁茂復活的春天，帶來全新活的盼望，
lyrics_xb_text/xb146.txt,19,复,带着我们大步向前走，直到复兴溢漫全境。,帶著我們大步向前走，直到復興溢漫全境。,帶着我們大步向前走，直到復興溢漫全境。
lyrics_xb_text/xb147.txt,5,尽,你的人性真超凡，美丽谁能尽言，,你的人性真超凡，美麗誰能盡言，,你的人性真超凡，美麗誰能盡言，
lyrics_xb_text/xb147.txt,6,面,柔细、纯良又甘甜，有如无酵细面；,柔細、純良又甘甜，有如無酵細麵；,柔細、純良又甘甜，有如無酵細麵；
lyrics_xb_text/xb147.txt,7,历面,经历风霜和磨碾，苦难忧患多面，,經歷風霜和磨碾，苦難憂患多面，,經歷風霜和磨碾，苦難憂患多面，
lyrics_xb_text/xb147.txt,12,复,从你处处可闻到复活馨香味道；,從你處處可聞到復活馨香味道；,從你處處可聞到復活馨香味道；
lyrics_xb_text/xb147.txt,18,里,在神圣别会幕里，逐日享受不已；,在神聖別會幕裏，逐日享受不已；,在神聖別會幕裏，逐日享受不已；
lyrics_xb_text/xb147.txt,19,借,借这早晚常献祭，神前事奉加力，,借這早晚常獻祭，神前事奉加力，,借這早晚常獻祭，神前事奉加力，
lyrics_xb_text/xb148.txt,6,面,都是神家的亲人，每次见面倍觉欢欣；,都是神家的親人，每次見面倍覺歡欣；,都是神家的親人，每次見面倍覺歡欣；
lyrics_xb_text/xb148.txt,14,尽,都是神爱的奇珍，聚在一起享受不尽；,都是神愛的奇珍，聚在一起享受不盡；,都是神愛的奇珍，聚在一起享受不盡；
lyrics_xb_text/xb148.txt,16,复,因着耶稣彰显祂复活生命；,因著耶穌彰顯祂復活生命；,因着耶穌彰顯祂復活生命；
lyrics_xb_text/xb149.txt,12,尽,罪担忧苦尽消散，平安喜乐满心怀；,罪擔憂苦盡消散，平安喜樂滿心懷；,罪擔憂苦盡消散，平安喜樂滿心懷；
lyrics_xb_text/xb149.txt,14,于,无何满足过于此，一家大小献敬拜。,無何滿足過於此，一家大小獻敬拜。,無何滿足過於此，一家大小獻敬拜。
lyrics_xb_text/xb149.txt,18,后,一家一家归向神，世界远远丢背后；,一家一家歸向神，世界遠遠丟背後；,一家一家歸向神，世界遠遠丟背後；
lyrics_xb_text/xb149.txt,23,面,每当夜影罩地面，挨家挨户聚主前，,每當夜影罩地面，挨家挨戶聚主前，,每當夜影罩地面，挨家挨户聚主前，
lyrics_xb_text/xb149.txt,24,尽,蒙恩乐歌唱不尽，家家一片光明天；,蒙恩樂歌唱不盡，家家一片光明天；,蒙恩樂歌唱不盡，家家一片光明天；
lyrics_xb_text/xb149.txt,26,尽,夜尽天明主临近，荣耀破晓在眼前。,夜盡天明主臨近，榮耀破曉在眼前。,夜盡天明主臨近，榮耀破曉在眼前。
lyrics_xb_text/xb15.txt,2,于,至于我和我家,至於我和我家,至於我和我家
lyrics_xb_text/xb15.txt,11,于,我要宣告:至于我和我全家，必定事奉耶和华，,我要宣告:至於我和我全家，必定事奉耶和華，,我要宣告:至於我和我全家，必定事奉耶和華，
lyrics_xb_text/xb150.txt,5,云面,即使大山横阻我面前，稠云绵绵不见晴朗天，,即使大山橫阻我面前，稠雲綿綿不見晴朗天，,即使大山橫阻我面前，稠雲綿綿不見晴朗天，
lyrics_xb_text/xb150.txt,7,后,既已蒙召若想退后，虽可安乐，全人必蒙羞，,既已蒙召若想退後，雖可安樂，全人必蒙羞，,既已蒙召若想退後，雖可安樂，全人必蒙羞，
lyrics_xb_text/xb150.txt,14,里,大山，听哪，你就此离去，在我眼前投在深海里，,大山，聽哪，你就此離去，在我眼前投在深海裏，,大山，聽哪，你就此離去，在我眼前投在深海裏，
lyrics_xb_text/xb150.txt,17,只,看哪，荣耀又要再显示，就在我们信从他只时。,看哪，榮耀又要再顯示，就在我們信從他只時。,看哪，榮耀又要再顯示，就在我們信從他只時。
lyrics_xb_text/xb151.txt,2,冲制,主的灵冲破一切限制,主的靈衝破一切限制,主的靈衝破一切限制
lyrics_xb_text/xb151.txt,5,云,越过黑云笼罩，再见蓝天阳光，,越過黑雲籠罩，再見藍天陽光，,越過黑雲籠罩，再見藍天陽光，
lyrics_xb_text/xb151.txt,10,尽志,弟兄们不要灰心丧志，姊妹们尽力坚持，,弟兄們不要灰心喪志，姊妹們盡力堅持，,弟兄們不要灰心喪志，姊妹們盡力堅持，
lyrics_xb_text/xb151.txt,11,冲制,主的灵冲破一切限制，在祂没有难成的事，,主的靈衝破一切限制，在祂沒有難成的事，,主的靈衝破一切限制，在祂沒有難成的事，
lyrics_xb_text/xb152.txt,7,历,见证神荣耀永久，经历千古不朽，,見證神榮耀永久，經歷千古不朽，,見證神榮耀永久，經歷千古不朽，
lyrics_xb_text/xb152.txt,18,后,将“我的“丢背后，“神的“摆在前头，,將“我的“丟背後，“神的“擺在前頭，,將“我的“丟背後，“神的“擺在前頭，
lyrics_xb_text/xb153.txt,8,斗,并非人的谋算或奋斗，祂的自己是祝福的源头。,並非人的謀算或奮鬥，祂的自己是祝福的源頭。,並非人的謀算或奮鬥，祂的自己是祝福的源頭。
lyrics_xb_text/xb154.txt,5,借,我若常有借口，我就仍有保留，,我若常有藉口，我就仍有保留，,我若常有藉口，我就仍有保留，
lyrics_xb_text/xb155.txt,5,复,早晨我们晨兴，晌午我们午兴，晚间我们晚兴，全人大复兴；,早晨我們晨興，晌午我們午興，晚間我們晚興，全人大復興；,早晨我們晨興，晌午我們午興，晚間我們晚興，全人大復興；
lyrics_xb_text/xb155.txt,23,冲,晨兴带来活力，祷告带来能力，相调带来动力，产生冲击力；,晨興帶來活力，禱告帶來能力，相調帶來動力，產生衝擊力；,晨興帶來活力，禱告帶來能力，相調帶來動力，產生衝擊力；
lyrics_xb_text/xb155.txt,24,斗,我们同心合意，坚定持续不已，为此劳苦奋斗，新路必成功。,我們同心合意，堅定持續不已，為此勞苦奮鬥，新路必成功。,我們同心合意，堅定持續不已，為此勞苦奮鬥，新路必成功。
lyrics_xb_text/xb155.txt,25,尽,人人尽功用，全体来事奉，我们喜乐满怀，新路必成功，,人人盡功用，全體來事奉，我們喜樂滿懷，新路必成功，,人人盡功用，全體來事奉，我們喜樂滿懷，新路必成功，
lyrics_xb_text/xb155.txt,26,尽,人人尽功用，全体来事奉，我们喜乐满怀，新路必成功，,人人盡功用，全體來事奉，我們喜樂滿懷，新路必成功，,人人盡功用，全體來事奉，我們喜樂滿懷，新路必成功，
lyrics_xb_text/xb157.txt,16,尽,你的公义永远长存，你的律法尽是真理，,你的公義永遠長存，你的律法盡是真理，,你的公義永遠長存，你的律法盡是真理，
lyrics_xb_text/xb158.txt,8,里,我的心里涌出美辞，尊崇你名，颂赞不止，,我的心裏湧出美辭，尊崇你名，頌讚不止，,我的心裏湧出美辭，尊崇你名，頌讚不止，
lyrics_xb_text/xb158.txt,17,里面,在这里我要寻求你的面，愿你荣光充满我；,在這裏我要尋求你的面，願你榮光充滿我；,在這裏我要尋求你的面，願你榮光充滿我；
lyrics_xb_text/xb159.txt,7,尽,种种遭遇尽是失意，满腹心酸泪滴滴，,種種遭遇盡是失意，滿腹心酸淚滴滴，,種種遭遇盡是失意，滿腹心酸淚滴滴，
lyrics_xb_text/xb159.txt,8,只,每天活着只剩呼吸，没有不活的权利。,每天活著只剩呼吸，沒有不活的權利。,每天活着只剩呼吸，沒有不活的權利。
lyrics_xb_text/xb159.txt,9,尽,受尽冷漠心憔悴，像一压伤的芦苇，,受盡冷漠心憔悴，像一壓傷的蘆葦，,受盡冷漠心憔悴，像一壓傷的蘆葦，
lyrics_xb_text/xb159.txt,20,里,生命之灵满我心，我在主里成新人；,生命之靈滿我心，我在主裏成新人；,生命之靈滿我心，我在主裏成新人；
lyrics_xb_text/xb159.txt,21,里,世间真的有温情，就在这里我寻见，,世間真的有溫情，就在這裏我尋見，,世間真的有温情，就在這裏我尋見，
lyrics_xb_text/xb159.txt,29,尽,归回平安，尽情呼吸真舒坦。,歸回平安，盡情呼吸真舒坦。,歸回平安，盡情呼吸真舒坦。
lyrics_xb_text/xb159.txt,33,尽,欢呼喜乐尽前途，迎向荣耀的盼望。,歡呼喜樂盡前途，迎向榮耀的盼望。,歡呼喜樂盡前途，迎向榮耀的盼望。
lyrics_xb_text/xb16.txt,5,里,就在这里，我寻得安息，,就在這裏，我尋得安息，,就在這裏，我尋得安息，
lyrics_xb_text/xb16.txt,9,里,这里是我成长的园地，,這裏是我成長的園地，,這裏是我成長的園地，
lyrics_xb_text/xb16.txt,11,里,我今在基督里，已经生根立基，,我今在基督裏，已經生根立基，,我今在基督裏，已經生根立基，
lyrics_xb_text/xb16.txt,19,系,你我相系，天天心所期，,你我相系，天天心所期，,你我相系，天天心所期，
lyrics_xb_text/xb16.txt,23,里,我们的歌是醉在爱里，,我們的歌是醉在愛裏，,我們的歌是醉在愛裏，
lyrics_xb_text/xb160.txt,6,里,我这疲困流荡的心，要到那里才欢欣，,我這疲困流蕩的心，要到那裏纔歡欣，,我這疲困流蕩的心，要到那裏纔歡欣，
lyrics_xb_text/xb160.txt,9,尽,数不尽你的恩，使我坚定至今仍站稳，,數不盡你的恩，使我堅定至今仍站穩，,數不盡你的恩，使我堅定至今仍站穩，
lyrics_xb_text/xb160.txt,18,云,旷野中间道路，有祂同在，愁云变欢呼，,曠野中間道路，有祂同在，愁雲變歡呼，,曠野中間道路，有祂同在，愁雲變歡呼，
lyrics_xb_text/xb160.txt,19,里,沙漠里开江河，随祂而走一路唱凯歌。,沙漠裏開江河，隨祂而走一路唱凱歌。,沙漠裏開江河，隨祂而走一路唱凱歌。
lyrics_xb_text/xb161.txt,3,制,（词:覃瑞清，曲/制作:耶路）,（詞:覃瑞清，曲/製作:耶路）,（詞:覃瑞清，曲/製作:耶路）
lyrics_xb_text/xb161.txt,6,获,当你喜获新生从罪释放，我为你心喜灵欢，,當你喜獲新生從罪釋放，我為你心喜靈歡，,當你喜獲新生從罪釋放，我為你心喜靈歡，
lyrics_xb_text/xb161.txt,14,历,回顾你这一路成长历程，我得享主的榜样，,回顧你這一路成長曆程，我得享主的榜樣，,回顧你這一路成長曆程，我得享主的榜樣，
lyrics_xb_text/xb161.txt,20,制,（词:覃瑞清，曲/制作:耶路）,（詞:覃瑞清，曲/製作:耶路）,（詞:覃瑞清，曲/製作:耶路）
lyrics_xb_text/xb161.txt,23,里,如何喂养并成全他而写，同时也献给所有在主里劳苦的服事者。,如何餵養並成全他而寫，同時也獻給所有在主裏勞苦的服事者。,如何餵養並成全他而寫，同時也獻給所有在主裏勞苦的服事者。
lyrics_xb_text/xb162.txt,6,云,昔日的孤寂再也无处找，烦恼忧惧也都云散烟消；,昔日的孤寂再也無處找，煩惱憂懼也都雲散煙消；,昔日的孤寂再也無處找，煩惱憂懼也都雲散煙消；
lyrics_xb_text/xb162.txt,16,发,在黑夜中祂越发光芒，在苦难中更显盼望，,在黑夜中祂越發光芒，在苦難中更顯盼望，,在黑夜中祂越發光芒，在苦難中更顯盼望，
lyrics_xb_text/xb164.txt,17,历,朋友们，让我们一同来经历，,朋友們，讓我們一同來經歷，,朋友們，讓我們一同來經歷，
lyrics_xb_text/xb164.txt,18,历,经历祂，主耶稣—生命的灵，,經歷祂，主耶穌—生命的靈，,經歷祂，主耶穌—生命的靈，
lyrics_xb_text/xb164.txt,25,尽,让万事都逝去，一切尽是短暂有损，,讓萬事都逝去，一切盡是短暫有損，,讓萬事都逝去，一切盡是短暫有損，
lyrics_xb_text/xb166.txt,9,只,你心不要疑惑，你只管放心交托，,你心不要疑惑，你只管放心交託，,你心不要疑惑，你只管放心交託，
lyrics_xb_text/xb166.txt,11,只,只要祂为你掌握，相信总会有结果，,只要祂為你掌握，相信總會有結果，,只要祂為你掌握，相信總會有結果，
lyrics_xb_text/xb167.txt,7,里,神在基督里是独一丈夫，蒙救赎的人是祂团体新妇，,神在基督裏是獨一丈夫，蒙救贖的人是祂團體新婦，,神在基督裏是獨一丈夫，蒙救贖的人是祂團體新婦，
lyrics_xb_text/xb167.txt,12,历,是神历代经营最终结果，神与人相调的活组成，,是神歷代經營最終結果，神與人相調的活組成，,是神歷代經營最終結果，神與人相調的活組成，
lyrics_xb_text/xb167.txt,13,里面,神要住在祂赎民里面，祂的赎民要住在祂里面，,神要住在祂贖民裏面，祂的贖民要住在祂裏面，,神要住在祂贖民裏面，祂的贖民要住在祂裏面，
lyrics_xb_text/xb17.txt,8,系里,在主里心相系，充满圣洁情意。,在主裏心相繫，充滿聖潔情意。,在主裏心相繫，充滿聖潔情意。
lyrics_xb_text/xb17.txt,11,里,在这里真安息，彼此相爱永不移；,在這裏真安息，彼此相愛永不移；,在這裏真安息，彼此相愛永不移；
lyrics_xb_text/xb17.txt,16,里,阿利路亚！真甜蜜，这里的爱不止息，,阿利路亞！真甜蜜，這裏的愛不止息，,阿利路亞！真甜蜜，這裏的愛不止息，
lyrics_xb_text/xb17.txt,19,里,在主里合为一，这种享受何能及。,在主裏合為一，這種享受何能及。,在主裏合為一，這種享受何能及。
lyrics_xb_text/xb17.txt,23,于,主使我们同活于身体，彼此再也不分离；,主使我們同活於身體，彼此再也不分離；,主使我們同活於身體，彼此再也不分離；
lyrics_xb_text/xb17.txt,25,里,在主里联一起，一同长大，建立。,在主裏聯一起，一同長大，建立。,在主裏聯一起，一同長大，建立。
lyrics_xb_text/xb18.txt,8,里,爱里没有惧怕，完全的爱把惧怕驱除，,愛裏沒有懼怕，完全的愛把懼怕驅除，,愛裏沒有懼怕，完全的愛把懼怕驅除，
lyrics_xb_text/xb18.txt,12,系,彼此相爱，心心相系，,彼此相愛，心心相繫，,彼此相愛，心心相繫，
lyrics_xb_text/xb18.txt,14,里,这爱是在耶稣基督里！,這愛是在耶穌基督裏！,這愛是在耶穌基督裏！
lyrics_xb_text/xb19.txt,8,尽,一同把主来交通，个个肢体尽功用。,一同把主來交通，個個肢體盡功用。,一同把主來交通，個個肢體盡功用。
lyrics_xb_text/xb19.txt,11,于,真理，生命藏于话，有话聚会不穷乏，,真理，生命藏於話，有話聚會不窮乏，,真理，生命藏於話，有話聚會不窮乏，
lyrics_xb_text/xb2.txt,11,复,黎明既起，被主充满，我得复兴在清晨，,黎明既起，被主充滿，我得復興在清晨，,黎明既起，被主充滿，我得復興在清晨，
lyrics_xb_text/xb20.txt,8,干里面,在里面涌流，解除人生干渴。,在裏面湧流，解除人生乾渴。,在裏面湧流，解除人生乾渴。
lyrics_xb_text/xb20.txt,12,复,满有神生命，带给我新的复兴。,滿有神生命，帶給我新的復興。,滿有神生命，帶給我新的復興。
lyrics_xb_text/xb20.txt,20,复,我的生命不再沉闷，低落，得以恢复，振作，,我的生命不再沉悶，低落，得以恢復，振作，,我的生命不再沉悶，低落，得以恢復，振作，
lyrics_xb_text/xb20.txt,22,里,我们常在爱里彼此洗脚，互相来扶助，,我們常在愛裏彼此洗腳，互相來扶助，,我們常在愛裏彼此洗腳，互相來扶助，
lyrics_xb_text/xb20.txt,23,面,再重新得力，同奔走前面的路。,再重新得力，同奔走前面的路。,再重新得力，同奔走前面的路。
lyrics_xb_text/xb21.txt,2,里,我们到神家里来,我們到神家裏來,我們到神家裏來
lyrics_xb_text/xb21.txt,6,里,我们要到神家里去敬拜，,我們要到神家裏去敬拜，,我們要到神家裏去敬拜，
lyrics_xb_text/xb21.txt,10,里,我们来我们来，我们到神家里来，,我們來我們來，我們到神家裏來，,我們來我們來，我們到神家裏來，
lyrics_xb_text/xb21.txt,25,尽,个个肢体尽功用何等美。,個個肢體盡功用何等美。,個個肢體盡功用何等美。
lyrics_xb_text/xb22.txt,5,里,我们蒙召来自各方，在主里融为一，,我們蒙召來自各方，在主裏融為一，,我們蒙召來自各方，在主裏融為一，
lyrics_xb_text/xb22.txt,6,系,主已拆毁隔断的墙，将我们紧紧相系；,主已拆毀隔斷的牆，將我們緊緊相系；,主已拆毀隔斷的牆，將我們緊緊相系；
lyrics_xb_text/xb22.txt,8,里,彼此扶持互相信任，在主里我们是一家人,彼此扶持互相信任，在主裏我們是一家人,彼此扶持互相信任，在主裏我們是一家人
lyrics_xb_text/xb22.txt,11,于,让姊妹们欢喜快活，让神的家属于你和我。,讓姊妹們歡喜快活，讓神的家屬於你和我。,讓姊妹們歡喜快活，讓神的家屬於你和我。
lyrics_xb_text/xb22.txt,14,里,我们蒙召不再流荡，在家里生活一起，,我們蒙召不再流蕩，在家裏生活一起，,我們蒙召不再流蕩，在家裏生活一起，
lyrics_xb_text/xb23.txt,9,里面,直到信耶稣，活在召会里面，,直到信耶穌，活在召會裏面，,直到信耶穌，活在召會裏面，
lyrics_xb_text/xb23.txt,10,面,一同到主面前，这一切有了改变。,一同到主面前，這一切有了改變。,一同到主面前，這一切有了改變。
lyrics_xb_text/xb24.txt,13,复,晨晨要复兴，日日要得胜，竭力追求不稍停，,晨晨要復興，日日要得勝，竭力追求不稍停，,晨晨要復興，日日要得勝，竭力追求不稍停，
lyrics_xb_text/xb24.txt,14,于,生命能长成，逐日且丰盛，就在于每个今天！,生命能長成，逐日且豐盛，就在於每個今天！,生命能長成，逐日且豐盛，就在於每個今天！
lyrics_xb_text/xb25.txt,2,里,主阿我在这里,主阿我在這裏,主阿我在這裏
lyrics_xb_text/xb25.txt,7,里,主阿！我在这里，请差遣我，,主阿！我在這裏，請差遣我，,主阿！我在這裏，請差遣我，
lyrics_xb_text/xb25.txt,14,里,主阿，我在这里，求得着我，,主阿，我在這裏，求得著我，,主阿，我在這裏，求得着我，
lyrics_xb_text/xb26.txt,8,里,起来与主站在一起，主阿，我就在这里！,起來與主站在一起，主阿，我就在這裏！,起來與主站在一起，主阿，我就在這裏！
lyrics_xb_text/xb26.txt,18,里,在身体里向前直往，一步步肯定方向；,在身體裏向前直往，一步步肯定方向；,在身體裏向前直往，一步步肯定方向；
lyrics_xb_text/xb27.txt,16,里,竭力追求，不敢稍停，在生命里长大，,竭力追求，不敢稍停，在生命裏長大，,竭力追求，不敢稍停，在生命裏長大，
lyrics_xb_text/xb27.txt,20,面,看哪，前面就是主新路大道，,看哪，前面就是主新路大道，,看哪，前面就是主新路大道，
lyrics_xb_text/xb28.txt,18,只尽,只是我心早有所属，让他们去尽力占有；,只是我心早有所屬，讓他們去盡力佔有；,只是我心早有所屬，讓他們去盡力佔有；
lyrics_xb_text/xb28.txt,24,只,不是保留，就是倾注，香膏只能枉费一次；,不是保留，就是傾注，香膏只能枉費一次；,不是保留，就是傾注，香膏只能枉費一次；
lyrics_xb_text/xb28.txt,26,表,让我天天向你表白:惟你配得我命我爱。,讓我天天向你表白:惟你配得我命我愛。,讓我天天向你表白:惟你配得我命我愛。
lyrics_xb_text/xb29.txt,7,面,掩面不看我罪心与罪行，,掩面不看我罪心與罪行，,掩面不看我罪心與罪行，
lyrics_xb_text/xb29.txt,31,干,流向干渴魂，流向罪人心，,流向乾渴魂，流向罪人心，,流向乾渴魂，流向罪人心，
lyrics_xb_text/xb3.txt,6,后,我把昨天丢背后，,我把昨天丟背後，,我把昨天丟背後，
lyrics_xb_text/xb3.txt,7,面,到主面前再有领受，,到主面前再有領受，,到主面前再有領受，
lyrics_xb_text/xb3.txt,9,发,求你发言，赐我丰富，,求你發言，賜我豐富，,求你發言，賜我豐富，
lyrics_xb_text/xb3.txt,10,里,使我灵里得饱足，,使我靈裏得飽足，,使我靈裏得飽足，
lyrics_xb_text/xb3.txt,20,发,求你发光，照我深处，,求你發光，照我深處，,求你發光，照我深處，
lyrics_xb_text/xb30.txt,5,里面,我们是一粒粒麦子，里面却有不死的生命，,我們是一粒粒麥子，裏面卻有不死的生命，,我們是一粒粒麥子，裏面卻有不死的生命，
lyrics_xb_text/xb30.txt,6,制复,经过死的破碎，限制，就要显出复活的荣景;,經過死的破碎，限制，就要顯出復活的榮景;,經過死的破碎，限制，就要顯出復活的榮景;
lyrics_xb_text/xb30.txt,7,于只,只要埋下，置魂生命于十架，,只要埋下，置魂生命於十架，,只要埋下，置魂生命於十架，
lyrics_xb_text/xb30.txt,9,里面,我们是一粒粒麦子，里面去有不死的生命，,我們是一粒粒麥子，裏面去有不死的生命，,我們是一粒粒麥子，裏面去有不死的生命，
lyrics_xb_text/xb30.txt,10,制复,经过死的破碎，限制，就要显出复活的荣景;,經過死的破碎，限制，就要顯出復活的榮景;,經過死的破碎，限制，就要顯出復活的榮景;
lyrics_xb_text/xb30.txt,15,复,将我种下，直到复活的萌芽，,將我種下，直到復活的萌芽，,將我種下，直到復活的萌芽，
lyrics_xb_text/xb31.txt,5,后,哦，让我们将昨日事全丢背后，,哦，讓我們將昨日事全丟背後，,哦，讓我們將昨日事全丟背後，
lyrics_xb_text/xb32.txt,2,征,随主出征,隨主出征,隨主出征
lyrics_xb_text/xb32.txt,5,征,我们高撑加略旌旗，随主出征不畏敌，,我們高撐加略旌旗，隨主出征不畏敵，,我們高撐加略旌旗，隨主出征不畏敵，
lyrics_xb_text/xb32.txt,10,发志,但我异象更加明亮，心志越发坚强。,但我異象更加明亮，心志越發堅強。,但我異象更加明亮，心志越發堅強。
lyrics_xb_text/xb32.txt,14,复,迈开恢复前进脚步，肩负着主托付；,邁開恢復前進腳步，肩負著主託付；,邁開恢復前進腳步，肩負着主託付；
lyrics_xb_text/xb32.txt,15,发尽,尽管身会累，腿会酸，我们心仍发颂赞，,儘管身會累，腿會酸，我們心仍發頌讚，,儘管身會累，腿會酸，我們心仍發頌讚，
lyrics_xb_text/xb32.txt,16,尽,尽管会无聊，会冷谈，我们灵不忘争战；,儘管會無聊，會冷談，我們靈不忘爭戰；,儘管會無聊，會冷談，我們靈不忘爭戰；
lyrics_xb_text/xb33.txt,7,里,有一呼声在我灵里，日夜抨然扰我安息，,有一呼聲在我靈裏，日夜抨然擾我安息，,有一呼聲在我靈裏，日夜抨然擾我安息，
lyrics_xb_text/xb33.txt,8,只,"频频催促，只因心焦急;""你愿否随我到地极""。","頻頻催促，只因心焦急;""你願否隨我到地極""。","頻頻催促，只因心焦急;""你願否隨我到地極""。"
lyrics_xb_text/xb33.txt,19,里,散播生命在人心里，领失丧人进神国里，,散播生命在人心裏，領失喪人進神國裏，,散播生命在人心裏，領失喪人進神國裏，
lyrics_xb_text/xb34.txt,6,里,流经过古圣，又流到众召会里头，看哪，祂正前时不停留；,流經過古聖，又流到眾召會裏頭，看哪，祂正前時不停留；,流經過古聖，又流到眾召會裏頭，看哪，祂正前時不停留；
lyrics_xb_text/xb34.txt,18,后面,跟上跟上，惟恐再落后，面如坚石，一去绝不回头。,跟上跟上，惟恐再落後，面如堅石，一去絕不回頭。,跟上跟上，惟恐再落後，面如堅石，一去絕不回頭。
lyrics_xb_text/xb34.txt,21,志,虽时有劳苦又煎熬，得赏的心志不动摇，,雖時有勞苦又煎熬，得賞的心志不動搖，,雖時有勞苦又煎熬，得賞的心志不動搖，
lyrics_xb_text/xb35.txt,9,复,一步迈开又一步，走出主恢复前途，,一步邁開又一步，走出主恢復前途，,一步邁開又一步，走出主恢復前途，
lyrics_xb_text/xb35.txt,16,志,充满壮志和豪情，光芒越照越明。,充滿壯志和豪情，光芒越照越明。,充滿壯志和豪情，光芒越照越明。
lyrics_xb_text/xb35.txt,17,历复,今日胜过了昨日，开创主恢复历史，,今日勝過了昨日，開創主恢復歷史，,今日勝過了昨日，開創主恢復歷史，
lyrics_xb_text/xb37.txt,18,后,我们奔跑最后的一程，看！众天使喝采;,我們奔跑最後的一程，看！眾天使喝采;,我們奔跑最後的一程，看！眾天使喝采;
lyrics_xb_text/xb37.txt,25,于,万有得赎就在于我们，看！主就要得荣;,萬有得贖就在於我們，看！主就要得榮;,萬有得贖就在於我們，看！主就要得榮;
lyrics_xb_text/xb37.txt,27,里,在身体里同心合意，众人齐努力，,在身體裏同心合意，眾人齊努力，,在身體裏同心合意，眾人齊努力，
lyrics_xb_text/xb37.txt,28,里,同来收进主仓里。,同來收進主倉裏。,同來收進主倉裏。
lyrics_xb_text/xb38.txt,11,斗,舍我其谁;劳苦奋斗心不灰，一切为此花费，,捨我其誰;勞苦奮鬥心不灰，一切為此花費，,捨我其誰;勞苦奮鬥心不灰，一切為此花費，
lyrics_xb_text/xb38.txt,18,只,丢弃以往不再想，只愿忠诚前往。,丟棄以往不再想，只願忠誠前往。,丟棄以往不再想，只願忠誠前往。
lyrics_xb_text/xb38.txt,21,尽,求主完全得着我，一老旧尽脱，,求主完全得著我，一老舊盡脫，,求主完全得着我，一老舊盡脱，
lyrics_xb_text/xb38.txt,23,里,住在主里不间断，作主常新枝子，,住在主裏不間斷，作主常新枝子，,住在主裏不間斷，作主常新枝子，
lyrics_xb_text/xb38.txt,28,尽,全地都是我们的，尽管听祂嘱咐;,全地都是我們的，儘管聽祂囑咐;,全地都是我們的，儘管聽祂囑咐;
lyrics_xb_text/xb39.txt,6,复,投身圣灵流中;开创主恢复前程，,投身聖靈流中;開創主恢復前程，,投身聖靈流中;開創主恢復前程，
lyrics_xb_text/xb39.txt,7,尽,我们带职事奉，为主尽上功用。,我們帶職事奉，為主盡上功用。,我們帶職事奉，為主盡上功用。
lyrics_xb_text/xb39.txt,16,里,建造在身体里;惟顾念神的旨意，,建造在身體裏;惟顧念神的旨意，,建造在身體裏;惟顧念神的旨意，
lyrics_xb_text/xb39.txt,21,斗,劳苦奋斗不息;这生活荣耀无比，,勞苦奮鬥不息;這生活榮耀無比，,勞苦奮鬥不息;這生活榮耀無比，
lyrics_xb_text/xb39.txt,22,只,任何代价不惜，只为讨主欢喜。,任何代價不惜，只為討主歡喜。,任何代價不惜，只為討主歡喜。
lyrics_xb_text/xb40.txt,8,里,作你生命住你里；使你享受祂实际，,作你生命住你裏；使你享受祂實際，,作你生命住你裏；使你享受祂實際，
lyrics_xb_text/xb40.txt,10,只,只要你愿意。,只要你願意。,只要你願意。
lyrics_xb_text/xb40.txt,13,里,过去荣耀里祂早拣选你，,過去榮耀裏祂早揀選你，,過去榮耀裏祂早揀選你，
lyrics_xb_text/xb40.txt,15,复,十架上被举起，经死亡祂复起，,十架上被舉起，經死亡祂復起，,十架上被舉起，經死亡祂復起，
lyrics_xb_text/xb40.txt,24,只里,你身安居指望里；只要将心全开启，,你身安居指望裏；只要將心全開啟，,你身安居指望裏；只要將心全開啓，
lyrics_xb_text/xb40.txt,25,只,只要主名一呼吸，只要一刹那而已，,只要主名一呼吸，只要一剎那而已，,只要主名一呼吸，只要一剎那而已，
lyrics_xb_text/xb41.txt,10,尽,把我们的脚引到平安路上，所有黑暗尽驱走，,把我們的腳引到平安路上，所有黑暗盡驅走，,把我們的腳引到平安路上，所有黑暗盡驅走，
lyrics_xb_text/xb41.txt,16,里,从你活出神自己，在神拯救恩典里，,從你活出神自己，在神拯救恩典裏，,從你活出神自己，在神拯救恩典裏，
lyrics_xb_text/xb42.txt,8,里,但祂把居所设置在我灵里，,但祂把居所設置在我靈裏，,但祂把居所設置在我靈裏，
lyrics_xb_text/xb42.txt,10,面,面对群同，我要大声宣告:,面對群同，我要大聲宣告:,面對羣同，我要大聲宣告:
lyrics_xb_text/xb42.txt,11,里面,我外有神的形象，里面有灵，,我外有神的形象，裏面有靈，,我外有神的形象，裏面有靈，
lyrics_xb_text/xb42.txt,12,里,至高这神今住在我灵里，我住我灵里,至高這神今住在我靈裏，我住我靈裏,至高這神今住在我靈裏，我住我靈裏
lyrics_xb_text/xb42.txt,15,制,神吩咐沙来限制海水，,神吩咐沙來限制海水，,神吩咐沙來限制海水，
lyrics_xb_text/xb42.txt,20,面,面对万物，我要大声宣告:,面對萬物，我要大聲宣告:,面對萬物，我要大聲宣告:
lyrics_xb_text/xb42.txt,22,于,生活意义全在于这灵，我在于这灵,生活意義全在於這靈，我在於這靈,生活意義全在於這靈，我在於這靈
lyrics_xb_text/xb43.txt,16,干,耶稣活水解除我的干渴，,耶穌活水解除我的乾渴，,耶穌活水解除我的乾渴，
lyrics_xb_text/xb44.txt,6,于,曾歌唱于清晨的阳光下，,曾歌唱於清晨的陽光下，,曾歌唱於清晨的陽光下，
lyrics_xb_text/xb44.txt,7,台后,午后的细雨中，夜半的楼台上;,午後的細雨中，夜半的樓臺上;,午後的細雨中，夜半的樓台上;
lyrics_xb_text/xb44.txt,15,尽,你怎能唱尽爱，你要为生命喝采！,你怎能唱盡愛，你要為生命喝采！,你怎能唱盡愛，你要為生命喝采！
lyrics_xb_text/xb44.txt,19,于,今歌唱于清晨的阳光下，,今歌唱於清晨的陽光下，,今歌唱於清晨的陽光下，
lyrics_xb_text/xb44.txt,20,台后,午后的细雨中，夜半的楼台上，,午後的細雨中，夜半的樓臺上，,午後的細雨中，夜半的樓台上，
lyrics_xb_text/xb45.txt,7,冲,第一声呼求，冲出我心灵，,第一聲呼求，衝出我心靈，,第一聲呼求，衝出我心靈，
lyrics_xb_text/xb45.txt,9,于,我生命终于破晓，,我生命終於破曉，,我生命終於破曉，
lyrics_xb_text/xb45.txt,16,冲,第一声呼求，冲出我心灵，,第一聲呼求，衝出我心靈，,第一聲呼求，衝出我心靈，
lyrics_xb_text/xb45.txt,25,冲,第一声呼求，冲出我心灵，,第一聲呼求，衝出我心靈，,第一聲呼求，衝出我心靈，
lyrics_xb_text/xb46.txt,7,制,痛苦，压制，忧愁全都不留，,痛苦，壓制，憂愁全都不留，,痛苦，壓制，憂愁全都不留，
lyrics_xb_text/xb46.txt,8,后,就在我信主之后;,就在我信主之後;,就在我信主之後;
lyrics_xb_text/xb46.txt,10,只,也非诫命对我只要求，,也非誡命對我只要求，,也非誡命對我只要求，
lyrics_xb_text/xb46.txt,19,复,日复一日在这无边享受，,日復一日在這無邊享受，,日復一日在這無邊享受，
lyrics_xb_text/xb47.txt,10,干,解干渴，住我心，永联合，,解乾渴，住我心，永聯合，,解乾渴，住我心，永聯合，
lyrics_xb_text/xb47.txt,15,里面,就在你口里面，,就在你口裏面，,就在你口裏面，
lyrics_xb_text/xb48.txt,17,历,历经患难，试炼，岁月流转，天地改迁，,歷經患難，試煉，歲月流轉，天地改遷，,歷經患難，試煉，歲月流轉，天地改遷，
lyrics_xb_text/xb48.txt,20,借,丰丰满满借圣灵向我们浇灌下来，,豐豐滿滿借聖靈向我們澆灌下來，,豐豐滿滿借聖靈向我們澆灌下來，
lyrics_xb_text/xb49.txt,5,制,长久爱罪辖制，常叹生命虚掷，,長久愛罪轄制，常歎生命虛擲，,長久愛罪轄制，常歎生命虛擲，
lyrics_xb_text/xb49.txt,16,里,活在爱里甜美又温馨;互相联结更紧，,活在愛裏甜美又溫馨;互相聯結更緊，,活在愛裏甜美又温馨;互相聯結更緊，
lyrics_xb_text/xb50.txt,9,里,黑夜里，他听见我叹息，我悲哀，,黑夜裏，他聽見我歎息，我悲哀，,黑夜裏，他聽見我歎息，我悲哀，
lyrics_xb_text/xb50.txt,17,复,经死亡他复活，进我灵作主宰，,經死亡他復活，進我靈作主宰，,經死亡他復活，進我靈作主宰，
lyrics_xb_text/xb53.txt,7,里,到那里找到他？我灵魂无处可以歇卧。,到那裏找到他？我靈魂無處可以歇臥。,到那裏找到他？我靈魂無處可以歇卧。
lyrics_xb_text/xb53.txt,9,里,在灵里我有他，我一生灵魂的牧羊者，,在靈裏我有他，我一生靈魂的牧羊者，,在靈裏我有他，我一生靈魂的牧羊者，
lyrics_xb_text/xb53.txt,13,只,在这人生广大的牧场，你只需要一位来牧羊，,在這人生廣大的牧場，你只需要一位來牧羊，,在這人生廣大的牧場，你只需要一位來牧羊，
lyrics_xb_text/xb53.txt,14,于面,他的面光，他的心肠，能使你满足于他胸膛；,他的面光，他的心腸，能使你滿足於他胸膛；,他的面光，他的心腸，能使你滿足於他胸膛；
lyrics_xb_text/xb53.txt,15,里,到那里找到他？我灵魂无处可以歇卧。,到那裏找到他？我靈魂無處可以歇臥。,到那裏找到他？我靈魂無處可以歇卧。
lyrics_xb_text/xb53.txt,17,里,在灵里我有他，我一生灵魂的牧羊者，,在靈裏我有他，我一生靈魂的牧羊者，,在靈裏我有他，我一生靈魂的牧羊者，
lyrics_xb_text/xb54.txt,5,里,初次来这里，听祂们在说,初次來這裏，聽祂們在說,初次來這裏，聽祂們在説
lyrics_xb_text/xb54.txt,10,恶,不知已脱离罪恶的囚牢，,不知已脫離罪惡的囚牢，,不知已脱離罪惡的囚牢，
lyrics_xb_text/xb54.txt,11,表,从祂们脸上表露的纯真，,從祂們臉上表露的純真，,從祂們臉上表露的純真，
lyrics_xb_text/xb54.txt,15,里,他们且告诉，神要进我里，,他們且告訴，神要進我裏，,他們且告訴，神要進我裏，
lyrics_xb_text/xb54.txt,18,只,只觉得需要， 不妨一试；,只覺得需要， 不妨一試；,只覺得需要， 不妨一試；
lyrics_xb_text/xb54.txt,29,里,我在基督里荣耀又逍遥，,我在基督裏榮耀又逍遙，,我在基督裏榮耀又逍遙，
lyrics_xb_text/xb55.txt,5,斗,我曾奋斗，想过自己生活，,我曾奮鬥，想過自己生活，,我曾奮鬥，想過自己生活，
lyrics_xb_text/xb55.txt,11,里,（副）信救了我！信救了我！来主里歇卧，,（副）信救了我！信救了我！來主裏歇臥，,（副）信救了我！信救了我！來主裏歇卧，
lyrics_xb_text/xb55.txt,21,后,作一信心后裔，丰丰富富进入神的国。,作一信心後裔，豐豐富富進入神的國。,作一信心後裔，豐豐富富進入神的國。
lyrics_xb_text/xb56.txt,6,只,并无茂叶和丰姿，只结苦涩小果实；,並無茂葉和豐姿，只結苦澀小果實；,並無茂葉和豐姿，只結苦澀小果實；
lyrics_xb_text/xb56.txt,7,于,但我蒙恩信耶稣，接于我主这好树，,但我蒙恩信耶穌，接於我主這好樹，,但我蒙恩信耶穌，接於我主這好樹，
lyrics_xb_text/xb56.txt,14,表,不是外表加修饰，乃是内涵得充实；,不是外表加修飾，乃是內涵得充實；,不是外表加修飾，乃是內涵得充實；
lyrics_xb_text/xb58.txt,16,谷,让我行过那死荫的幽谷，,讓我行過那死蔭的幽谷，,讓我行過那死蔭的幽谷，
lyrics_xb_text/xb58.txt,20,复里,我的生命从死里复活，,我的生命從死裏復活，,我的生命從死裏復活，
lyrics_xb_text/xb58.txt,21,恶,罪恶的索链就此脱落，,罪惡的索鍊就此脫落，,罪惡的索鍊就此脱落，
lyrics_xb_text/xb6.txt,11,后,忘记背后，主就在前头，,忘記背後，主就在前頭，,忘記背後，主就在前頭，
lyrics_xb_text/xb6.txt,17,于,昨天留给黑夜，今天属于白昼，,昨天留給黑夜，今天屬於白晝，,昨天留給黑夜，今天屬於白晝，
lyrics_xb_text/xb60.txt,7,只,满心悲戚向谁说，只得无助中躺卧；,滿心悲慼向誰說，只得無助中躺臥；,滿心悲慼向誰説，只得無助中躺卧；
lyrics_xb_text/xb60.txt,14,于,要我前来跟随祂，于是我答应，,要我前來跟隨祂，於是我答應，,要我前來跟隨祂，於是我答應，
lyrics_xb_text/xb60.txt,15,恶,丢下污秽的工作，离弃我罪恶的生活；,丟下污穢的工作，離棄我罪惡的生活；,丟下污穢的工作，離棄我罪惡的生活；
lyrics_xb_text/xb60.txt,25,尽,这个丰富何其充盈，地我们尽情的吃喝，,這個豐富何其充盈，地我們盡情的喫喝，,這個豐富何其充盈，地我們盡情的喫喝，
lyrics_xb_text/xb60.txt,30,里,一切影儿的实际，祂从神那里,一切影兒的實際，祂從神那裏,一切影兒的實際，祂從神那裏
lyrics_xb_text/xb60.txt,39,复干,胜过所有的干枯，我的生命彻底恢复；,勝過所有的乾枯，我的生命徹底恢復；,勝過所有的乾枯，我的生命徹底恢復；
lyrics_xb_text/xb60.txt,42,发,我们要举救恩杯，齐声向祂发出赞美。,我們要舉救恩杯，齊聲向祂發出讚美。,我們要舉救恩杯，齊聲向祂發出讚美。
lyrics_xb_text/xb61.txt,7,获,总不满收获，时时在争夺，,總不滿收穫，時時在爭奪，,總不滿收穫，時時在爭奪，
lyrics_xb_text/xb61.txt,15,复,担当我罪过，又从死复活，,擔當我罪過，又從死復活，,擔當我罪過，又從死復活，
lyrics_xb_text/xb61.txt,18,只,深愿为爱自由工作，只单单寻求神义神园，,深願為愛自由工作，只單單尋求神義神園，,深願為愛自由工作，只單單尋求神義神園，
lyrics_xb_text/xb62.txt,9,里,那个爱，那条路在那里？,那個愛，那條路在那裏？,那個愛，那條路在那裏？
lyrics_xb_text/xb62.txt,21,于,活的路属于你，属于你！,活的路屬於你，屬於你！,活的路屬於你，屬於你！
lyrics_xb_text/xb63.txt,9,里,在主里我们都活了！在主里我们都活了！,在主裏我們都活了！在主裏我們都活了！,在主裏我們都活了！在主裏我們都活了！
lyrics_xb_text/xb63.txt,17,里,在灵里我们都变了！在灵里我们都变了！,在靈裏我們都變了！在靈裏我們都變了！,在靈裏我們都變了！在靈裏我們都變了！
lyrics_xb_text/xb64.txt,5,干,干旱禾田知道是甘霖滋润它，,乾旱禾田知道是甘霖滋潤它，,乾旱禾田知道是甘霖滋潤它，
lyrics_xb_text/xb64.txt,11,里面,经过悠悠岁月，我们里面知道，,經過悠悠歲月，我們裏面知道，,經過悠悠歲月，我們裏面知道，
lyrics_xb_text/xb64.txt,12,复,是主，是复活主，改变我们命运。,是主，是復活主，改變我們命運。,是主，是復活主，改變我們命運。
lyrics_xb_text/xb64.txt,18,复,复明的人知道亮光永不收回。,復明的人知道亮光永不收回。,復明的人知道亮光永不收回。
lyrics_xb_text/xb65.txt,6,历复里面,历经十架，将我苦水变甜，在复活里流进我里面；,歷經十架，將我苦水變甜，在復活裏流進我裏面；,歷經十架，將我苦水變甜，在復活裏流進我裏面；
lyrics_xb_text/xb65.txt,10,只,请来取用这活水泉源，无须代价，只要你愿，,請來取用這活水泉源，無須代價，只要你願，,請來取用這活水泉源，無須代價，只要你願，
lyrics_xb_text/xb65.txt,26,于,我今畅饮于喜乐泉源，作我力量诗歌救援，,我今暢飲於喜樂泉源，作我力量詩歌救援，,我今暢飲於喜樂泉源，作我力量詩歌救援，
lyrics_xb_text/xb65.txt,28,干,“草必枯干花也必凋谢”，喝这喜乐泉源何来所缺，,“草必枯乾花也必凋謝”，喝這喜樂泉源何來所缺，,“草必枯乾花也必凋謝”，喝這喜樂泉源何來所缺，
lyrics_xb_text/xb66.txt,5,里,人的满足在那里？是否你还在寻觅？,人的滿足在那裏？是否你還在尋覓？,人的滿足在那裏？是否你還在尋覓？
lyrics_xb_text/xb66.txt,8,里,你若简单呼喊祂名在口里，祂必进入你心充满你。,你若簡單呼喊祂名在口裏，祂必進入你心充滿你。,你若簡單呼喊祂名在口裏，祂必進入你心充滿你。
lyrics_xb_text/xb66.txt,13,只里,纵然你心愁烦、空虚又悲戚，只管到祂这里，,縱然你心愁煩、空虛又悲慼，只管到祂這裏，,縱然你心愁煩、空虛又悲慼，只管到祂這裏，
lyrics_xb_text/xb67.txt,13,发,像清晨日光，发出怜悯施拯救，,像清晨日光，發出憐憫施拯救，,像清晨日光，發出憐憫施拯救，
lyrics_xb_text/xb68.txt,12,复,钉死、复活、升天、已得荣；,釘死、復活、升天、已得榮；,釘死、復活、升天、已得榮；
lyrics_xb_text/xb69.txt,5,里,每个人的心里，都有一个空，,每個人的心裏，都有一個空，,每個人的心裏，都有一個空，
lyrics_xb_text/xb69.txt,15,只,你要接受耶稣，只要喊祂名，,你要接受耶穌，只要喊祂名，,你要接受耶穌，只要喊祂名，
lyrics_xb_text/xb69.txt,18,复,复活成为那灵，要赐你生命；,復活成為那靈，要賜你生命；,復活成為那靈，要賜你生命；
lyrics_xb_text/xb7.txt,5,里面,回到源头，当我里面稍有不安，忧愁，,回到源頭，當我裏面稍有不安，憂愁，,回到源頭，當我裏面稍有不安，憂愁，
lyrics_xb_text/xb7.txt,6,于,回到源头，联于元首;,回到源頭，聯於元首;,回到源頭，聯於元首;
lyrics_xb_text/xb7.txt,16,于,回到源头，联于元首;,回到源頭，聯於元首;,回到源頭，聯於元首;
lyrics_xb_text/xb70.txt,19,复,祂已复活，今来施恩拯救，,祂已復活，今來施恩拯救，,祂已復活，今來施恩拯救，
lyrics_xb_text/xb70.txt,23,里,在神国里，充满着公义，,在神國裏，充滿著公義，,在神國裏，充滿着公義，
lyrics_xb_text/xb71.txt,12,里,祂在人群中各个角落里，,祂在人群中各個角落裏，,祂在人羣中各個角落裏，
lyrics_xb_text/xb72.txt,2,借只,只要借着信,只要藉著信,只要藉着信
lyrics_xb_text/xb72.txt,9,借只,（答）:朋友，只要借着信，,（答）:朋友，只要藉著信，,（答）:朋友，只要藉着信，
lyrics_xb_text/xb72.txt,18,借只,（答）:朋友，只要借着信，,（答）:朋友，只要藉著信，,（答）:朋友，只要藉着信，
lyrics_xb_text/xb72.txt,25,复,使你得复生，成为神的杰作，,使你得復生，成為神的傑作，,使你得復生，成為神的傑作，
lyrics_xb_text/xb73.txt,6,于,向人见证，向神宣布:我是永远属于主。,向人見證，向神宣佈:我是永遠屬於主。,向人見證，向神宣佈:我是永遠屬於主。
lyrics_xb_text/xb73.txt,17,里,走出世界，脱去肉体，欢喜迁到神国里。,走出世界，脫去肉體，歡喜遷到神國裏。,走出世界，脱去肉體，歡喜遷到神國裏。
lyrics_xb_text/xb74.txt,9,借,借此神的计划被启示，,藉此神的計劃被啟示，,藉此神的計劃被啓示，
lyrics_xb_text/xb74.txt,11,历,经历三一神所有部署，,經歷三一神所有部署，,經歷三一神所有部署，
lyrics_xb_text/xb74.txt,15,历,为何我能有分并经历？,為何我能有分並經歷？,為何我能有分並經歷？
lyrics_xb_text/xb74.txt,16,里,你若不是那灵在我里，,你若不是那靈在我裏，,你若不是那靈在我裏，
lyrics_xb_text/xb74.txt,19,里,如今你是那灵住我里，,如今你是那靈住我裏，,如今你是那靈住我裏，
lyrics_xb_text/xb74.txt,26,里,在我口里，也在我心里，,在我口裏，也在我心裏，,在我口裏，也在我心裏，
lyrics_xb_text/xb74.txt,30,于,就能饮于灵的基督，,就能飲於靈的基督，,就能飲於靈的基督，
lyrics_xb_text/xb75.txt,7,借,借着爱子化身为人来到地上，,藉著愛子化身為人來到地上，,藉着愛子化身為人來到地上，
lyrics_xb_text/xb75.txt,11,钟,你也是爱满足我钟情，,你也是愛滿足我鍾情，,你也是愛滿足我鍾情，
lyrics_xb_text/xb76.txt,6,历尽,来世为人，历尽忧苦；,來世為人，歷盡憂苦；,來世為人，歷盡憂苦；
lyrics_xb_text/xb76.txt,8,复,从死复活，化身那灵，作我拯救主。,從死復活，化身那靈，作我拯救主。,從死復活，化身那靈，作我拯救主。
lyrics_xb_text/xb76.txt,16,获里面,在主里面我获得新生，,在主裏面我獲得新生，,在主裏面我獲得新生，
lyrics_xb_text/xb77.txt,2,里,主到我这里来,主到我這裏來,主到我這裏來
lyrics_xb_text/xb77.txt,7,里,在我的日子里，你忽来到我的生命；,在我的日子裏，你忽來到我的生命；,在我的日子裏，你忽來到我的生命；
lyrics_xb_text/xb77.txt,14,谷,时走在山谷间，智慧领路暂时离开，,時走在山谷間，智慧領路暫時離開，,時走在山谷間，智慧領路暫時離開，
lyrics_xb_text/xb77.txt,21,于,每天非我所愿，日子多么富于挑战，,每天非我所願，日子多麼富於挑戰，,每天非我所願，日子多麼富於挑戰，
lyrics_xb_text/xb77.txt,31,复,似乎即将丧命，却是复活，欢呼得生；,似乎即將喪命，卻是復活，歡呼得生；,似乎即將喪命，卻是復活，歡呼得生；
lyrics_xb_text/xb77.txt,32,里面,在己里有痛楚，在你里面无量丰富，,在己裏有痛楚，在你裏面無量豐富，,在己裏有痛楚，在你裏面無量豐富，
lyrics_xb_text/xb77.txt,33,里,瓦器里有宝贝，天天羞辱，天天荣耀，,瓦器裏有寶貝，天天羞辱，天天榮耀，,瓦器裏有寶貝，天天羞辱，天天榮耀，
lyrics_xb_text/xb77.txt,34,里,瓦器里有宝贝，天天羞辱，天天荣耀，,瓦器裏有寶貝，天天羞辱，天天榮耀，,瓦器裏有寶貝，天天羞辱，天天榮耀，
lyrics_xb_text/xb77.txt,40,里,是你极大怜悯，今生到我这里来过，,是你極大憐憫，今生到我這裏來過，,是你極大憐憫，今生到我這裏來過，
lyrics_xb_text/xb77.txt,41,里,哦，主阿，谢谢你，今生到我这里来过，,哦，主阿，謝謝你，今生到我這裏來過，,哦，主阿，謝謝你，今生到我這裏來過，
lyrics_xb_text/xb77.txt,42,里,哦，主阿，谢谢你，今生到我这里来边。,哦，主阿，謝謝你，今生到我這裏來邊。,哦，主阿，謝謝你，今生到我這裏來邊。
lyrics_xb_text/xb78.txt,8,表,神生命从祂表露无遗；,神生命從祂表露無遺；,神生命從祂表露無遺；
lyrics_xb_text/xb78.txt,12,恶,我们所有罪恶祂已忘记。,我們所有罪惡祂已忘記。,我們所有罪惡祂已忘記。
lyrics_xb_text/xb79.txt,18,里,心思更新，体贴神旨，灵里火热服事；,心思更新，體貼神旨，靈裏火熱服事；,心思更新，體貼神旨，靈裏火熱服事；
lyrics_xb_text/xb8.txt,2,面,福音呼声四面会集,福音呼聲四面會集,福音呼聲四面會集
lyrics_xb_text/xb8.txt,5,面,福音呼声四面会集，神的众儿女，,福音呼聲四面會集，神的眾兒女，,福音呼聲四面會集，神的眾兒女，
lyrics_xb_text/xb8.txt,9,征,(男) 宣扬他，我们出征，,(男) 宣揚他，我們出征，,(男) 宣揚他，我們出征，
lyrics_xb_text/xb8.txt,10,征,(女) 阿利路亚，我们出征，,(女) 阿利路亞，我們出征，,(女) 阿利路亞，我們出征，
lyrics_xb_text/xb8.txt,20,里,释放众人奴役，领进神光明国里。,釋放眾人奴役，領進神光明國裏。,釋放眾人奴役，領進神光明國裏。
lyrics_xb_text/xb8.txt,24,里,羞耻，安逸，在身体里靠元首功绩，,羞恥，安逸，在身體裏靠元首功績，,羞恥，安逸，在身體裏靠元首功績，
lyrics_xb_text/xb82.txt,17,里,他就在我的口里，他也在我的心里，,他就在我的口裏，他也在我的心裏，,他就在我的口裏，他也在我的心裏，
lyrics_xb_text/xb83.txt,14,借,今借基督成救赎，重新向我开启，,今借基督成救贖，重新向我開啟，,今借基督成救贖，重新向我開啓，
lyrics_xb_text/xb83.txt,21,里,你今化身在话里，人可便利取得，,你今化身在話裏，人可便利取得，,你今化身在話裏，人可便利取得，
lyrics_xb_text/xb83.txt,25,借,我们借此与你调和为一，,我們藉此與你調和為一，,我們藉此與你調和為一，
lyrics_xb_text/xb83.txt,30,里,灵里饱足，心欢喜,靈裏飽足，心歡喜,靈裏飽足，心歡喜
lyrics_xb_text/xb84.txt,8,借,借祂生命活律引领，律法要求自然遵行。,借祂生命活律引領，律法要求自然遵行。,借祂生命活律引領，律法要求自然遵行。
lyrics_xb_text/xb84.txt,10,于,立约之血将我遮掩，我得饮于活水泉源。,立約之血將我遮掩，我得飲於活水泉源。,立約之血將我遮掩，我得飲於活水泉源。
lyrics_xb_text/xb84.txt,15,借,我灵赞美，蒙恩罪人何等有福，借血洗净污秽衣服，,我靈讚美，蒙恩罪人何等有福，借血洗淨污穢衣服，,我靈讚美，蒙恩罪人何等有福，借血洗淨污穢衣服，
lyrics_xb_text/xb84.txt,17,面,站在血的根基上面，殿中瞻仰我主荣脸，,站在血的根基上面，殿中瞻仰我主榮臉，,站在血的根基上面，殿中瞻仰我主榮臉，
lyrics_xb_text/xb85.txt,7,复里,在复活里，祂来赐我神圣生命，,在復活裏，祂來賜我神聖生命，,在復活裏，祂來賜我神聖生命，
lyrics_xb_text/xb85.txt,9,里,我今在基督里，与主联合生长，,我今在基督裏，與主聯合生長，,我今在基督裏，與主聯合生長，
lyrics_xb_text/xb85.txt,22,于,我已不再属于我自己。,我已不再屬於我自己。,我已不再屬於我自己。
lyrics_xb_text/xb86.txt,5,恶,我已经与主同钉十架，不再受罪恶管辖，,我已經與主同釘十架，不再受罪惡管轄，,我已經與主同釘十架，不再受罪惡管轄，
lyrics_xb_text/xb86.txt,17,志,我无须立志，克己苦行，竟享受圣别自由，,我無須立志，克己苦行，竟享受聖別自由，,我無須立志，克己苦行，竟享受聖別自由，
lyrics_xb_text/xb86.txt,18,只,原来只要照着灵而行，就满足律法要求；,原來只要照著靈而行，就滿足律法要求；,原來只要照着靈而行，就滿足律法要求；
lyrics_xb_text/xb87.txt,7,尽,丰富，追测不尽，爱主，是我永分；,豐富，追測不盡，愛主，是我永分；,豐富，追測不盡，愛主，是我永分；
lyrics_xb_text/xb87.txt,13,尽,你的丰富追测不尽。,你的豐富追測不盡。,你的豐富追測不盡。
lyrics_xb_text/xb88.txt,6,里,愿在你里逐日更新，与你更为亲近，,願在你裏逐日更新，與你更為親近，,願在你裏逐日更新，與你更為親近，
lyrics_xb_text/xb88.txt,22,里,你这无比荣耀奥秘，神圣丰富藏在我里，,你這無比榮耀奧祕，神聖豐富藏在我裏，,你這無比榮耀奧祕，神聖豐富藏在我裏，
lyrics_xb_text/xb89.txt,12,复,死而复活是你道路，带同我们进入，,死而復活是你道路，帶同我們進入，,死而復活是你道路，帶同我們進入，
lyrics_xb_text/xb89.txt,14,历,与你同经历甜美结束；,與你同經歷甜美結束；,與你同經歷甜美結束；
lyrics_xb_text/xb89.txt,16,只,不见一人，只见耶稣，你是我的一切。,不見一人，只見耶穌，你是我的一切。,不見一人，只見耶穌，你是我的一切。
lyrics_xb_text/xb89.txt,20,历,你的荣美所是都成我经历，,你的榮美所是都成我經歷，,你的榮美所是都成我經歷，
lyrics_xb_text/xb89.txt,27,复里面,复活基督已在我里面萌芽，,復活基督已在我裏面萌芽，,復活基督已在我裏面萌芽，
lyrics_xb_text/xb89.txt,28,借,借生命之灵运行能力；,借生命之靈運行能力；,借生命之靈運行能力；
lyrics_xb_text/xb89.txt,30,复,我今享你复活实际，我活着就是你。,我今享你復活實際，我活著就是你。,我今享你復活實際，我活着就是你。
lyrics_xb_text/xb9.txt,26,只里,只等到将人在基督里，,只等到將人在基督裏，,只等到將人在基督裏，
lyrics_xb_text/xb91.txt,2,制,美丽的制作,美麗的製作,美麗的製作
lyrics_xb_text/xb91.txt,7,历,主，但愿我能经历得深，,主，但願我能經歷得深，,主，但願我能經歷得深，
lyrics_xb_text/xb92.txt,7,云,如浮云消散，已无人记念；亲爱主，,如浮雲消散，已無人記念；親愛主，,如浮雲消散，已無人記念；親愛主，
lyrics_xb_text/xb92.txt,13,获,劳碌有时，收获有时，哭泣有时，,勞碌有時，收穫有時，哭泣有時，,勞碌有時，收穫有時，哭泣有時，
lyrics_xb_text/xb92.txt,14,历,欢笑有时，是你改写了我人生历史，,歡笑有時，是你改寫了我人生歷史，,歡笑有時，是你改寫了我人生歷史，
lyrics_xb_text/xb92.txt,15,余,今欢然交出我余下年日；,今歡然交出我餘下年日；,今歡然交出我餘下年日；
lyrics_xb_text/xb92.txt,16,里,谢谢主，到我这里，与我成一，,謝謝主，到我這裏，與我成一，,謝謝主，到我這裏，與我成一，
lyrics_xb_text/xb92.txt,17,里,享受你实际，依偎在你爱里，,享受你實際，依偎在你愛裏，,享受你實際，依偎在你愛裏，
lyrics_xb_text/xb93.txt,17,里面,祂要浸透我里面每一心间；,祂要浸透我裏面每一心間；,祂要浸透我裏面每一心間；
lyrics_xb_text/xb94.txt,9,发,每当呼喊耶稣圣名，这灵发动且运行，,每當呼喊耶穌聖名，這靈發動且運行，,每當呼喊耶穌聖名，這靈發動且運行，
lyrics_xb_text/xb94.txt,18,于,将我心思置于灵，生命、平安无穷；,將我心思置於靈，生命、平安無窮；,將我心思置於靈，生命、平安無窮；
lyrics_xb_text/xb94.txt,19,志,律法要求在我成就，不用立志要遵守，,律法要求在我成就，不用立志要遵守，,律法要求在我成就，不用立志要遵守，
lyrics_xb_text/xb95.txt,7,发,他今作律运行，能力自发自动，,他今作律運行，能力自發自動，,他今作律運行，能力自發自動，
lyrics_xb_text/xb95.txt,11,余,使我得胜有余，今享自由、欢愉；,使我得勝有餘，今享自由、歡愉；,使我得勝有餘，今享自由、歡愉；
lyrics_xb_text/xb95.txt,16,里,这律就是那灵，在我灵里运行，,這律就是那靈，在我靈裏運行，,這律就是那靈，在我靈裏運行，
lyrics_xb_text/xb95.txt,17,恶,浸透我的全魂，治死身体恶行；,浸透我的全魂，治死身體惡行；,浸透我的全魂，治死身體惡行；
lyrics_xb_text/xb95.txt,18,于,挣扎、努力全停，心思置于那灵，,掙扎、努力全停，心思置於那靈，,掙扎、努力全停，心思置於那靈，
lyrics_xb_text/xb95.txt,19,发,让他这律发动，我享救恩重重。,讓他這律發動，我享救恩重重。,讓他這律發動，我享救恩重重。
lyrics_xb_text/xb95.txt,25,发,生命逐日长成，我心发出赞颂。,生命逐日長成，我心發出讚頌。,生命逐日長成，我心發出讚頌。
lyrics_xb_text/xb96.txt,7,里,这灵就是基督内住，在我灵里供应、服事，,這靈就是基督內住，在我靈裏供應、服事，,這靈就是基督內住，在我靈裏供應、服事，
lyrics_xb_text/xb96.txt,14,于,祂却照样联结于我，照着神为我代求。,祂卻照樣聯結於我，照著神為我代求。,祂卻照樣聯結於我，照着神為我代求。
lyrics_xb_text/xb96.txt,19,后,热切期待身体得赎，成为神荣耀后嗣，,熱切期待身體得贖，成為神榮耀後嗣，,熱切期待身體得贖，成為神榮耀後嗣，
lyrics_xb_text/xb96.txt,24,于,模成基督形像，与祂同显于荣耀；,模成基督形像，與祂同顯於榮耀；,模成基督形像，與祂同顯於榮耀；
lyrics_xb_text/xb97.txt,5,里,你在永远里就是神儿子，那时并无人的本质，,你在永遠裏就是神兒子，那時並無人的本質，,你在永遠裏就是神兒子，那時並無人的本質，
lyrics_xb_text/xb97.txt,6,借,一日，借童女从圣灵而生，穿上人性，成为肉身；,一日，借童女從聖靈而生，穿上人性，成為肉身；,一日，借童女從聖靈而生，穿上人性，成為肉身；
lyrics_xb_text/xb97.txt,7,复,为成功救赎，你来经过死，复活，标明为神儿子，,為成功救贖，你來經過死，復活，標明為神兒子，,為成功救贖，你來經過死，復活，標明為神兒子，
lyrics_xb_text/xb97.txt,11,复里,你在复活里，且成为那灵，今来分赐神圣生命，,你在復活裏，且成為那靈，今來分賜神聖生命，,你在復活裏，且成為那靈，今來分賜神聖生命，
lyrics_xb_text/xb97.txt,17,丑,软弱又丑陋像我这等人，带着堕落，罪的肉身，,軟弱又醜陋像我這等人，帶著墮落，罪的肉身，,軟弱又醜陋像我這等人，帶着墮落，罪的肉身，
lyrics_xb_text/xb97.txt,20,复,使我有分你复活大能，享受这标明的过程。,使我有分你復活大能，享受這標明的過程。,使我有分你復活大能，享受這標明的過程。
lyrics_xb_text/xb97.txt,26,后,神独生爱子同神后嗣，完全彰显神到永世。,神獨生愛子同神後嗣，完全彰顯神到永世。,神獨生愛子同神後嗣，完全彰顯神到永世。
lyrics_xb_text/xb98.txt,2,里,哦那灵在我里,哦那靈在我裏,哦那靈在我裏
lyrics_xb_text/xb98.txt,8,里,哦那灵，在我里，祂不断在运作，,哦那靈，在我裏，祂不斷在運作，,哦那靈，在我裏，祂不斷在運作，
lyrics_xb_text/xb98.txt,10,里,哦那灵，在我里，祂积极在探索，,哦那靈，在我裏，祂積極在探索，,哦那靈，在我裏，祂積極在探索，
lyrics_xb_text/xb98.txt,18,借,但借那灵神来启示，基督一切秘密，,但借那靈神來啟示，基督一切祕密，,但借那靈神來啓示，基督一切祕密，
lyrics_xb_text/xb99.txt,7,复,你从天降下成肉体，从阴间上来又复起，,你從天降下成肉體，從陰間上來又復起，,你從天降下成肉體，從陰間上來又復起，
lyrics_xb_text/xb99.txt,8,里,今犹如空气在我口里，随时随在我可享受你。,今猶如空氣在我口裏，隨時隨在我可享受你。,今猶如空氣在我口裏，隨時隨在我可享受你。
lyrics_xb_text/xb99.txt,10,里,丰富无比，何等实际，因你就在我心里！,豐富無比，何等實際，因你就在我心裏！,豐富無比，何等實際，因你就在我心裏！
lyrics_xg_text/xg1.txt,6,里,你在永远里就是神儿子，,你在永遠裏就是神兒子，,你在永遠裏就是神兒子，
lyrics_xg_text/xg1.txt,8,借,一日，借童女从圣灵而生，,一日，借童女從聖靈而生，,一日，借童女從聖靈而生，
lyrics_xg_text/xg1.txt,11,复,复活，标明为神儿子，,復活，標明為神兒子，,復活，標明為神兒子，
lyrics_xg_text/xg1.txt,16,复里,你在复活里，且成为那灵，,你在復活裏，且成為那靈，,你在復活裏，且成為那靈，
lyrics_xg_text/xg1.txt,26,丑,软弱又丑陋像我这等人，,軟弱又醜陋像我這等人，,軟弱又醜陋像我這等人，
lyrics_xg_text/xg1.txt,32,复,使我有分你复活大能，,使我有分你復活大能，,使我有分你復活大能，
lyrics_xg_text/xg1.txt,42,后,神独生爱子同神后嗣，,神獨生愛子同神後嗣，,神獨生愛子同神後嗣，
lyrics_xg_text/xg10.txt,2,里,耶稣是国度，已进入我里,耶穌是國度，已進入我裏,耶穌是國度，已進入我裏
lyrics_xg_text/xg10.txt,6,里,耶稣是国度，已进入我里，,耶穌是國度，已進入我裏，,耶穌是國度，已進入我裏，
lyrics_xg_text/xg10.txt,9,里,撒在我灵里，作国度实际。,撒在我靈裏，作國度實際。,撒在我靈裏，作國度實際。
lyrics_xg_text/xg10.txt,20,后尽,世界和虚荣尽丢弃背后。,世界和虛榮盡丟棄背後。,世界和虛榮盡丟棄背後。
lyrics_xg_text/xg10.txt,25,后,国度已虚悬，以后才来到，,國度已虛懸，以後纔來到，,國度已虛懸，以後纔來到，
lyrics_xg_text/xg10.txt,30,里面,就是主耶稣住在我里面；,就是主耶穌住在我裏面；,就是主耶穌住在我裏面；
lyrics_xg_text/xg10.txt,31,里,基督作人位在我里掌权，,基督作人位在我裏掌權，,基督作人位在我裏掌權，
lyrics_xg_text/xg100.txt,2,系,属灵的殿与祭司体系,屬靈的殿與祭司體系,屬靈的殿與祭司體系
lyrics_xg_text/xg100.txt,18,于,神荣光显于人间！,神榮光顯於人間！,神榮光顯於人間！
lyrics_xg_text/xg100.txt,21,面,上神的山，见神的面，,上神的山，見神的面，,上神的山，見神的面，
lyrics_xg_text/xg100.txt,26,发,宣扬主名来发光！,宣揚主名來發光！,宣揚主名來發光！
lyrics_xg_text/xg101.txt,7,只,我只愿意让主充满我；,我只願意讓主充滿我；,我只願意讓主充滿我；
lyrics_xg_text/xg101.txt,13,里,要让主完全充满我里！,要讓主完全充滿我裏！,要讓主完全充滿我裏！
lyrics_xg_text/xg101.txt,23,志,此志永不渝，绝不反悔。,此志永不渝，絕不反悔。,此志永不渝，絕不反悔。
lyrics_xg_text/xg102.txt,8,尽,祂的特性、身位尽显明无遗；,祂的特性、身位盡顯明無遺；,祂的特性、身位盡顯明無遺；
lyrics_xg_text/xg102.txt,10,尽致,图画加上明言，描绘何尽致。,圖畫加上明言，描繪何盡致。,圖畫加上明言，描繪何盡致。
lyrics_xg_text/xg102.txt,13,表,主神已经说话，表露祂心意：,主神已經說話，表露祂心意：,主神已經説話，表露祂心意：
lyrics_xg_text/xg102.txt,15,里面,使祂在子里面得荣耀无匹，,使祂在子裏面得榮耀無匹，,使祂在子裏面得榮耀無匹，
lyrics_xg_text/xg102.txt,19,表,主神已经说话，将基督表明：,主神已經說話，將基督表明：,主神已經説話，將基督表明：
lyrics_xg_text/xg102.txt,21,系,祂是一切一切，将万有维系，,祂是一切一切，將萬有維繫，,祂是一切一切，將萬有維繫，
lyrics_xg_text/xg102.txt,26,于,要使元首基督显于祂召会；,要使元首基督顯於祂召會；,要使元首基督顯於祂召會；
lyrics_xg_text/xg102.txt,27,里,神格一切丰满都住基督里，,神格一切豐滿都住基督裏，,神格一切豐滿都住基督裏，
lyrics_xg_text/xg102.txt,33,里面,父神在子里面，子化身成灵，,父神在子裏面，子化身成靈，,父神在子裏面，子化身成靈，
lyrics_xg_text/xg102.txt,34,于,住于基督身体，神计划得成。,住於基督身體，神計劃得成。,住於基督身體，神計劃得成。
lyrics_xg_text/xg103.txt,9,里,投身建造里，讨主欢欣。,投身建造裏，討主歡欣。,投身建造裏，討主歡欣。
lyrics_xg_text/xg103.txt,11,制复里,主啊！深愿你心复制我心里，,主啊！深願你心複製我心裏，,主啊！深願你心複製我心裏，
lyrics_xg_text/xg103.txt,13,系,作你祭司体系，被建造在一起，,作你祭司體系，被建造在一起，,作你祭司體系，被建造在一起，
lyrics_xg_text/xg103.txt,17,谷,虽经过流泪谷，常是软弱步踌躇，,雖經過流淚谷，常是軟弱步躊躇，,雖經過流淚谷，常是軟弱步躊躇，
lyrics_xg_text/xg103.txt,24,发,时时发歌声：基督得胜！,時時發歌聲：基督得勝！,時時發歌聲：基督得勝！
lyrics_xg_text/xg103.txt,25,里,身体里得建立，配搭凭神七倍灵，,身體裏得建立，配搭憑神七倍靈，,身體裏得建立，配搭憑神七倍靈，
lyrics_xg_text/xg104.txt,9,台,灯台照耀显光荣。,燈臺照耀顯光榮。,燈台照耀顯光榮。
lyrics_xg_text/xg104.txt,11,尽,遵守主话尽所能；,遵守主話盡所能；,遵守主話盡所能；
lyrics_xg_text/xg104.txt,18,发,灵中发旺常火热！,靈中發旺常火熱！,靈中發旺常火熱！
lyrics_xg_text/xg104.txt,21,发,作得胜者发光如星，,作得勝者發光如星，,作得勝者發光如星，
lyrics_xg_text/xg104.txt,26,里,灵里新鲜胜死沉；,靈裏新鮮勝死沉；,靈裏新鮮勝死沉；
lyrics_xg_text/xg104.txt,28,复,惟愿带来新复兴。,惟願帶來新復興。,惟願帶來新復興。
lyrics_xg_text/xg105.txt,9,里,”祂是流动空气，充满我心里；,”祂是流動空氣，充滿我心裏；,”祂是流動空氣，充滿我心裏；
lyrics_xg_text/xg105.txt,21,复,祂是复活的主，带我同复活；,祂是復活的主，帶我同復活；,祂是復活的主，帶我同復活；
lyrics_xg_text/xg106.txt,8,历,一路上蒙神眷顾，历神迹，,一路上蒙神眷顧，歷神蹟，,一路上蒙神眷顧，歷神蹟，
lyrics_xg_text/xg106.txt,10,云,日夜有云柱、火柱，,日夜有雲柱、火柱，,日夜有雲柱、火柱，
lyrics_xg_text/xg106.txt,16,只,只为神家建筑！,只為神家建築！,只為神家建築！
lyrics_xg_text/xg106.txt,27,只,只以神心意为念：,只以神心意為念：,只以神心意為念：
lyrics_xg_text/xg107.txt,6,尽,日光之下，万事无穷尽，,日光之下，萬事無窮盡，,日光之下，萬事無窮盡，
lyrics_xg_text/xg107.txt,11,里,到我这里来的，必永远不饿。,到我這裏來的，必永遠不餓。,到我這裏來的，必永遠不餓。
lyrics_xg_text/xg107.txt,18,复,使你得复苏，喜乐奔前途，一生有盼望。,使你得復甦，喜樂奔前途，一生有盼望。,使你得復甦，喜樂奔前途，一生有盼望。
lyrics_xg_text/xg107.txt,21,里,在基督里，旧事已过去，,在基督裏，舊事已過去，,在基督裏，舊事已過去，
lyrics_xg_text/xg107.txt,26,里,跟从我的，就不在黑暗里行。,跟從我的，就不在黑暗裏行。,跟從我的，就不在黑暗裏行。
lyrics_xg_text/xg108.txt,2,云,风云火金,風雲火金,風雲火金
lyrics_xg_text/xg108.txt,8,复,能力之灵从天临及，吹动全人使复苏。,能力之靈從天臨及，吹動全人使復甦。,能力之靈從天臨及，吹動全人使復甦。
lyrics_xg_text/xg108.txt,10,云,向神对付全然敞开，让灵如云来覆庇。,向神對付全然敞開，讓靈如雲來覆庇。,向神對付全然敞開，讓靈如雲來覆庇。
lyrics_xg_text/xg108.txt,13,云,大云覆罩，是神同在，甜美怀抱作遮盖；,大雲覆罩，是神同在，甜美懷抱作遮蓋；,大雲覆罩，是神同在，甜美懷抱作遮蓋；
lyrics_xg_text/xg108.txt,14,里面,驻留围绕，亲近可爱，在祂里面可依赖。,駐留圍繞，親近可愛，在祂裏面可依賴。,駐留圍繞，親近可愛，在祂裏面可依賴。
lyrics_xg_text/xg108.txt,15,云尽,云中闪烁圣别烈火，烧尽己意与邪情；,雲中閃爍聖別烈火，燒盡己意與邪情；,雲中閃爍聖別烈火，燒盡己意與邪情；
lyrics_xg_text/xg108.txt,25,云,风、云、火、金美妙循环，产生奇妙四活物；,風、雲、火、金美妙循環，產生奇妙四活物；,風、雲、火、金美妙循環，產生奇妙四活物；
lyrics_xg_text/xg108.txt,26,尽,与主调和，配搭无间，耶稣生命尽显出。,與主調和，配搭無間，耶穌生命盡顯出。,與主調和，配搭無間，耶穌生命盡顯出。
lyrics_xg_text/xg108.txt,31,征,彰显祂如刚强狮子，争战征服众仇敌；,彰顯祂如剛強獅子，爭戰征服眾仇敵；,彰顯祂如剛強獅子，爭戰征服眾仇敵；
lyrics_xg_text/xg108.txt,32,尽,又如牛犊忠心尽职，低微、顺服、不为己；,又如牛犢忠心盡職，低微、順服、不為己；,又如牛犢忠心盡職，低微、順服、不為己；
lyrics_xg_text/xg108.txt,34,恶,恶名、美名，逆境、顺境，都能超越不受扰。,惡名、美名，逆境、順境，都能超越不受擾。,惡名、美名，逆境、順境，都能超越不受擾。
lyrics_xg_text/xg108.txt,37,于云,阿利路亚！风、云、火、金—神之于人的故事；,阿利路亞！風、雲、火、金—神之於人的故事；,阿利路亞！風、雲、火、金—神之於人的故事；
lyrics_xg_text/xg108.txt,38,历,成为活物为神经纶—神、人荣耀的历史。,成為活物為神經綸—神、人榮耀的歷史。,成為活物為神經綸—神、人榮耀的歷史。
lyrics_xg_text/xg109.txt,7,恶,有祂，人生就平安满足，脱离罪恶、死亡、咒诅；,有祂，人生就平安滿足，脫離罪惡、死亡、咒詛；,有祂，人生就平安滿足，脱離罪惡、死亡、咒詛；
lyrics_xg_text/xg109.txt,8,干,主名、主话作我真宝库，活水涌流不干枯；,主名、主話作我真寶庫，活水湧流不乾枯；,主名、主話作我真寶庫，活水湧流不乾枯；
lyrics_xg_text/xg109.txt,9,历,喜乐涌出，虽历经苦楚，因祂与我永联属。,喜樂湧出，雖歷經苦楚，因祂與我永聯屬。,喜樂湧出，雖歷經苦楚，因祂與我永聯屬。
lyrics_xg_text/xg109.txt,16,尽干,享受肥甘，饥饿得饱足，畅饮乐河，干渴尽除；,享受肥甘，飢餓得飽足，暢飲樂河，乾渴盡除；,享受肥甘，飢餓得飽足，暢飲樂河，乾渴盡除；
lyrics_xg_text/xg109.txt,17,谷,微弱麻雀在此得住处，经流泪谷得祝福；,微弱麻雀在此得住處，經流淚谷得祝福；,微弱麻雀在此得住處，經流淚谷得祝福；
lyrics_xg_text/xg109.txt,23,里,灵里充满，与主同劳苦，作盐作光活基督；,靈裏充滿，與主同勞苦，作鹽作光活基督；,靈裏充滿，與主同勞苦，作鹽作光活基督；
lyrics_xg_text/xg11.txt,6,里,主啊，我在灵里，享受你的甜美，,主啊，我在靈裏，享受你的甜美，,主啊，我在靈裏，享受你的甜美，
lyrics_xg_text/xg11.txt,7,尽,好似无尽的甘泉，涌流我心扉。,好似無盡的甘泉，湧流我心扉。,好似無盡的甘泉，湧流我心扉。
lyrics_xg_text/xg11.txt,14,里,主啊，我在灵里，聆听你的声音，,主啊，我在靈裏，聆聽你的聲音，,主啊，我在靈裏，聆聽你的聲音，
lyrics_xg_text/xg11.txt,22,里,主啊，我在灵里，高声呼唤你名，,主啊，我在靈裏，高聲呼喚你名，,主啊，我在靈裏，高聲呼喚你名，
lyrics_xg_text/xg11.txt,25,尽,幽暗阴霾尽除，当你光放明。,幽暗陰霾盡除，當你光放明。,幽暗陰霾盡除，當你光放明。
lyrics_xg_text/xg11.txt,30,里,主啊，我在灵里，向你倾心吐意，,主啊，我在靈裏，向你傾心吐意，,主啊，我在靈裏，向你傾心吐意，
lyrics_xg_text/xg11.txt,33,余,凡事得胜有余，因你爱不移。,凡事得勝有餘，因你愛不移。,凡事得勝有餘，因你愛不移。
lyrics_xg_text/xg110.txt,7,云,昔日的孤寂再也无处找，烦恼忧惧也都云散烟消；,昔日的孤寂再也無處找，煩惱憂懼也都雲散煙消；,昔日的孤寂再也無處找，煩惱憂懼也都雲散煙消；
lyrics_xg_text/xg110.txt,21,发,在黑夜中祂越发光芒，在苦难中更显盼望，,在黑夜中祂越發光芒，在苦難中更顯盼望，,在黑夜中祂越發光芒，在苦難中更顯盼望，
lyrics_xg_text/xg111.txt,18,历,朋友们，让我们一同来经历，经历祂，,朋友們，讓我們一同來經歷，經歷祂，,朋友們，讓我們一同來經歷，經歷祂，
lyrics_xg_text/xg111.txt,26,尽,一切尽是短暂有损，得着主才算数，,一切盡是短暫有損，得著主纔算數，,一切盡是短暫有損，得着主纔算數，
lyrics_xg_text/xg112.txt,6,云,神立彩虹作为记号，现在天上云彩中；,神立彩虹作為記號，現在天上雲彩中；,神立彩虹作為記號，現在天上雲彩中；
lyrics_xg_text/xg112.txt,15,于,蓝、红、黄色为其光彩，彰显于天何神圣！,藍、紅、黃色為其光彩，彰顯於天何神聖！,藍、紅、黃色為其光彩，彰顯於天何神聖！
lyrics_xg_text/xg113.txt,12,尽,生养教建照神命定，坚定、同心尽微力。,生養教建照神命定，堅定、同心盡微力。,生養教建照神命定，堅定、同心盡微力。
lyrics_xg_text/xg113.txt,19,尽,帕子除尽，荣光充盈，变化模成你荣形；,帕子除盡，榮光充盈，變化模成你榮形；,帕子除盡，榮光充盈，變化模成你榮形；
lyrics_xg_text/xg113.txt,20,于,交于死地，无畏逼迫，超越能力时显明。,交於死地，無畏逼迫，超越能力時顯明。,交於死地，無畏逼迫，超越能力時顯明。
lyrics_xg_text/xg113.txt,23,志,胸怀大志，因爱困迫，讨你欢喜不我活；,胸懷大志，因愛困迫，討你歡喜不我活；,胸懷大志，因愛困迫，討你歡喜不我活；
lyrics_xg_text/xg113.txt,26,发,凯旋行列散发馨香，使你国度得开拓。,凱旋行列散發馨香，使你國度得開拓。,凱旋行列散發馨香，使你國度得開拓。
lyrics_xg_text/xg114.txt,13,于,这一生岁月看似无希奇，竟是把地联结于天，,這一生歲月看似無希奇，竟是把地聯結於天，,這一生歲月看似無希奇，竟是把地聯結於天，
lyrics_xg_text/xg114.txt,18,只尽,只是我心早有所属，让他们去尽力占有，,只是我心早有所屬，讓他們去盡力佔有，,只是我心早有所屬，讓他們去盡力佔有，
lyrics_xg_text/xg114.txt,20,于,你手掌管我的一切，全用于你命定之路。,你手掌管我的一切，全用於你命定之路。,你手掌管我的一切，全用於你命定之路。
lyrics_xg_text/xg114.txt,24,只,不是保留，就是倾注，香膏只能枉费一次；,不是保留，就是傾注，香膏只能枉費一次；,不是保留，就是傾注，香膏只能枉費一次；
lyrics_xg_text/xg114.txt,26,表,让我天天向你表白：惟你配得我命我爱。,讓我天天向你表白：惟你配得我命我愛。,讓我天天向你表白：惟你配得我命我愛。
lyrics_xg_text/xg115.txt,6,余,晚霞余晖黯然消逝，美好夕阳已西沉，,晚霞餘暉黯然消逝，美好夕陽已西沉，,晚霞餘暉黯然消逝，美好夕陽已西沉，
lyrics_xg_text/xg115.txt,11,里,在我灵里，你恩典永同住。,在我靈裏，你恩典永同住。,在我靈裏，你恩典永同住。
lyrics_xg_text/xg115.txt,15,借,借你所赐刚强的灵，恩赐如火挑旺起。,借你所賜剛強的靈，恩賜如火挑旺起。,借你所賜剛強的靈，恩賜如火挑旺起。
lyrics_xg_text/xg115.txt,31,恶,持定真理，勿失标的，抵挡恶毒的蔓衍。,持定真理，勿失標的，抵擋惡毒的蔓衍。,持定真理，勿失標的，抵擋惡毒的蔓衍。
lyrics_xg_text/xg115.txt,32,面,神已立起坚固根基，并有印记在上面：,神已立起堅固根基，並有印記在上面：,神已立起堅固根基，並有印記在上面：
lyrics_xg_text/xg115.txt,38,后,末后日子艰难时期，上好之爱落何处？,末後日子艱難時期，上好之愛落何處？,末後日子艱難時期，上好之愛落何處？
lyrics_xg_text/xg115.txt,49,尽,跑尽赛程果不退缩？善尽职事肯受苦？,跑盡賽程果不退縮？善盡職事肯受苦？,跑盡賽程果不退縮？善盡職事肯受苦？
lyrics_xg_text/xg115.txt,51,面,因你恩典，预备迎见你面。,因你恩典，預備迎見你面。,因你恩典，預備迎見你面。
lyrics_xg_text/xg116.txt,22,尽,你差爱子，成为肉身，尝尽苦杯，免我沉沦。,你差愛子，成為肉身，嘗盡苦杯，免我沉淪。,你差愛子，成為肉身，嘗盡苦杯，免我沉淪。
lyrics_xg_text/xg116.txt,23,复,神成为人，死而复生，使我除罪、成圣；,神成為人，死而復生，使我除罪、成聖；,神成為人，死而復生，使我除罪、成聖；
lyrics_xg_text/xg116.txt,30,复,万物复兴，天使响应，扬声欢腾拜敬！,萬物復興，天使響應，揚聲歡騰拜敬！,萬物復興，天使響應，揚聲歡騰拜敬！
lyrics_xg_text/xg117.txt,13,云里,风起云涌，穹苍万里，迈向地极随主行。,風起雲湧，穹蒼萬里，邁向地極隨主行。,風起雲湧，穹蒼萬里，邁向地極隨主行。
lyrics_xg_text/xg118.txt,7,发,祂就会向人发出呼召，期盼有人与祂相交;,祂就會向人發出呼召，期盼有人與祂相交;,祂就會向人發出呼召，期盼有人與祂相交;
lyrics_xg_text/xg118.txt,9,尽,如仆人摩西一生尽忠，为神的家建造地上帐幕。,如僕人摩西一生盡忠，為神的家建造地上帳幕。,如僕人摩西一生盡忠，為神的家建造地上帳幕。
lyrics_xg_text/xg118.txt,13,干,草必枯干，草上花凋谢，听主在呼召，主爱不渝。,草必枯乾，草上花凋謝，聽主在呼召，主愛不渝。,草必枯乾，草上花凋謝，聽主在呼召，主愛不渝。
lyrics_xg_text/xg119.txt,10,只,捆绑都脱，锁链都落，只愿一生向你而活。,捆綁都脫，鎖鍊都落，只願一生向你而活。,捆綁都脱，鎖鍊都落，只願一生向你而活。
lyrics_xg_text/xg119.txt,18,复里,如同麦粒经死而活出，复活里繁殖无数。,如同麥粒經死而活出，復活裏繁殖無數。,如同麥粒經死而活出，復活裏繁殖無數。
lyrics_xg_text/xg119.txt,22,志,非我惟主，此志永不渝，盼那日得主称许。,非我惟主，此志永不渝，盼那日得主稱許。,非我惟主，此志永不渝，盼那日得主稱許。
lyrics_xg_text/xg119.txt,25,于,望断一切及于耶稣，奔跑赛程，别无旁顾；,望斷一切及於耶穌，奔跑賽程，別無旁顧；,望斷一切及於耶穌，奔跑賽程，別無旁顧；
lyrics_xg_text/xg12.txt,13,复,钉死、复活，成那灵，,釘死、復活，成那靈，,釘死、復活，成那靈，
lyrics_xg_text/xg12.txt,16,里,性情，爱里作祂扩增。,性情，愛裏作祂擴增。,性情，愛裏作祂擴增。
lyrics_xg_text/xg12.txt,22,里,祂在不移爱里，却来寻找、眷顾。,祂在不移愛裏，卻來尋找、眷顧。,祂在不移愛裏，卻來尋找、眷顧。
lyrics_xg_text/xg12.txt,27,恶,我陷罪恶桎梏，祂来将我救赎；,我陷罪惡桎梏，祂來將我救贖；,我陷罪惡桎梏，祂來將我救贖；
lyrics_xg_text/xg12.txt,28,复,钉死偿我罪债，复活作我永福。,釘死償我罪債，復活作我永福。,釘死償我罪債，復活作我永福。
lyrics_xg_text/xg12.txt,35,复,得着宇宙至宝，我心夫复何求？,得著宇宙至寶，我心夫復何求？,得着宇宙至寶，我心夫復何求？
lyrics_xg_text/xg12.txt,36,只,只愿爱祂、事祂，与祂同乐同忧。,只願愛祂、事祂，與祂同樂同憂。,只願愛祂、事祂，與祂同樂同憂。
lyrics_xg_text/xg120.txt,7,里,我心切慕稳妥之地，那里是我可安住？,我心切慕穩妥之地，那裏是我可安住？,我心切慕穩妥之地，那裏是我可安住？
lyrics_xg_text/xg120.txt,15,里,这是何等的美丽，我能住在这园里，,這是何等的美麗，我能住在這園裏，,這是何等的美麗，我能住在這園裏，
lyrics_xg_text/xg120.txt,19,里,基督安家我心，爱里生根立基，不再偏离；,基督安家我心，愛裏生根立基，不再偏離；,基督安家我心，愛裏生根立基，不再偏離；
lyrics_xg_text/xg120.txt,21,里,阔、长、高、深丰富奥秘，在身体里显为何等实际！,闊、長、高、深豐富奧祕，在身體裏顯為何等實際！,闊、長、高、深豐富奧祕，在身體裏顯為何等實際！
lyrics_xg_text/xg120.txt,24,云里,生活光明云彩里，逐步明白神心意：,生活光明雲彩裏，逐步明白神心意：,生活光明雲彩裏，逐步明白神心意：
lyrics_xg_text/xg120.txt,26,里,愿主生命扩增我里，我得完全与祂是一；,願主生命擴增我裏，我得完全與祂是一；,願主生命擴增我裏，我得完全與祂是一；
lyrics_xg_text/xg120.txt,27,里,众人变化与主相肖无比，同被建造在爱里。,眾人變化與主相肖無比，同被建造在愛裏。,眾人變化與主相肖無比，同被建造在愛裏。
lyrics_xg_text/xg120.txt,29,里,为神经纶灵里高昂，见证普及四方，,為神經綸靈裏高昂，見證普及四方，,為神經綸靈裏高昂，見證普及四方，
lyrics_xg_text/xg120.txt,30,面,处处散放基督馨香，遍地传扬，直至面见我王！,處處散放基督馨香，遍地傳揚，直至面見我王！,處處散放基督馨香，遍地傳揚，直至面見我王！
lyrics_xg_text/xg121.txt,18,尽,直到地上帐棚尽脱。,直到地上帳棚盡脫。,直到地上帳棚盡脱。
lyrics_xg_text/xg123.txt,8,复,何等荣耀事实：与基督同活，复活生命从祂我得着。,何等榮耀事實：與基督同活，復活生命從祂我得著。,何等榮耀事實：與基督同活，復活生命從祂我得着。
lyrics_xg_text/xg123.txt,11,复里,今住复活生命里，与祂同活，与祂联结不辍。,今住復活生命裏，與祂同活，與祂聯結不輟。,今住復活生命裏，與祂同活，與祂聯結不輟。
lyrics_xg_text/xg124.txt,9,借只,借机与神圣灵相争，你只要回转顺从你的神。,藉機與神聖靈相爭，你只要回轉順從你的神。,藉機與神聖靈相爭，你只要回轉順從你的神。
lyrics_xg_text/xg125.txt,7,谷,错过祂人生像一峡谷，惊险艰难无出路；,錯過祂人生像一峽谷，驚險艱難無出路；,錯過祂人生像一峽谷，驚險艱難無出路；
lyrics_xg_text/xg125.txt,12,只,只要尝过主恩的滋味，便知道祂最好最美；,只要嘗過主恩的滋味，便知道祂最好最美；,只要嘗過主恩的滋味，便知道祂最好最美；
lyrics_xg_text/xg125.txt,13,后,走过日月千山万水，惟有祂我不曾后悔，,走過日月千山萬水，惟有祂我不曾後悔，,走過日月千山萬水，惟有祂我不曾後悔，
lyrics_xg_text/xg126.txt,8,谷,那地有川，有泉，有源，从谷中和山上流出水来；,那地有川，有泉，有源，從谷中和山上流出水來；,那地有川，有泉，有源，從谷中和山上流出水來；
lyrics_xg_text/xg127.txt,24,于,将我铭刻于你心上，爱的联结比死坚强，,將我銘刻於你心上，愛的聯結比死堅強，,將我銘刻於你心上，愛的聯結比死堅強，
lyrics_xg_text/xg127.txt,26,里,耶稣，活的救主，漫溢在我衷里，,耶穌，活的救主，漫溢在我衷裏，,耶穌，活的救主，漫溢在我衷裏，
lyrics_xg_text/xg127.txt,27,征,将我心意征服，成全你旨无已。,將我心意征服，成全你旨無已。,將我心意征服，成全你旨無已。
lyrics_xg_text/xg127.txt,31,借,救我脱离撒但俘虏，借信归入你，恩主；,救我脫離撒但俘虜，借信歸入你，恩主；,救我脱離撒但俘虜，借信歸入你，恩主；
lyrics_xg_text/xg128.txt,8,发后尽里,缠累尽弃，要得上好，不后悔—灵里发旺，坛火焚烧！,纏累盡棄，要得上好，不後悔—靈裏發旺，壇火焚燒！,纏累盡棄，要得上好，不後悔—靈裏發旺，壇火焚燒！
lyrics_xg_text/xg128.txt,12,借,借祂信心灌注，轻看羞辱。,借祂信心灌注，輕看羞辱。,借祂信心灌注，輕看羞辱。
lyrics_xg_text/xg128.txt,13,准,建造异象定准脚步，愿忠信顺服；,建造異象定準腳步，願忠信順服；,建造異象定準腳步，願忠信順服；
lyrics_xg_text/xg128.txt,17,于,奔跑途中，虽有软弱，望断于主重担脱；,奔跑途中，雖有軟弱，望斷於主重擔脫；,奔跑途中，雖有軟弱，望斷於主重擔脱；
lyrics_xg_text/xg128.txt,22,云系里,云彩围绕，爱里相系，基督身体显实际；,雲彩圍繞，愛裏相系，基督身體顯實際；,雲彩圍繞，愛裏相系，基督身體顯實際；
lyrics_xg_text/xg128.txt,28,台后尽里,栽植灯台，建造身体，最后一里尽全力。,栽植燈臺，建造身體，最後一里盡全力。,栽植燈台，建造身體，最後一里盡全力。
lyrics_xg_text/xg129.txt,2,面,全面建造基督身体,全面建造基督身體,全面建造基督身體
lyrics_xg_text/xg129.txt,8,制复,家中训练成全新人，繁增复制走新路；,家中訓練成全新人，繁增複製走新路；,家中訓練成全新人，繁增複製走新路；
lyrics_xg_text/xg129.txt,12,面,全面建造基督身体；,全面建造基督身體；,全面建造基督身體；
lyrics_xg_text/xg13.txt,9,只,只结苦涩小果实；,只結苦澀小果實；,只結苦澀小果實；
lyrics_xg_text/xg13.txt,11,于,接于我主这好树，,接於我主這好樹，,接於我主這好樹，
lyrics_xg_text/xg13.txt,22,表,不是外表加修饰，,不是外表加修飾，,不是外表加修飾，
lyrics_xg_text/xg130.txt,7,尽,用灵接受生命之气，忧虑除尽、喜乐充溢；,用靈接受生命之氣，憂慮除盡、喜樂充溢；,用靈接受生命之氣，憂慮除盡、喜樂充溢；
lyrics_xg_text/xg130.txt,8,后,每当沮丧、退后之际，恩主总是安慰、鼓励。,每當沮喪、退後之際，恩主總是安慰、鼓勵。,每當沮喪、退後之際，恩主總是安慰、鼓勵。
lyrics_xg_text/xg130.txt,11,历复,停下内顾，结束挣扎，经历复活生命开花；,停下內顧，結束掙扎，經歷復活生命開花；,停下內顧，結束掙扎，經歷復活生命開花；
lyrics_xg_text/xg130.txt,20,里,神家异象扎根我里，投身流中，建造身体；,神家異象紮根我裏，投身流中，建造身體；,神家異象紮根我裏，投身流中，建造身體；
lyrics_xg_text/xg130.txt,28,于系,（注：此诗系大学圣徒写于毕业时）,（注：此詩系大學聖徒寫於畢業時）,（注：此詩系大學聖徒寫於畢業時）
lyrics_xg_text/xg131.txt,8,于,我的信终于有了生命的回响，,我的信終於有了生命的回響，,我的信終於有了生命的回響，
lyrics_xg_text/xg131.txt,11,余,无人像你真情实意，我余生都给你。,無人像你真情實意，我餘生都給你。,無人像你真情實意，我餘生都給你。
lyrics_xg_text/xg131.txt,15,复,祂救我脱罪、死、魔，生命死而复活，,祂救我脫罪、死、魔，生命死而復活，,祂救我脱罪、死、魔，生命死而復活，
lyrics_xg_text/xg132.txt,6,里,我在基督的死里，已经被钉死，,我在基督的死裏，已經被釘死，,我在基督的死裏，已經被釘死，
lyrics_xg_text/xg132.txt,7,复里面,基督在祂的复活里，活在我的里面；,基督在祂的復活裏，活在我的裏面；,基督在祂的復活裏，活在我的裏面；
lyrics_xg_text/xg132.txt,11,借复,主，借你复活生命之灵，,主，借你復活生命之靈，,主，借你復活生命之靈，
lyrics_xg_text/xg132.txt,18,历,天天经历与你同死同活。,天天經歷與你同死同活。,天天經歷與你同死同活。
lyrics_xg_text/xg132.txt,21,借,借这神圣的切割，我已经死了，,借這神聖的切割，我已經死了，,借這神聖的切割，我已經死了，
lyrics_xg_text/xg132.txt,23,征,祂的生命征服、吞灭，我的软弱和缺陷，,祂的生命征服、吞滅，我的軟弱和缺陷，,祂的生命征服、吞滅，我的軟弱和缺陷，
lyrics_xg_text/xg133.txt,15,只,因信向前，只等候你那日显现。,因信向前，只等候你那日顯現。,因信向前，只等候你那日顯現。
lyrics_xg_text/xg133.txt,19,里,时刻与你联结，爱里交通享你显现。,時刻與你聯結，愛裏交通享你顯現。,時刻與你聯結，愛裏交通享你顯現。
lyrics_xg_text/xg133.txt,22,面,你的应许不曾改迁，我能放胆行走海面。,你的應許不曾改遷，我能放膽行走海面。,你的應許不曾改遷，我能放膽行走海面。
lyrics_xg_text/xg133.txt,25,云,不曾想过，云彩围绕如此甘甜，,不曾想過，雲彩圍繞如此甘甜，,不曾想過，雲彩圍繞如此甘甜，
lyrics_xg_text/xg133.txt,36,于,（注：此诗为高中圣徒写于毕业时）,（注：此詩為高中聖徒寫於畢業時）,（注：此詩為高中聖徒寫於畢業時）
lyrics_xg_text/xg134.txt,9,复,成为荐信，圣灵所书，复活基督供人诵读。,成為薦信，聖靈所書，復活基督供人誦讀。,成為薦信，聖靈所書，復活基督供人誦讀。
lyrics_xg_text/xg134.txt,12,准,职事呼召定准脚步：建造身体，显大基督。,職事呼召定準腳步：建造身體，顯大基督。,職事呼召定準腳步：建造身體，顯大基督。
lyrics_xg_text/xg134.txt,20,复,逼迫、打击不过显明复活生命超绝大能。,逼迫、打擊不過顯明復活生命超絕大能。,逼迫、打擊不過顯明復活生命超絕大能。
lyrics_xg_text/xg134.txt,23,尽,作主大使，无比尊荣，和好职事，受托尽忠；,作主大使，無比尊榮，和好職事，受託盡忠；,作主大使，無比尊榮，和好職事，受託盡忠；
lyrics_xg_text/xg134.txt,25,恶,荣耀、羞辱，恶名、美名，似乎诱人、却是真诚，,榮耀、羞辱，惡名、美名，似乎誘人、卻是真誠，,榮耀、羞辱，惡名、美名，似乎誘人、卻是真誠，
lyrics_xg_text/xg134.txt,30,尽,黑暗、偶像、不洁尽弃，活出神殿圣别实际。,黑暗、偶像、不潔盡棄，活出神殿聖別實際。,黑暗、偶像、不潔盡棄，活出神殿聖別實際。
lyrics_xg_text/xg134.txt,36,后,愿为召会全然花费，花上自己，绝不后悔。,願為召會全然花費，花上自己，絕不後悔。,願為召會全然花費，花上自己，絕不後悔。
lyrics_xg_text/xg134.txt,37,历,经历、品尝基督丰美，经过试炼，恩典加倍；,經歷、品嘗基督豐美，經過試煉，恩典加倍；,經歷、品嘗基督豐美，經過試煉，恩典加倍；
lyrics_xg_text/xg134.txt,40,于,（注：此诗为大学圣徒写于毕业时）,（注：此詩為大學聖徒寫於畢業時）,（注：此詩為大學聖徒寫於畢業時）
lyrics_xg_text/xg135.txt,6,里面,我愿遵主命令申言，将主分赐人里面：,我願遵主命令申言，將主分賜人裏面：,我願遵主命令申言，將主分賜人裏面：
lyrics_xg_text/xg135.txt,16,复干,木杖虽已枯干凋残，复活生命必显现；,木杖雖已枯乾凋殘，復活生命必顯現；,木杖雖已枯乾凋殘，復活生命必顯現；
lyrics_xg_text/xg136.txt,7,里,在爱里互相扶助，召会就蒙神祝福。,在愛裏互相扶助，召會就蒙神祝福。,在愛裏互相扶助，召會就蒙神祝福。
lyrics_xg_text/xg137.txt,2,于,众召会显于各地,眾召會顯於各地,眾召會顯於各地
lyrics_xg_text/xg137.txt,7,于,众召会显于各地，乃是基督身体；,眾召會顯於各地，乃是基督身體；,眾召會顯於各地，乃是基督身體；
lyrics_xg_text/xg137.txt,9,台,金灯台光芒四溢，照耀各城不已；,金燈臺光芒四溢，照耀各城不已；,金燈台光芒四溢，照耀各城不已；
lyrics_xg_text/xg137.txt,18,尽,各尽其分何美妙，叫身体得建造；,各盡其分何美妙，叫身體得建造；,各盡其分何美妙，叫身體得建造；
lyrics_xg_text/xg137.txt,24,于,焚烧，炼净我们的爱好，合于祂旨所要：,焚燒，煉淨我們的愛好，合於祂旨所要：,焚燒，煉淨我們的愛好，合於祂旨所要：
lyrics_xg_text/xg137.txt,30,云,众召会欢喜跳跃，赞美响彻云霄。,眾召會歡喜跳躍，讚美響徹雲霄。,眾召會歡喜跳躍，讚美響徹雲霄。
lyrics_xg_text/xg137.txt,32,于,让主提接进荣耀，同王达于至高。,讓主提接進榮耀，同王達於至高。,讓主提接進榮耀，同王達於至高。
lyrics_xg_text/xg138.txt,6,于,真羡慕能绝对降服于你，,真羨慕能絕對降服於你，,真羨慕能絕對降服於你，
lyrics_xg_text/xg138.txt,15,于,我的主，我今按手于你。,我的主，我今按手於你。,我的主，我今按手於你。
lyrics_xg_text/xg138.txt,21,只,成馨香，只为父神心喜。,成馨香，只為父神心喜。,成馨香，只為父神心喜。
lyrics_xg_text/xg138.txt,24,复里,复活中，主，你今住我灵里，,復活中，主，你今住我靈裏，,復活中，主，你今住我靈裏，
lyrics_xg_text/xg138.txt,26,发里,每当你从衷里发声之际，,每當你從衷裏發聲之際，,每當你從衷裏發聲之際，
lyrics_xg_text/xg138.txt,43,只,无他求，只要让你倾注；,無他求，只要讓你傾注；,無他求，只要讓你傾注；
lyrics_xg_text/xg138.txt,45,于,好使你显大于我步武。,好使你顯大於我步武。,好使你顯大於我步武。
lyrics_xg_text/xg139.txt,7,里面,使我里面重新、重新有正直的灵；,使我裏面重新、重新有正直的靈；,使我裏面重新、重新有正直的靈；
lyrics_xg_text/xg139.txt,12,里,在心思的灵里浸润，日日得更新；,在心思的靈裏浸潤，日日得更新；,在心思的靈裏浸潤，日日得更新；
lyrics_xg_text/xg139.txt,13,里,以宽容代替仇恨，在爱里行事为人，,以寬容代替仇恨，在愛裏行事為人，,以寬容代替仇恨，在愛裏行事為人，
lyrics_xg_text/xg139.txt,17,复,求你使我复得、复得你救恩之乐，,求你使我復得、復得你救恩之樂，,求你使我復得、復得你救恩之樂，
lyrics_xg_text/xg139.txt,20,尽,行在生命光中，罪、世界、和己尽脱。,行在生命光中，罪、世界、和己盡脫。,行在生命光中，罪、世界、和己盡脱。
lyrics_xg_text/xg14.txt,33,尽,我们是祂的身体，生命树当尽尝。,我們是祂的身體，生命樹當盡嘗。,我們是祂的身體，生命樹當盡嘗。
lyrics_xg_text/xg140.txt,12,只,你说，“只管跟随羊群脚踪！,你說，“只管跟隨羊群腳蹤！,你説，“只管跟隨羊羣腳蹤！
lyrics_xg_text/xg140.txt,26,里,爱里花费，劳而不苦，祷告中将人背负；,愛裏花費，勞而不苦，禱告中將人揹負；,愛裏花費，勞而不苦，禱告中將人揹負；
lyrics_xg_text/xg140.txt,31,里,倾倒全人，爱里与主同工；,傾倒全人，愛裏與主同工；,傾倒全人，愛裏與主同工；
lyrics_xg_text/xg140.txt,36,系,神家建造成我标的，神梦与我心相系；,神家建造成我標的，神夢與我心相繫；,神家建造成我標的，神夢與我心相繫；
lyrics_xg_text/xg140.txt,38,云,云彩围绕，榜样激励，踏着信心的踪迹；,雲彩圍繞，榜樣激勵，踏著信心的蹤跡；,雲彩圍繞，榜樣激勵，踏着信心的蹤跡；
lyrics_xg_text/xg140.txt,41,于,注：此诗为大学圣徒写于毕业时,注：此詩為大學聖徒寫於畢業時,注：此詩為大學聖徒寫於畢業時
lyrics_xg_text/xg141.txt,10,里面,今凭你住我们里面，我们奉献才完全。,今憑你住我們裏面，我們奉獻纔完全。,今憑你住我們裏面，我們奉獻纔完全。
lyrics_xg_text/xg141.txt,16,制复,与你联结，成你复制，为使神旨得成就。,與你聯結，成你複製，為使神旨得成就。,與你聯結，成你複製，為使神旨得成就。
lyrics_xg_text/xg141.txt,20,借,活出你的顺从、无己，借着与你成为一；,活出你的順從、無己，藉著與你成為一；,活出你的順從、無己，藉着與你成為一；
lyrics_xg_text/xg141.txt,21,只,只凭生命美妙运行，无需挣扎或努力，,只憑生命美妙運行，無需掙扎或努力，,只憑生命美妙運行，無需掙扎或努力，
lyrics_xg_text/xg141.txt,22,里,取用你这馨香燔祭，内住、实化我们里。,取用你這馨香燔祭，內住、實化我們裏。,取用你這馨香燔祭，內住、實化我們裏。
lyrics_xg_text/xg142.txt,10,只,祂的人性丰富超特，只管吃祂，何必挨饿？,祂的人性豐富超特，只管喫祂，何必挨餓？,祂的人性豐富超特，只管喫祂，何必挨餓？
lyrics_xg_text/xg142.txt,13,于,我们饮于耶稣的灵，有分于祂拔高人性，,我們飲於耶穌的靈，有分於祂拔高人性，,我們飲於耶穌的靈，有分於祂拔高人性，
lyrics_xg_text/xg142.txt,14,干,直至流出活水江河，滋润多人，解除干涸。,直至流出活水江河，滋潤多人，解除乾涸。,直至流出活水江河，滋潤多人，解除乾涸。
lyrics_xg_text/xg142.txt,16,只干,祂的人性丰富超特，只管喝祂，何必干渴？,祂的人性豐富超特，只管喝祂，何必乾渴？,祂的人性豐富超特，只管喝祂，何必乾渴？
lyrics_xg_text/xg142.txt,20,于,各地召会得着建立，一个新人显于全地。,各地召會得著建立，一個新人顯於全地。,各地召會得着建立，一個新人顯於全地。
lyrics_xg_text/xg143.txt,7,恶,祂被恶人处死，祂被送进坟墓；,祂被惡人處死，祂被送進墳墓；,祂被惡人處死，祂被送進墳墓；
lyrics_xg_text/xg143.txt,8,只复,祂只身进阴府，祂复活升高处；,祂隻身進陰府，祂復活升高處；,祂隻身進陰府，祂復活升高處；
lyrics_xg_text/xg143.txt,9,复,世界除灭主耶稣，以为祂从此不复—,世界除滅主耶穌，以為祂從此不復—,世界除滅主耶穌，以為祂從此不復—
lyrics_xg_text/xg143.txt,13,后复,复活以后万膝跪拜，你又为何再来？,復活以後萬膝跪拜，你又為何再來？,復活以後萬膝跪拜，你又為何再來？
lyrics_xg_text/xg144.txt,9,里,祂灵今在我里见证宣述：,祂靈今在我裏見證宣述：,祂靈今在我裏見證宣述：
lyrics_xg_text/xg144.txt,10,恶,罪恶已失权势，罪债清除。,罪惡已失權勢，罪債清除。,罪惡已失權勢，罪債清除。
lyrics_xg_text/xg144.txt,13,借,拯救，借神圣大能；,拯救，借神聖大能；,拯救，借神聖大能；
lyrics_xg_text/xg144.txt,21,于,依偎于祂何甜，安息稳固。,依偎於祂何甜，安息穩固。,依偎於祂何甜，安息穩固。
lyrics_xg_text/xg144.txt,25,尽,“从前尽是黑暗，今见白昼！,“從前盡是黑暗，今見白晝！,“從前盡是黑暗，今見白晝！
lyrics_xg_text/xg144.txt,31,于,“阿利路亚，荣耀归于我王！,“阿利路亞，榮耀歸於我王！,“阿利路亞，榮耀歸於我王！
lyrics_xg_text/xg145.txt,9,只,成为一群，受你照应，亲爱牧人，只愿随你而行。,成為一群，受你照應，親愛牧人，只願隨你而行。,成為一羣，受你照應，親愛牧人，只願隨你而行。
lyrics_xg_text/xg145.txt,11,志,主，我此生仅有一心志：,主，我此生僅有一心志：,主，我此生僅有一心志：
lyrics_xg_text/xg145.txt,13,只,主，我此生只过一生活：,主，我此生只過一生活：,主，我此生只過一生活：
lyrics_xg_text/xg145.txt,27,复,复活基督爱中托付：牧养群羊甘心不辞劳苦；,復活基督愛中託付：牧養群羊甘心不辭勞苦；,復活基督愛中託付：牧養羣羊甘心不辭勞苦；
lyrics_xg_text/xg145.txt,34,里,顾惜、喂养，与你同劳，爱中成全，身体里同相调；,顧惜、餵養，與你同勞，愛中成全，身體裏同相調；,顧惜、餵養，與你同勞，愛中成全，身體裏同相調；
lyrics_xg_text/xg145.txt,35,尽系,祭司体系尽功用，各个肢体都事奉；,祭司體系盡功用，各個肢體都事奉；,祭司體系盡功用，各個肢體都事奉；
lyrics_xg_text/xg146.txt,9,历,神、人经历交加，你我一概包括；,神、人經歷交加，你我一概包括；,神、人經歷交加，你我一概包括；
lyrics_xg_text/xg146.txt,13,里,人在神里被置死地，就此了结无遗；,人在神裏被置死地，就此了結無遺；,人在神裏被置死地，就此了結無遺；
lyrics_xg_text/xg146.txt,14,复,旧人失势，不再复辟，天然能力消踪匿迹；,舊人失勢，不再復辟，天然能力消蹤匿跡；,舊人失勢，不再復辟，天然能力消蹤匿跡；
lyrics_xg_text/xg146.txt,19,复里,神在人里经死复起，生命再难压抑；,神在人裏經死復起，生命再難壓抑；,神在人裏經死復起，生命再難壓抑；
lyrics_xg_text/xg146.txt,20,里,如同麦粒埋葬地里，结出子粒生生不息；,如同麥粒埋葬地裏，結出子粒生生不息；,如同麥粒埋葬地裏，結出子粒生生不息；
lyrics_xg_text/xg146.txt,26,于尽,宇宙中心乃在于此，永远有能，谁能尽识？,宇宙中心乃在於此，永遠有能，誰能盡識？,宇宙中心乃在於此，永遠有能，誰能盡識？
lyrics_xg_text/xg147.txt,13,只,铜蛇人子高挂杆上，罪人只要仰望祂！,銅蛇人子高掛杆上，罪人只要仰望祂！,銅蛇人子高掛杆上，罪人只要仰望祂！
lyrics_xg_text/xg147.txt,14,于,穿上罪之肉体式样，祂被治死于十架。,穿上罪之肉體式樣，祂被治死於十架。,穿上罪之肉體式樣，祂被治死於十架。
lyrics_xg_text/xg147.txt,19,发,神圣生命经死萌发，繁殖扩长显荣华。,神聖生命經死萌發，繁殖擴長顯榮華。,神聖生命經死萌發，繁殖擴長顯榮華。
lyrics_xg_text/xg148.txt,9,只,哦主，只顾你在地权益，使你心喜？,哦主，只顧你在地權益，使你心喜？,哦主，只顧你在地權益，使你心喜？
lyrics_xg_text/xg148.txt,19,面,宝贝你的荣面，俯伏、逗留你脚前，,寶貝你的榮面，俯伏、逗留你腳前，,寶貝你的榮面，俯伏、逗留你腳前，
lyrics_xg_text/xg148.txt,22,于,我愿作拿细耳人降服于你，,我願作拿細耳人降服於你，,我願作拿細耳人降服於你，
lyrics_xg_text/xg148.txt,23,于,使你国度实际显于此地；,使你國度實際顯於此地；,使你國度實際顯於此地；
lyrics_xg_text/xg148.txt,30,于,持守主的圣言，联于祂神圣心愿，,持守主的聖言，聯於祂神聖心願，,持守主的聖言，聯於祂神聖心願，
lyrics_xg_text/xg148.txt,35,于借,借你话联于你心意，丝毫不离,借你話聯於你心意，絲毫不離,借你話聯於你心意，絲毫不離
lyrics_xg_text/xg148.txt,36,于,，作你见证，将你显活于地。,，作你見證，將你顯活於地。,，作你見證，將你顯活於地。
lyrics_xg_text/xg148.txt,42,只,哦主，只怕失去你同在，和你欢笑！,哦主，只怕失去你同在，和你歡笑！,哦主，只怕失去你同在，和你歡笑！
lyrics_xg_text/xg149.txt,8,尽,基督成就和平，尽在杯中陈列。,基督成就和平，盡在杯中陳列。,基督成就和平，盡在杯中陳列。
lyrics_xg_text/xg149.txt,9,于,救赎大工成于加略，新路已开，,救贖大工成於加略，新路已開，,救贖大工成於加略，新路已開，
lyrics_xg_text/xg149.txt,13,表,喝杯直到祂来，这杯表明祂死；,喝杯直到祂來，這杯表明祂死；,喝杯直到祂來，這杯表明祂死；
lyrics_xg_text/xg149.txt,14,借,借着吃喝展示：神在羔羊得释！,藉著喫喝展示：神在羔羊得釋！,藉着喫喝展示：神在羔羊得釋！
lyrics_xg_text/xg149.txt,15,志,神圣晚餐，饼杯为志，我们坐席，,神聖晚餐，餅杯為志，我們坐席，,神聖晚餐，餅杯為志，我們坐席，
lyrics_xg_text/xg149.txt,20,只尽,尽管年年再献，只能将罪遮藏。,儘管年年再獻，只能將罪遮藏。,儘管年年再獻，只能將罪遮藏。
lyrics_xg_text/xg15.txt,19,只,只愿一生活你前，,只願一生活你前，,只願一生活你前，
lyrics_xg_text/xg150.txt,12,借,当赞美主！万有归祂掌管，借祂存立；,當讚美主！萬有歸祂掌管，借祂存立；,當讚美主！萬有歸祂掌管，借祂存立；
lyrics_xg_text/xg150.txt,31,于,（注：本诗引用于国殇节特会,（注：本詩引用於國殤節特會,（注：本詩引用於國殤節特會
lyrics_xg_text/xg151.txt,11,征,征服全地，直至黑暗绝迹，,征服全地，直至黑暗絕跡，,征服全地，直至黑暗絕跡，
lyrics_xg_text/xg151.txt,31,制复,激动，激动，使我成你复制：,激動，激動，使我成你複製：,激動，激動，使我成你複製：
lyrics_xg_text/xg151.txt,36,借,叫人借我得你生命丰盈。,叫人借我得你生命豐盈。,叫人借我得你生命豐盈。
lyrics_xg_text/xg152.txt,17,里,在那里设立了审判的宝座，,在那裏設立了審判的寶座，,在那裏設立了審判的寶座，
lyrics_xg_text/xg152.txt,18,里,在那里设立了大卫家的宝座。,在那裏設立了大衛家的寶座。,在那裏設立了大衞家的寶座。
lyrics_xg_text/xg153.txt,13,于,身体实际在此显于人前，,身體實際在此顯於人前，,身體實際在此顯於人前，
lyrics_xg_text/xg153.txt,14,于,成耶稣见证，将你彰显于地。,成耶穌見證，將你彰顯於地。,成耶穌見證，將你彰顯於地。
lyrics_xg_text/xg153.txt,17,恶,风雨摇曳，恶者频频攻击，,風雨搖曳，惡者頻頻攻擊，,風雨搖曳，惡者頻頻攻擊，
lyrics_xg_text/xg153.txt,20,发,凯旋行列，散发馨香之气。,凱旋行列，散發馨香之氣。,凱旋行列，散發馨香之氣。
lyrics_xg_text/xg153.txt,24,里,时有失败，身体里能再起；,時有失敗，身體裏能再起；,時有失敗，身體裏能再起；
lyrics_xg_text/xg153.txt,28,于系,（注：此诗系全时间训练学员写于乡镇开展时）,（注：此詩系全時間訓練學員寫於鄉鎮開展時）,（注：此詩系全時間訓練學員寫於鄉鎮開展時）
lyrics_xg_text/xg154.txt,12,只面,只要有你在，必不怕伤害，面对任何错待，,只要有你在，必不怕傷害，面對任何錯待，,只要有你在，必不怕傷害，面對任何錯待，
lyrics_xg_text/xg155.txt,7,复,奥秘经纶不再藏隐，一个新人是主恢复目标；,奧祕經綸不再藏隱，一個新人是主恢復目標；,奧祕經綸不再藏隱，一個新人是主恢復目標；
lyrics_xg_text/xg155.txt,12,尽致,长大以致成熟，尽显生命新样，,長大以致成熟，盡顯生命新樣，,長大以致成熟，盡顯生命新樣，
lyrics_xg_text/xg155.txt,17,于,和平成就，规条废除，新人创造成于十架，妙哉！,和平成就，規條廢除，新人創造成於十架，妙哉！,和平成就，規條廢除，新人創造成於十架，妙哉！
lyrics_xg_text/xg155.txt,24,里,新人基督构成衷里—祂是一切，又在一切之内。,新人基督構成衷裏—祂是一切，又在一切之內。,新人基督構成衷裏—祂是一切，又在一切之內。
lyrics_xg_text/xg156.txt,24,于,连那炼铁成枪的火，也是出于祂所造作。,連那煉鐵成槍的火，也是出於祂所造作。,連那煉鐵成槍的火，也是出於祂所造作。
lyrics_xg_text/xg157.txt,12,历,全地不仅见证传报，你曾被钉历苦情；,全地不僅見證傳報，你曾被釘歷苦情；,全地不僅見證傳報，你曾被釘歷苦情；
lyrics_xg_text/xg157.txt,18,复,不久天光随你而来，万物复兴遍全地；,不久天光隨你而來，萬物復興遍全地；,不久天光隨你而來，萬物復興遍全地；
lyrics_xg_text/xg158.txt,10,面,恩典、怜悯涌流如江河，幔内见主荣面无阻隔，,恩典、憐憫湧流如江河，幔內見主榮面無阻隔，,恩典、憐憫湧流如江河，幔內見主榮面無阻隔，
lyrics_xg_text/xg158.txt,11,尽,属天赛程全备供应在此尽可得。,屬天賽程全備供應在此儘可得。,屬天賽程全備供應在此儘可得。
lyrics_xg_text/xg158.txt,22,发复,神圣丰富见证柜内藏：金罐吗哪、复活发芽杖、,神聖豐富見證櫃內藏：金罐嗎哪、復活發芽杖、,神聖豐富見證櫃內藏：金罐嗎哪、復活發芽杖、
lyrics_xg_text/xg159.txt,17,系,活力生活，建立关系，祷告职事不止息；,活力生活，建立關係，禱告職事不止息；,活力生活，建立關係，禱告職事不止息；
lyrics_xg_text/xg159.txt,20,制复,责任担当，功用复制，使父荣耀得显彰。,責任擔當，功用複製，使父榮耀得顯彰。,責任擔當，功用複製，使父榮耀得顯彰。
lyrics_xg_text/xg16.txt,18,致,长大以致成熟，建造正在成就，,長大以致成熟，建造正在成就，,長大以致成熟，建造正在成就，
lyrics_xg_text/xg16.txt,27,复,受死释放生命，复活成那灵，,受死釋放生命，復活成那靈，,受死釋放生命，復活成那靈，
lyrics_xg_text/xg16.txt,28,里,进入我们灵里，,進入我們靈裏，,進入我們靈裏，
lyrics_xg_text/xg16.txt,32,借,借基督救赎，我得赦罪称义，,借基督救贖，我得赦罪稱義，,借基督救贖，我得赦罪稱義，
lyrics_xg_text/xg16.txt,41,里面,愿主在我里面能自由自在一,願主在我裏面能自由自在一,願主在我裏面能自由自在一
lyrics_xg_text/xg16.txt,43,里面,我要持定元首，长到祂里面—,我要持定元首，長到祂裏面—,我要持定元首，長到祂裏面—
lyrics_xg_text/xg16.txt,51,里,我们在基督里，众人成一身，,我們在基督裏，眾人成一身，,我們在基督裏，眾人成一身，
lyrics_xg_text/xg16.txt,53,尽,当每节来供应，各部尽功用，,當每節來供應，各部盡功用，,當每節來供應，各部盡功用，
lyrics_xg_text/xg16.txt,55,里,一同活在爱里，持守着真实，,一同活在愛裏，持守著真實，,一同活在愛裏，持守着真實，
lyrics_xg_text/xg16.txt,56,致,以致建造身体，,以致建造身體，,以致建造身體，
lyrics_xg_text/xg16.txt,64,里,在永世里见证神与人调和，,在永世裏見證神與人調和，,在永世裏見證神與人調和，
lyrics_xg_text/xg160.txt,9,只,只要照灵而行动，生命管理、流通，,只要照靈而行動，生命管理、流通，,只要照靈而行動，生命管理、流通，
lyrics_xg_text/xg160.txt,13,里,释放！释放！在主里：十架与祂同钉，,釋放！釋放！在主裏：十架與祂同釘，,釋放！釋放！在主裏：十架與祂同釘，
lyrics_xg_text/xg160.txt,19,于里,释放！释放！在主里：生根于祂的死，,釋放！釋放！在主裏：生根於祂的死，,釋放！釋放！在主裏：生根於祂的死，
lyrics_xg_text/xg160.txt,25,复里,释放！释放！在主里：与祂一同复起，,釋放！釋放！在主裏：與祂一同復起，,釋放！釋放！在主裏：與祂一同復起，
lyrics_xg_text/xg160.txt,26,征,仗祂得胜为凭倚，祷告征服众敌。,仗祂得勝為憑倚，禱告征服眾敵。,仗祂得勝為憑倚，禱告征服眾敵。
lyrics_xg_text/xg161.txt,6,尽,祂爱领我畅饮那灵，劳苦重担尽脱落；,祂愛領我暢飲那靈，勞苦重擔盡脫落；,祂愛領我暢飲那靈，勞苦重擔盡脱落；
lyrics_xg_text/xg161.txt,12,发,出外寻访，散发馨香。,出外尋訪，散發馨香。,出外尋訪，散發馨香。
lyrics_xg_text/xg161.txt,17,尽,刚硬悖逆孤傲如我，主爱焚烧尽销融；,剛硬悖逆孤傲如我，主愛焚燒盡銷融；,剛硬悖逆孤傲如我，主愛焚燒盡銷融；
lyrics_xg_text/xg161.txt,19,发,福音牧养，多结新果，长青发旺神殿中；,福音牧養，多結新果，長青發旺神殿中；,福音牧養，多結新果，長青發旺神殿中；
lyrics_xg_text/xg161.txt,20,发,赢得基督，同登宝座，得胜发光亮如星。,贏得基督，同登寶座，得勝發光亮如星。,贏得基督，同登寶座，得勝發光亮如星。
lyrics_xg_text/xg162.txt,17,谷,高山低谷，我今迷途，感觉中多有起伏，,高山低谷，我今迷途，感覺中多有起伏，,高山低谷，我今迷途，感覺中多有起伏，
lyrics_xg_text/xg162.txt,20,尽,尽管前路看似模糊，以马内利成我祝福。,儘管前路看似模糊，以馬內利成我祝福。,儘管前路看似模糊，以馬內利成我祝福。
lyrics_xg_text/xg162.txt,25,云,我心羡慕云彩榜样，今欢然随流洑涨。,我心羨慕雲彩榜樣，今歡然隨流洑漲。,我心羨慕雲彩榜樣，今歡然隨流洑漲。
lyrics_xg_text/xg164.txt,12,只,只要你不喜悦，我宁愿全都放弃，,只要你不喜悅，我寧願全都放棄，,只要你不喜悦，我寧願全都放棄，
lyrics_xg_text/xg164.txt,15,准,你爱永远不改变，准许过的创伤最难忘情。,你愛永遠不改變，准許過的創傷最難忘情。,你愛永遠不改變，准許過的創傷最難忘情。
lyrics_xg_text/xg164.txt,16,只,我不能再怀疑，只能更加信靠你，,我不能再懷疑，只能更加信靠你，,我不能再懷疑，只能更加信靠你，
lyrics_xg_text/xg165.txt,12,历尽,穿上血肉，忧患历尽，体恤孤苦罪众。,穿上血肉，憂患歷盡，體恤孤苦罪眾。,穿上血肉，憂患歷盡，體恤孤苦罪眾。
lyrics_xg_text/xg165.txt,23,历,主，教我们认识经历奇妙合一奥秘：,主，教我們認識經歷奇妙合一奧祕：,主，教我們認識經歷奇妙合一奧祕：
lyrics_xg_text/xg165.txt,27,于,荣耀之日不久将到，合一达于至极；,榮耀之日不久將到，合一達於至極；,榮耀之日不久將到，合一達於至極；
lyrics_xg_text/xg166.txt,9,于,新生开始于节期的狂喜。,新生開始於節期的狂喜。,新生開始於節期的狂喜。
lyrics_xg_text/xg166.txt,11,借,借着吃喝，我们昂然胜敌；,藉著喫喝，我們昂然勝敵；,藉着喫喝，我們昂然勝敵；
lyrics_xg_text/xg166.txt,16,于,今作客旅，同你寄居于异地祭坛、,今作客旅，同你寄居於異地祭壇、,今作客旅，同你寄居於異地祭壇、
lyrics_xg_text/xg166.txt,17,表,帐棚是我生活表记；,帳棚是我生活表記；,帳棚是我生活表記；
lyrics_xg_text/xg166.txt,32,历,试炼之中对你所有的经历，,試煉之中對你所有的經歷，,試煉之中對你所有的經歷，
lyrics_xg_text/xg166.txt,33,尽,都成那日无尽甜美追忆。,都成那日無盡甜美追憶。,都成那日無盡甜美追憶。
lyrics_xg_text/xg166.txt,36,复,日复一日，我们在此跟随你，,日復一日，我們在此跟隨你，,日復一日，我們在此跟隨你，
lyrics_xg_text/xg167.txt,6,尽,在无尽黑夜的时分，祂听见悲叹的呻吟，,在無盡黑夜的時分，祂聽見悲歎的呻吟，,在無盡黑夜的時分，祂聽見悲歎的呻吟，
lyrics_xg_text/xg167.txt,18,历,走过了沧海和桑田，祂的恩是历久弥坚；,走過了滄海和桑田，祂的恩是歷久彌堅；,走過了滄海和桑田，祂的恩是歷久彌堅；
lyrics_xg_text/xg168.txt,2,历,作见证人，共谱神圣历史,作見證人，共譜神聖歷史,作見證人，共譜神聖歷史
lyrics_xg_text/xg168.txt,8,复,作祂器皿，显祂怜悯，复活大能显我身；,作祂器皿，顯祂憐憫，復活大能顯我身；,作祂器皿，顯祂憐憫，復活大能顯我身；
lyrics_xg_text/xg168.txt,14,历,不再是我，乃是基督，神圣历史共谱！,不再是我，乃是基督，神聖歷史共譜！,不再是我，乃是基督，神聖歷史共譜！
lyrics_xg_text/xg168.txt,19,于,首石基督立于房角，神家凭祂得建造；,首石基督立於房角，神家憑祂得建造；,首石基督立於房角，神家憑祂得建造；
lyrics_xg_text/xg168.txt,24,复,流中跟随，为主恢复，今生仅此一前途。,流中跟隨，為主恢復，今生僅此一前途。,流中跟隨，為主恢復，今生僅此一前途。
lyrics_xg_text/xg169.txt,6,借恶,借着荣耀、羞辱，借着美名、恶名，,藉著榮耀、羞辱，藉著美名、惡名，,藉着榮耀、羞辱，藉着美名、惡名，
lyrics_xg_text/xg169.txt,11,里,神的基督活在我里，这乃是神救恩的奥秘，,神的基督活在我裏，這乃是神救恩的奧祕，,神的基督活在我裏，這乃是神救恩的奧祕，
lyrics_xg_text/xg169.txt,13,里,祂是宝贝在瓦器里，要显明这超越的能力，,祂是寶貝在瓦器裏，要顯明這超越的能力，,祂是寶貝在瓦器裏，要顯明這超越的能力，
lyrics_xg_text/xg169.txt,14,于,全然是属于神，并不是出于人，,全然是屬於神，並不是出於人，,全然是屬於神，並不是出於人，
lyrics_xg_text/xg17.txt,7,里,感谢你，让我来到这里，,感謝你，讓我來到這裏，,感謝你，讓我來到這裏，
lyrics_xg_text/xg17.txt,11,只,原谅我有时只顾自己，,原諒我有時只顧自己，,原諒我有時只顧自己，
lyrics_xg_text/xg17.txt,14,后,我不后悔，也不觉可惜，,我不後悔，也不覺可惜，,我不後悔，也不覺可惜，
lyrics_xg_text/xg17.txt,15,余,能将我青春奉献无余，,能將我青春奉獻無餘，,能將我青春奉獻無餘，
lyrics_xg_text/xg17.txt,20,里,感谢你，陪我走过这里，,感謝你，陪我走過這裏，,感謝你，陪我走過這裏，
lyrics_xg_text/xg17.txt,27,历,经历真正的同心合意。,經歷真正的同心合意。,經歷真正的同心合意。
lyrics_xg_text/xg17.txt,33,里,感谢你，当我离开这里，,感謝你，當我離開這裏，,感謝你，當我離開這裏，
lyrics_xg_text/xg17.txt,34,历,带着你给我宝贵经历，,帶著你給我寶貴經歷，,帶着你給我寶貴經歷，
lyrics_xg_text/xg17.txt,37,制,深愿你变化制作不已，,深願你變化製作不已，,深願你變化製作不已，
lyrics_xg_text/xg17.txt,42,里,哦，主耶稣，无论在哪里！,哦，主耶穌，無論在哪裏！,哦，主耶穌，無論在哪裏！
lyrics_xg_text/xg170.txt,2,于,安息于你,安息於你,安息於你
lyrics_xg_text/xg170.txt,7,于,安息于你，主，你作盾牌、护卫；,安息於你，主，你作盾牌、護衛；,安息於你，主，你作盾牌、護衞；
lyrics_xg_text/xg170.txt,9,致,你作我力，保守细致又全备；,你作我力，保守細緻又全備；,你作我力，保守細緻又全備；
lyrics_xg_text/xg170.txt,10,于里,安息于你，在你名里向前。,安息於你，在你名裏向前。,安息於你，在你名裏向前。
lyrics_xg_text/xg170.txt,11,致,你作我力，保守细致又全备；,你作我力，保守細緻又全備；,你作我力，保守細緻又全備；
lyrics_xg_text/xg170.txt,12,于里,安息于你，在你名里向前。,安息於你，在你名裏向前。,安息於你，在你名裏向前。
lyrics_xg_text/xg170.txt,16,里,在你名里，我们昂然前往；,在你名裏，我們昂然前往；,在你名裏，我們昂然前往；
lyrics_xg_text/xg170.txt,19,复,（重复末两行，下同）,（重複末兩行，下同）,（重複末兩行，下同）
lyrics_xg_text/xg170.txt,24,余,凯歌响起，因你爱得胜有余；,凱歌響起，因你愛得勝有餘；,凱歌響起，因你愛得勝有餘；
lyrics_xg_text/xg170.txt,25,于里,安息于你，在你名里向前。,安息於你，在你名裏向前。,安息於你，在你名裏向前。
lyrics_xg_text/xg170.txt,28,于,安息于你，主，你作盾牌、护卫；,安息於你，主，你作盾牌、護衛；,安息於你，主，你作盾牌、護衞；
lyrics_xg_text/xg171.txt,13,历,神儿子显光辉，成人子历尘埃，,神兒子顯光輝，成人子歷塵埃，,神兒子顯光輝，成人子歷塵埃，
lyrics_xg_text/xg171.txt,25,借里,借祂内里分赐，施行拯救不已，,借祂內裏分賜，施行拯救不已，,借祂內裏分賜，施行拯救不已，
lyrics_xg_text/xg171.txt,27,于,成为基督同伙，有分于祂权益；,成為基督同夥，有分於祂權益；,成為基督同夥，有分於祂權益；
lyrics_xg_text/xg171.txt,40,尽,作众子，同长兄，父生命显无尽。,作眾子，同長兄，父生命顯無盡。,作眾子，同長兄，父生命顯無盡。
lyrics_xg_text/xg172.txt,6,发,主耶稣阿，我愿你来！此声发自我们心怀。,主耶穌阿，我願你來！此聲發自我們心懷。,主耶穌阿，我願你來！此聲發自我們心懷。
lyrics_xg_text/xg172.txt,9,面,惟有你是至宝至爱，深愿面见你的风采。,惟有你是至寶至愛，深願面見你的風采。,惟有你是至寶至愛，深願面見你的風采。
lyrics_xg_text/xg172.txt,12,恶,结束这个罪恶世代，将你的国度带进来。,結束這個罪惡世代，將你的國度帶進來。,結束這個罪惡世代，將你的國度帶進來。
lyrics_xg_text/xg173.txt,8,里,实际之灵安家人心，人住调和灵里；,實際之靈安家人心，人住調和靈裏；,實際之靈安家人心，人住調和靈裏；
lyrics_xg_text/xg173.txt,18,历,神人生活，实际经历，与主同活同故；,神人生活，實際經歷，與主同活同故；,神人生活，實際經歷，與主同活同故；
lyrics_xg_text/xg173.txt,21,复,复活大能，也必运行，使你显大基督。,復活大能，也必運行，使你顯大基督。,復活大能，也必運行，使你顯大基督。
lyrics_xg_text/xg173.txt,27,制,身体交通，约束限制，保守和平合一。,身體交通，約束限制，保守和平合一。,身體交通，約束限制，保守和平合一。
lyrics_xg_text/xg173.txt,38,里,生命之律，神圣性能，已经安置我里；,生命之律，神聖性能，已經安置我裏；,生命之律，神聖性能，已經安置我裏；
lyrics_xg_text/xg173.txt,47,于发表,注：此诗发表于二〇一九年国际华语特会。,注：此詩發表於二〇一九年國際華語特會。,注：此詩發表於二〇一九年國際華語特會。
lyrics_xg_text/xg174.txt,18,钟,愿作童女一心忠诚，除祂以外别无爱钟，,願作童女一心忠誠，除祂以外別無愛鍾，,願作童女一心忠誠，除祂以外別無愛鍾，
lyrics_xg_text/xg175.txt,7,面,荆冕曾戴，面枯槁，备受轻蔑与煎熬；,荊冕曾戴，面枯槁，備受輕蔑與煎熬；,荊冕曾戴，面枯槁，備受輕蔑與煎熬；
lyrics_xg_text/xg175.txt,12,恶,神赐产业久失丧，恶者篡夺益猖狂；,神賜產業久失喪，惡者篡奪益猖狂；,神賜產業久失喪，惡者篡奪益猖狂；
lyrics_xg_text/xg175.txt,13,复,主权终必复归回，凯歌高唱，敌权溃。,主權終必復歸回，凱歌高唱，敵權潰。,主權終必復歸回，凱歌高唱，敵權潰。
lyrics_xg_text/xg175.txt,22,复,复兴之日荣耀晨，就待恩主显荣身；,復興之日榮耀晨，就待恩主顯榮身；,復興之日榮耀晨，就待恩主顯榮身；
lyrics_xg_text/xg176.txt,6,里,生命种子撒我里，人浇灌，神叫它长；,生命種子撒我裏，人澆灌，神叫它長；,生命種子撒我裏，人澆灌，神叫它長；
lyrics_xg_text/xg176.txt,22,面,没有成熟不能走，不然如何见主面？,沒有成熟不能走，不然如何見主面？,沒有成熟不能走，不然如何見主面？
lyrics_xg_text/xg176.txt,31,后,神圣基业何广阔，长成后嗣来承受。,神聖基業何廣闊，長成後嗣來承受。,神聖基業何廣闊，長成後嗣來承受。
lyrics_xg_text/xg176.txt,34,里面,里面那灵有感动，就要快快的顺从；,裏面那靈有感動，就要快快的順從；,裏面那靈有感動，就要快快的順從；
lyrics_xg_text/xg176.txt,38,里,基督在我们灵里，成了荣耀的盼望；,基督在我們靈裏，成了榮耀的盼望；,基督在我們靈裏，成了榮耀的盼望；
lyrics_xg_text/xg176.txt,42,里面,外面的人虽毁坏，里面的人在更新；,外面的人雖毀壞，裏面的人在更新；,外面的人雖毀壞，裏面的人在更新；
lyrics_xg_text/xg176.txt,46,里,不作愚拙的童女，灯里有油就满意；,不作愚拙的童女，燈裏有油就滿意；,不作愚拙的童女，燈裏有油就滿意；
lyrics_xg_text/xg176.txt,47,里,要作精明的童女，预备油在器皿里。,要作精明的童女，預備油在器皿裏。,要作精明的童女，預備油在器皿裏。
lyrics_xg_text/xg176.txt,58,后,撇下所有跟从主，忘记背后奔主路；,撇下所有跟從主，忘記背後奔主路；,撇下所有跟從主，忘記背後奔主路；
lyrics_xg_text/xg176.txt,62,面,无瑕无疵见主面，站在荣耀宝座前；,無瑕無疵見主面，站在榮耀寶座前；,無瑕無疵見主面，站在榮耀寶座前；
lyrics_xg_text/xg176.txt,63,历,国度婚筵历千年，同享王权到永远。,國度婚筵歷千年，同享王權到永遠。,國度婚筵歷千年，同享王權到永遠。
lyrics_xg_text/xg177.txt,9,历,经历那灵全备供应，终极建造祂圣城。,經歷那靈全備供應，終極建造祂聖城。,經歷那靈全備供應，終極建造祂聖城。
lyrics_xg_text/xg177.txt,30,志,今我确以主话为信，忠心跟从，志专一；,今我確以主話為信，忠心跟從，志專一；,今我確以主話為信，忠心跟從，志專一；
lyrics_xg_text/xg177.txt,31,志,愿有迦勒壮志豪情，作祂同伙，灵刚强；,願有迦勒壯志豪情，作祂同夥，靈剛強；,願有迦勒壯志豪情，作祂同夥，靈剛強；
lyrics_xg_text/xg177.txt,34,于发表,注：此诗发表于二〇一九年夏壮年班受训者期末展览,注：此詩發表於二〇一九年夏壯年班受訓者期末展覽,注：此詩發表於二〇一九年夏壯年班受訓者期末展覽
lyrics_xg_text/xg178.txt,2,里,凭信站立，在身体里,憑信站立，在身體裏,憑信站立，在身體裏
lyrics_xg_text/xg178.txt,9,借,又借榜样拉拔提携，重新得力，向主坚定。,又借榜樣拉拔提攜，重新得力，向主堅定。,又借榜樣拉拔提攜，重新得力，向主堅定。
lyrics_xg_text/xg178.txt,13,里,停下努力，等候，在身体里；,停下努力，等候，在身體裏；,停下努力，等候，在身體裏；
lyrics_xg_text/xg178.txt,18,里,却凭己意向你献祭，田里出产非你心许；,卻憑己意向你獻祭，田裏出產非你心許；,卻憑己意向你獻祭，田裏出產非你心許；
lyrics_xg_text/xg178.txt,26,只里,跟随大轮前进不已，只愿消失在身体里。,跟隨大輪前進不已，只願消失在身體裏。,跟隨大輪前進不已，只願消失在身體裏。
lyrics_xg_text/xg178.txt,28,于,注：此诗乃高中圣徒写于毕业时。,注：此詩乃高中聖徒寫於畢業時。,注：此詩乃高中聖徒寫於畢業時。
lyrics_xg_text/xg179.txt,6,里面,我们相聚主名里，四面八方来聚集，,我們相聚主名裏，四面八方來聚集，,我們相聚主名裏，四面八方來聚集，
lyrics_xg_text/xg179.txt,7,里,成长背景各相异，却在主里成为一！,成長背景各相異，卻在主裏成為一！,成長背景各相異，卻在主裏成為一！
lyrics_xg_text/xg179.txt,13,历,经历重生的洗涤，那灵更新，脱自己；,經歷重生的洗滌，那靈更新，脫自己；,經歷重生的洗滌，那靈更新，脱自己；
lyrics_xg_text/xg179.txt,24,里,我们是神的耕地，爱里生根又立基，长大、,我們是神的耕地，愛裏生根又立基，長大、,我們是神的耕地，愛裏生根又立基，長大、
lyrics_xg_text/xg179.txt,26,里,三一之神贯衷里，全备之灵为凭倚，,三一之神貫衷裏，全備之靈為憑倚，,三一之神貫衷裏，全備之靈為憑倚，
lyrics_xg_text/xg179.txt,27,历,常时救恩同经历，基督显大达至极。,常時救恩同經歷，基督顯大達至極。,常時救恩同經歷，基督顯大達至極。
lyrics_xg_text/xg179.txt,31,历,经历重生的洗涤，那灵更新，脱自己；,經歷重生的洗滌，那靈更新，脫自己；,經歷重生的洗滌，那靈更新，脱自己；
lyrics_xg_text/xg18.txt,9,面,爱主！我恐错失你面。,愛主！我恐錯失你面。,愛主！我恐錯失你面。
lyrics_xg_text/xg18.txt,13,云,云彩绕、榜样激励，,雲彩繞、榜樣激勵，,雲彩繞、榜樣激勵，
lyrics_xg_text/xg18.txt,23,历,经历新人实际。,經歷新人實際。,經歷新人實際。
lyrics_xg_text/xg18.txt,32,面,蒙召初时，荣耀脸面，,蒙召初時，榮耀臉面，,蒙召初時，榮耀臉面，
lyrics_xg_text/xg18.txt,36,只,只为神永远目的，,只為神永遠目的，,只為神永遠目的，
lyrics_xg_text/xg180.txt,12,后,这是最后的警声，千万别充耳不闻；,這是最後的警聲，千萬別充耳不聞；,這是最後的警聲，千萬別充耳不聞；
lyrics_xg_text/xg180.txt,13,准台,审判台亮光定准，生活、工作当谨慎。,審判臺亮光定準，生活、工作當謹慎。,審判台亮光定準，生活、工作當謹慎。
lyrics_xg_text/xg180.txt,14,复,天必不能再留祂，万物复兴已紧近；,天必不能再留祂，萬物復興已緊近；,天必不能再留祂，萬物復興已緊近；
lyrics_xg_text/xg180.txt,18,只,贞洁童女无旁骛，心中只有主耶稣；,貞潔童女無旁騖，心中只有主耶穌；,貞潔童女無旁騖，心中只有主耶穌；
lyrics_xg_text/xg180.txt,19,于,贵重香膏早备妥，全然倾倒于恩主。,貴重香膏早備妥，全然傾倒於恩主。,貴重香膏早備妥，全然傾倒於恩主。
lyrics_xg_text/xg180.txt,30,系,原系申言者对堕落之以色列人的警语，,原系申言者對墮落之以色列人的警語，,原系申言者對墮落之以色列人的警語，
lyrics_xg_text/xg180.txt,31,借,在此借用以指预备迎接主的再来。,在此借用以指預備迎接主的再來。,在此借用以指預備迎接主的再來。
lyrics_xg_text/xg181.txt,18,借,是你怜悯引我回转，借信质实你的超绝；,是你憐憫引我回轉，借信質實你的超絕；,是你憐憫引我回轉，借信質實你的超絕；
lyrics_xg_text/xg181.txt,19,只,你爱困迫，使我向你而活，奉献、交托，只求你喜悦。,你愛困迫，使我向你而活，奉獻、交託，只求你喜悅。,你愛困迫，使我向你而活，奉獻、交託，只求你喜悦。
lyrics_xg_text/xg181.txt,23,后志,立志爱你，却因环境后退，坛上火焰几熄灭。,立志愛你，卻因環境後退，壇上火焰幾熄滅。,立志愛你，卻因環境後退，壇上火焰幾熄滅。
lyrics_xg_text/xg181.txt,24,谷,是你的手剥夺、炼净，经流泪谷，泉源涌溢；,是你的手剝奪、煉淨，經流淚谷，泉源湧溢；,是你的手剝奪、煉淨，經流淚谷，泉源湧溢；
lyrics_xg_text/xg181.txt,31,台,紧随羔羊前行，灯台建立，见证一个新人在全地。,緊隨羔羊前行，燈臺建立，見證一個新人在全地。,緊隨羔羊前行，燈台建立，見證一個新人在全地。
lyrics_xg_text/xg181.txt,33,于,注：此诗为大学圣徒写于毕业时。,注：此詩為大學聖徒寫於畢業時。,注：此詩為大學聖徒寫於畢業時。
lyrics_xg_text/xg182.txt,7,谷,死荫幽谷虽行过，，你杖、你竿都安慰。,死蔭幽谷雖行過，，你杖、你竿都安慰。,死蔭幽谷雖行過，，你杖、你竿都安慰。
lyrics_xg_text/xg182.txt,8,制,破碎我天然多刺，经你恩典的甄陶磨制，,破碎我天然多刺，經你恩典的甄陶磨製，,破碎我天然多刺，經你恩典的甄陶磨製，
lyrics_xg_text/xg182.txt,10,历,主，感谢你！我一生最大价值，就是有分你神圣历史，,主，感謝你！我一生最大價值，就是有分你神聖歷史，,主，感謝你！我一生最大價值，就是有分你神聖歷史，
lyrics_xg_text/xg182.txt,15,借,借你话高峰启示，你心意我得认识。,借你話高峰啟示，你心意我得認識。,借你話高峯啓示，你心意我得認識。
lyrics_xg_text/xg182.txt,19,历,经历密室中、楼房上儆醒祷告催促你来不延迟。,經歷密室中、樓房上儆醒禱告催促你來不延遲。,經歷密室中、樓房上儆醒禱告催促你來不延遲。
lyrics_xg_text/xg183.txt,8,征,”你爱征服顽梗己意，今伏你怀，我愿全心爱你，,”你愛征服頑梗己意，今伏你懷，我願全心愛你，,”你愛征服頑梗己意，今伏你懷，我願全心愛你，
lyrics_xg_text/xg183.txt,15,里,你之所望，我愿回应，独一拿细耳人再活我里。,你之所望，我願回應，獨一拿細耳人再活我裏。,你之所望，我願回應，獨一拿細耳人再活我裏。
lyrics_xg_text/xg184.txt,8,尽,公义日头一升起，黑夜阴翳尽除迹；,公義日頭一升起，黑夜陰翳盡除跡；,公義日頭一升起，黑夜陰翳盡除跡；
lyrics_xg_text/xg184.txt,9,里,惟盼晨光速临地，晨星早日现衷里。,惟盼晨光速臨地，晨星早日現衷裏。,惟盼晨光速臨地，晨星早日現衷裏。
lyrics_xg_text/xg184.txt,14,只,只要有你放光采，心眼明亮乐开怀。,只要有你放光采，心眼明亮樂開懷。,只要有你放光采，心眼明亮樂開懷。
lyrics_xg_text/xg184.txt,18,尽恶,当你圣光及遍处，不信恶心尽消除；,當你聖光及遍處，不信惡心盡消除；,當你聖光及遍處，不信惡心盡消除；
lyrics_xg_text/xg184.txt,21,于,注：此诗用于民数记结晶读经（二）第十一篇信息。,注：此詩用於民數記結晶讀經（二）第十一篇信息。,注：此詩用於民數記結晶讀經（二）第十一篇信息。
lyrics_xg_text/xg185.txt,9,后面,学习忘记背后虚无，努力面前赢得基督。,學習忘記背後虛無，努力面前贏得基督。,學習忘記背後虛無，努力面前贏得基督。
lyrics_xg_text/xg185.txt,17,里,走在神赐福的新路，住在基督里不旁骛；,走在神賜福的新路，住在基督裏不旁騖；,走在神賜福的新路，住在基督裏不旁騖；
lyrics_xg_text/xg186.txt,6,复,清早享受吗哪，活水涌流复兴；,清早享受嗎哪，活水湧流復興；,清早享受嗎哪，活水湧流復興；
lyrics_xg_text/xg186.txt,12,里,灵里焚烧，焚烧如火，同魂开展神国。,靈裏焚燒，焚燒如火，同魂開展神國。,靈裏焚燒，焚燒如火，同魂開展神國。
lyrics_xg_text/xg186.txt,16,里,有时软弱犹疑，灵里尚有叹息。,有時軟弱猶疑，靈裏尚有歎息。,有時軟弱猶疑，靈裏尚有歎息。
lyrics_xg_text/xg186.txt,18,里,祷告福音牧养，爱里联结期盼。,禱告福音牧養，愛裏聯結期盼。,禱告福音牧養，愛裏聯結期盼。
lyrics_xg_text/xg186.txt,22,制复,家中训练蒙福，繁增复制为务。,家中訓練蒙福，繁增複製為務。,家中訓練蒙福，繁增複製為務。
lyrics_xg_text/xg186.txt,24,余,顺从生命之律，赞美得胜有余。,順從生命之律，讚美得勝有餘。,順從生命之律，讚美得勝有餘。
lyrics_xg_text/xg186.txt,28,面,帮助圣徒建立神人生活的四方面：,幫助聖徒建立神人生活的四方面：,幫助聖徒建立神人生活的四方面：
lyrics_xg_text/xg187.txt,9,恶,恶毒蛇性也已同死、同葬，一同归终，,惡毒蛇性也已同死、同葬，一同歸終，,惡毒蛇性也已同死、同葬，一同歸終，
lyrics_xg_text/xg187.txt,15,只,只要纯净话奶喂养充足，必定长大，,只要純淨話奶餵養充足，必定長大，,只要純淨話奶餵養充足，必定長大，
lyrics_xg_text/xg187.txt,16,尽,占有我心各部，悖逆尽除。,佔有我心各部，悖逆盡除。,佔有我心各部，悖逆盡除。
lyrics_xg_text/xg187.txt,21,余,旧人虽逝，余影似仍抵挡；,舊人雖逝，餘影似仍抵擋；,舊人雖逝，餘影似仍抵擋；
lyrics_xg_text/xg187.txt,22,志,今将心思、情感、意志献上，求主执掌。,今將心思、情感、意志獻上，求主執掌。,今將心思、情感、意志獻上，求主執掌。
lyrics_xg_text/xg187.txt,25,里,调和灵里，主你我成为一，,調和靈裏，主你我成為一，,調和靈裏，主你我成為一，
lyrics_xg_text/xg187.txt,28,尽致,使你荣耀人位彰显无遗，尽致淋漓。,使你榮耀人位彰顯無遺，盡致淋漓。,使你榮耀人位彰顯無遺，盡致淋漓。
lyrics_xg_text/xg187.txt,34,复,一个新人—你终极的恢复—就得显出。,一個新人—你終極的恢復—就得顯出。,一個新人—你終極的恢復—就得顯出。
lyrics_xg_text/xg188.txt,7,里,我们聚集来敬拜你，在灵和实际里；,我們聚集來敬拜你，在靈和實際裏；,我們聚集來敬拜你，在靈和實際裏；
lyrics_xg_text/xg188.txt,8,里,诸天界里黑暗势力，无不溃崩、逃匿。,諸天界裏黑暗勢力，無不潰崩、逃匿。,諸天界裏黑暗勢力，無不潰崩、逃匿。
lyrics_xg_text/xg188.txt,13,里,宝贝人位—基督自己—生在我们灵里；,寶貝人位—基督自己—生在我們靈裏；,寶貝人位—基督自己—生在我們靈裏；
lyrics_xg_text/xg188.txt,15,里,赞美我主永活衷里，作人位何实际！,讚美我主永活衷裏，作人位何實際！,讚美我主永活衷裏，作人位何實際！
lyrics_xg_text/xg188.txt,16,历里面,求使我们赏识、经历：里面之人是你。,求使我們賞識、經歷：裏面之人是你。,求使我們賞識、經歷：裏面之人是你。
lyrics_xg_text/xg188.txt,19,于,团体生活内在意义：基督显于身体；,團體生活內在意義：基督顯於身體；,團體生活內在意義：基督顯於身體；
lyrics_xg_text/xg188.txt,21,里,祂的成分在众人里，添加、相调为一；,祂的成分在眾人裏，添加、相調為一；,祂的成分在眾人裏，添加、相調為一；
lyrics_xg_text/xg188.txt,22,于,一个新人显于全地，基督再临可期。,一個新人顯於全地，基督再臨可期。,一個新人顯於全地，基督再臨可期。
lyrics_xg_text/xg189.txt,16,于复,饮于那灵活水泉涌，复活之灵时流通；,飲於那靈活水泉湧，復活之靈時流通；,飲於那靈活水泉湧，復活之靈時流通；
lyrics_xg_text/xg189.txt,27,准,活的异象定准方向，启示引导如晨星；,活的異象定準方向，啟示引導如晨星；,活的異象定準方向，啓示引導如晨星；
lyrics_xg_text/xg189.txt,28,制复,加强的活，加强的亮，复制成为众活星；,加強的活，加強的亮，複製成為眾活星；,加強的活，加強的亮，複製成為眾活星；
lyrics_xg_text/xg189.txt,29,志,大志大谋立定心中，同神争战必得胜；,大志大謀立定心中，同神爭戰必得勝；,大志大謀立定心中，同神爭戰必得勝；
lyrics_xg_text/xg19.txt,2,发,出发！前往全地,出發！前往全地,出發！前往全地
lyrics_xg_text/xg19.txt,6,云,如火云彩上升，我们夜中儆醒，,如火雲彩上升，我們夜中儆醒，,如火雲彩上升，我們夜中儆醒，
lyrics_xg_text/xg19.txt,9,发,出发！上去应许之地。,出發！上去應許之地。,出發！上去應許之地。
lyrics_xg_text/xg19.txt,18,发,圣灵亲自发起，不凭组织、,聖靈親自發起，不憑組織、,聖靈親自發起，不憑組織、
lyrics_xg_text/xg19.txt,21,于尽,传统尽弃，忠于异象不移，,傳統盡棄，忠於異象不移，,傳統盡棄，忠於異象不移，
lyrics_xg_text/xg19.txt,31,面,终极局面，我们已经看见；,終極局面，我們已經看見；,終極局面，我們已經看見；
lyrics_xg_text/xg190.txt,34,尽,晨星出现，黑暗尽除，那时何欢腾！,晨星出現，黑暗盡除，那時何歡騰！,晨星出現，黑暗盡除，那時何歡騰！
lyrics_xg_text/xg191.txt,7,历,不断向下扎根，经历你阔、长、高、深，享你作独一业分；,不斷向下紮根，經歷你闊、長、高、深，享你作獨一業分；,不斷向下紮根，經歷你闊、長、高、深，享你作獨一業分；
lyrics_xg_text/xg191.txt,8,历复,天天时刻经历复活大能，,天天時刻經歷復活大能，,天天時刻經歷復活大能，
lyrics_xg_text/xg192.txt,10,云,儆视云彩，步步跟随；,儆視雲彩，步步跟隨；,儆視雲彩，步步跟隨；
lyrics_xg_text/xg192.txt,16,里,主！我们不愿停在这里；,主！我們不願停在這裏；,主！我們不願停在這裏；
lyrics_xg_text/xg192.txt,20,只,忠信到底，只讨你欢喜，,忠信到底，只討你歡喜，,忠信到底，只討你歡喜，
lyrics_xg_text/xg192.txt,29,后,亚当后裔渐成美丽新妇。,亞當後裔漸成美麗新婦。,亞當後裔漸成美麗新婦。
lyrics_xg_text/xg192.txt,36,征,承继已往，再上征程；,承繼已往，再上征程；,承繼已往，再上征程；
lyrics_xg_text/xg193.txt,8,获,耕种并浇灌，收获必盈溢；,耕種並澆灌，收穫必盈溢；,耕種並澆灌，收穫必盈溢；
lyrics_xg_text/xg193.txt,9,里,神眷顾赐福，基督长我里；,神眷顧賜福，基督長我裏；,神眷顧賜福，基督長我裏；
lyrics_xg_text/xg193.txt,13,历尽,点滴经历时累积，直至尽享无遗。,點滴經歷時累積，直至盡享無遺。,點滴經歷時累積，直至盡享無遺。
lyrics_xg_text/xg193.txt,15,余,全心经营不遗余力，必享丰富无比。,全心經營不遺餘力，必享豐富無比。,全心經營不遺餘力，必享豐富無比。
lyrics_xg_text/xg193.txt,25,里,祷读主话语，天天活灵里；,禱讀主話語，天天活靈裏；,禱讀主話語，天天活靈裏；
lyrics_xg_text/xg193.txt,38,余,手中满富余，奉献讨神喜；,手中滿富餘，奉獻討神喜；,手中滿富餘，奉獻討神喜；
lyrics_xg_text/xg194.txt,7,只,这是谁？没人敢问说，只有静默。,這是誰？沒人敢問說，只有靜默。,這是誰？沒人敢問説，只有靜默。
lyrics_xg_text/xg194.txt,9,只,主在乎，不是对或错，只问他说：,主在乎，不是對或錯，只問他說：,主在乎，不是對或錯，只問他説：
lyrics_xg_text/xg195.txt,6,征,夫妇成为一体是基督和召会的象征，,夫婦成為一體是基督和召會的象徵，,夫婦成為一體是基督和召會的象徵，
lyrics_xg_text/xg195.txt,10,表,彼此敬重、互相体恤是爱的表显，,彼此敬重、互相體恤是愛的表顯，,彼此敬重、互相體恤是愛的表顯，
lyrics_xg_text/xg196.txt,8,复,三日复活成那灵，为进人灵作生命；,三日復活成那靈，為進人靈作生命；,三日復活成那靈，為進人靈作生命；
lyrics_xg_text/xg196.txt,20,里面,我们住在主里面，主也住我们里面；,我們住在主裏面，主也住我們裏面；,我們住在主裏面，主也住我們裏面；
lyrics_xg_text/xg196.txt,24,面,好像细面调和油，无酵饼给人享受；,好像細麵調和油，無酵餅給人享受；,好像細麵調和油，無酵餅給人享受；
lyrics_xg_text/xg196.txt,27,借,借着吸取生命粮，神人调和益显彰。,藉著吸取生命糧，神人調和益顯彰。,藉着吸取生命糧，神人調和益顯彰。
lyrics_xg_text/xg197.txt,9,表,祭坛与帐棚作我生活表记，,祭壇與帳棚作我生活表記，,祭壇與帳棚作我生活表記，
lyrics_xg_text/xg197.txt,13,历,竭力追求经历基督，成宝石，为神家建造！,竭力追求經歷基督，成寶石，為神家建造！,竭力追求經歷基督，成寶石，為神家建造！
lyrics_xg_text/xg197.txt,19,于,饮于活水井，灵中与你是一，,飲於活水井，靈中與你是一，,飲於活水井，靈中與你是一，
lyrics_xg_text/xg197.txt,20,复,恩上复加恩，你生命洋溢。,恩上覆加恩，你生命洋溢。,恩上覆加恩，你生命洋溢。
lyrics_xg_text/xg197.txt,23,只,前我只知凭己力，巧计抓夺从未放弃；,前我只知憑己力，巧計抓奪從未放棄；,前我只知憑己力，巧計抓奪從未放棄；
lyrics_xg_text/xg197.txt,29,于,注：此诗为大学圣徒写于毕业时。,注：此詩為大學聖徒寫於畢業時。,注：此詩為大學聖徒寫於畢業時。
lyrics_xg_text/xg198.txt,6,钟,圣别、公义、信实的神，钟情、拣选、施爱、吸引；,聖別、公義、信實的神，鍾情、揀選、施愛、吸引；,聖別、公義、信實的神，鍾情、揀選、施愛、吸引；
lyrics_xg_text/xg198.txt,8,历,领我进入应许美地，据有、持守、享受、经历；,領我進入應許美地，據有、持守、享受、經歷；,領我進入應許美地，據有、持守、享受、經歷；
lyrics_xg_text/xg198.txt,10,于,召会生活工作事奉，一切在于主的祝福；,召會生活工作事奉，一切在於主的祝福；,召會生活工作事奉，一切在於主的祝福；
lyrics_xg_text/xg198.txt,12,面,主已陈明在我面前：生命、福乐、死亡、祸患；,主已陳明在我面前：生命、福樂、死亡、禍患；,主已陳明在我面前：生命、福樂、死亡、禍患；
lyrics_xg_text/xg198.txt,14,借,倚靠、顺服、拣选生命，借祂牧养成为福源；,倚靠、順服、揀選生命，借祂牧養成為福源；,倚靠、順服、揀選生命，借祂牧養成為福源；
lyrics_xg_text/xg198.txt,15,于,运用于灵，我得全享诸天各样属灵福分。,運用於靈，我得全享諸天各樣屬靈福分。,運用於靈，我得全享諸天各樣屬靈福分。
lyrics_xg_text/xg198.txt,18,于,召会生活工作事奉，一切在于主的祝福；,召會生活工作事奉，一切在於主的祝福；,召會生活工作事奉，一切在於主的祝福；
lyrics_xg_text/xg198.txt,21,台,注：此乃台湾壮年班（二〇二〇年春季班）,注：此乃臺灣壯年班（二〇二〇年春季班）,注：此乃台灣壯年班（二〇二〇年春季班）
lyrics_xg_text/xg199.txt,12,复,你且复活成灵常住，死亡阴府失势俯伏。,你且復活成靈常住，死亡陰府失勢俯伏。,你且復活成靈常住，死亡陰府失勢俯伏。
lyrics_xg_text/xg199.txt,17,复,我虽小信，时常踌躇，一呼你名，立得复苏。,我雖小信，時常躊躇，一呼你名，立得復甦。,我雖小信，時常躊躇，一呼你名，立得復甦。
lyrics_xg_text/xg2.txt,13,只,这一生，只奉献为你，,這一生，只奉獻為你，,這一生，只奉獻為你，
lyrics_xg_text/xg2.txt,16,里,爱里同工前往全地。,愛裏同工前往全地。,愛裏同工前往全地。
lyrics_xg_text/xg2.txt,17,里,主！我们愿消失你里，,主！我們願消失你裏，,主！我們願消失你裏，
lyrics_xg_text/xg2.txt,25,面,在神殿，瞻仰神荣面，,在神殿，瞻仰神榮面，,在神殿，瞻仰神榮面，
lyrics_xg_text/xg2.txt,34,发,主已发号令，我们起行，,主已發號令，我們起行，,主已發號令，我們起行，
lyrics_xg_text/xg200.txt,2,历,使徒为召会求经历的祷告,使徒為召會求經歷的禱告,使徒為召會求經歷的禱告
lyrics_xg_text/xg200.txt,6,借,愿祂照着祂荣耀的丰富，借着祂的灵，,願祂照著祂榮耀的豐富，藉著祂的靈，,願祂照着祂榮耀的豐富，藉着祂的靈，
lyrics_xg_text/xg200.txt,7,里面,用大能使你们得以加强到里面,用大能使你們得以加強到裏面,用大能使你們得以加強到裏面
lyrics_xg_text/xg200.txt,8,里面,〔得以加强到里面〕的人里，,〔得以加強到裏面〕的人裏，,〔得以加強到裏面〕的人裏，
lyrics_xg_text/xg200.txt,9,借里,使基督借着信，安家在你们心里，,使基督藉著信，安家在你們心裏，,使基督藉着信，安家在你們心裏，
lyrics_xg_text/xg200.txt,10,里,叫你们在爱里生根立基，使你们满有力量，,叫你們在愛裏生根立基，使你們滿有力量，,叫你們在愛裏生根立基，使你們滿有力量，
lyrics_xg_text/xg200.txt,15,里面,然而神能照着运行在我们里面的大能，,然而神能照著運行在我們裏面的大能，,然而神能照着運行在我們裏面的大能，
lyrics_xg_text/xg200.txt,18,里,愿在召会中，并在基督耶稣里，,願在召會中，並在基督耶穌裏，,願在召會中，並在基督耶穌裏，
lyrics_xg_text/xg201.txt,10,于尽,但是抓夺之手，尽都属于天然能力；,但是抓奪之手，盡都屬於天然能力；,但是抓奪之手，盡都屬於天然能力；
lyrics_xg_text/xg201.txt,16,里,我在雅博渡口，那一夜里遇见了你；,我在雅博渡口，那一夜裏遇見了你；,我在雅博渡口，那一夜裏遇見了你；
lyrics_xg_text/xg201.txt,18,斗,顽强自私如我，一生强要与你争斗；,頑強自私如我，一生強要與你爭鬥；,頑強自私如我，一生強要與你爭鬥；
lyrics_xg_text/xg201.txt,20,斗,我不放你过去，缠斗整夜直到黎明；,我不放你過去，纏鬥整夜直到黎明；,我不放你過去，纏鬥整夜直到黎明；
lyrics_xg_text/xg201.txt,22,于面,终于日头升起，我面对面看见了你；,終於日頭升起，我面對面看見了你；,終於日頭升起，我面對面看見了你；
lyrics_xg_text/xg201.txt,23,于,终于渡口过去，你已彻底衰颓我力。,終於渡口過去，你已徹底衰頹我力。,終於渡口過去，你已徹底衰頹我力。
lyrics_xg_text/xg202.txt,7,里,活在灵里，呼求主名，哦，主耶稣！我爱你！,活在靈裏，呼求主名，哦，主耶穌！我愛你！,活在靈裏，呼求主名，哦，主耶穌！我愛你！
lyrics_xg_text/xg202.txt,8,里,我是神宝贝的器皿，有神的生命在我里；,我是神寶貝的器皿，有神的生命在我裏；,我是神寶貝的器皿，有神的生命在我裏；
lyrics_xg_text/xg202.txt,9,里,活在灵里，呼求主名，哦，主耶稣！我爱你！,活在靈裏，呼求主名，哦，主耶穌！我愛你！,活在靈裏，呼求主名，哦，主耶穌！我愛你！
lyrics_xg_text/xg202.txt,14,干,神是活气来充满我，神是活水解我干渴；,神是活氣來充滿我，神是活水解我乾渴；,神是活氣來充滿我，神是活水解我乾渴；
lyrics_xg_text/xg203.txt,8,借,我们如何释放罪囚，无非借着多方祈求；,我們如何釋放罪囚，無非藉著多方祈求；,我們如何釋放罪囚，無非藉着多方祈求；
lyrics_xg_text/xg203.txt,10,后,主的脚声已经紧近，末后警声四处可闻；,主的腳聲已經緊近，末後警聲四處可聞；,主的腳聲已經緊近，末後警聲四處可聞；
lyrics_xg_text/xg204.txt,7,里,在我们灵里，神儿子是生命实际；,在我們靈裏，神兒子是生命實際；,在我們靈裏，神兒子是生命實際；
lyrics_xg_text/xg204.txt,11,复里,在灵里事奉，同心带进新的复兴。,在靈裏事奉，同心帶進新的復興。,在靈裏事奉，同心帶進新的復興。
lyrics_xg_text/xg204.txt,13,于,愿一生作主俘虏，忠信于你托付；,願一生作主俘虜，忠信於你託付；,願一生作主俘虜，忠信於你託付；
lyrics_xg_text/xg204.txt,24,借,借耶稣基督，得以在生命中作王。,借耶穌基督，得以在生命中作王。,借耶穌基督，得以在生命中作王。
lyrics_xg_text/xg204.txt,27,复,亲爱的救主，你死与复活；,親愛的救主，你死與復活；,親愛的救主，你死與復活；
lyrics_xg_text/xg204.txt,28,干里,争战日子里，我们起来解你干渴；,爭戰日子裏，我們起來解你乾渴；,爭戰日子裏，我們起來解你乾渴；
lyrics_xg_text/xg205.txt,6,历,历世历代隐藏神心奥秘，宇宙的秘密：,歷世歷代隱藏神心奧祕，宇宙的祕密：,歷世歷代隱藏神心奧祕，宇宙的祕密：
lyrics_xg_text/xg205.txt,7,于,乃是关于神那永远经纶的启示。,乃是關於神那永遠經綸的啟示。,乃是關於神那永遠經綸的啓示。
lyrics_xg_text/xg205.txt,8,借里,要在基督里借着那灵分赐生命到我里，,要在基督裏藉著那靈分賜生命到我裏，,要在基督裏藉着那靈分賜生命到我裏，
lyrics_xg_text/xg205.txt,14,志,心中立大志设大谋，向主耶稣而活。,心中立大志設大謀，向主耶穌而活。,心中立大志設大謀，向主耶穌而活。
lyrics_xg_text/xg205.txt,18,尽志,正当我立志改善，你前尽显愚顽。,正當我立志改善，你前盡顯愚頑。,正當我立志改善，你前盡顯愚頑。
lyrics_xg_text/xg205.txt,20,里,让你安家我心，爱里立基生根，灵中今向主活。,讓你安家我心，愛裏立基生根，靈中今向主活。,讓你安家我心，愛裏立基生根，靈中今向主活。
lyrics_xg_text/xg205.txt,28,谷,注：泰国曼谷FTTB11毕业诗歌,注：泰國曼谷FTTB11畢業詩歌,注：泰國曼谷FTTB11畢業詩歌
lyrics_xg_text/xg206.txt,10,尽,倒尽自己，引我倾心恋慕。,倒盡自己，引我傾心戀慕。,倒盡自己，引我傾心戀慕。
lyrics_xg_text/xg206.txt,25,云,云彩围绕平常之处，,雲彩圍繞平常之處，,雲彩圍繞平常之處，
lyrics_xg_text/xg21.txt,22,只,望断我眼，使我只见主自己，,望斷我眼，使我只見主自己，,望斷我眼，使我只見主自己，
lyrics_xg_text/xg22.txt,7,只,祂能给你，只要你愿意；,祂能給你，只要你願意；,祂能給你，只要你願意；
lyrics_xg_text/xg22.txt,9,里,就在召会里；,就在召會裏；,就在召會裏；
lyrics_xg_text/xg22.txt,13,发,为主发光到地极。,為主發光到地極。,為主發光到地極。
lyrics_xg_text/xg22.txt,18,尽,事主尽我力；,事主盡我力；,事主盡我力；
lyrics_xg_text/xg22.txt,24,台,（二〇一三年十一月台湾众召会青少年相调大会诗歌）,（二〇一三年十一月臺灣眾召會青少年相調大會詩歌）,（二〇一三年十一月台灣眾召會青少年相調大會詩歌）
lyrics_xg_text/xg23.txt,8,历,然而历来凡爱你者，,然而歷來凡愛你者，,然而歷來凡愛你者，
lyrics_xg_text/xg23.txt,13,尽,因你价值难以尽述。,因你價值難以盡述。,因你價值難以盡述。
lyrics_xg_text/xg23.txt,23,于,因爱全然投注于你。,因愛全然投注於你。,因愛全然投注於你。
lyrics_xg_text/xg23.txt,25,里,哦主，使我消失你里；,哦主，使我消失你裏；,哦主，使我消失你裏；
lyrics_xg_text/xg23.txt,45,只,我主，我心只属你！”,我主，我心只屬你！”,我主，我心只屬你！”
lyrics_xg_text/xg24.txt,13,里面,如今在我们里面涌流，,如今在我們裏面湧流，,如今在我們裏面湧流，
lyrics_xg_text/xg24.txt,23,干,祂已解除我干渴，我向主唱歌：,祂已解除我乾渴，我向主唱歌：,祂已解除我乾渴，我向主唱歌：
lyrics_xg_text/xg24.txt,26,里面,灵是水河且流进我里面”；神啊，,靈是水河且流進我裏面”；神啊，,靈是水河且流進我裏面”；神啊，
lyrics_xg_text/xg25.txt,8,尽恶,脱尽了败坏的邪恶性情，,脫盡了敗壞的邪惡性情，,脱盡了敗壞的邪惡性情，
lyrics_xg_text/xg25.txt,9,尽,脱尽了受造的天然生命；,脫盡了受造的天然生命；,脱盡了受造的天然生命；
lyrics_xg_text/xg25.txt,20,恶,脱开了罪恶的淹没侵袭，,脫開了罪惡的淹沒侵襲，,脱開了罪惡的淹沒侵襲，
lyrics_xg_text/xg25.txt,22,台斗,不在斗底，乃在灯台，,不在鬥底，乃在燈臺，,不在鬥底，乃在燈台，
lyrics_xg_text/xg25.txt,26,尽,好尽到职事消除人世黑暗，,好盡到職事消除人世黑暗，,好盡到職事消除人世黑暗，
lyrics_xg_text/xg25.txt,27,发,到进入国度仍能发光灿烂。,到進入國度仍能發光燦爛。,到進入國度仍能發光燦爛。
lyrics_xg_text/xg25.txt,33,征,三、“山上”象征属天并让天掌权的地位；,三、“山上”象徵屬天並讓天掌權的地位；,三、“山上”象徵屬天並讓天掌權的地位；
lyrics_xg_text/xg25.txt,34,斗,“斗”喻言为谋生活而有的经营。,“鬥”喻言為謀生活而有的經營。,“鬥”喻言為謀生活而有的經營。
lyrics_xg_text/xg25.txt,38,于,（本诗及附注原刊于一九五九年的,（本詩及附註原刊於一九五九年的,（本詩及附註原刊於一九五九年的
lyrics_xg_text/xg25.txt,41,于,该信息今收录于《国度子民的生活与法则》一书。）,該信息今收錄於《國度子民的生活與法則》一書。）,該信息今收錄於《國度子民的生活與法則》一書。）
lyrics_xg_text/xg26.txt,28,松,我们争战不松懈；,我們爭戰不鬆懈；,我們爭戰不鬆懈；
lyrics_xg_text/xg27.txt,8,于,作你团体新人，与你同住于彼；,作你團體新人，與你同住於彼；,作你團體新人，與你同住於彼；
lyrics_xg_text/xg27.txt,32,尽,惊怯尽都驱除，大能大力加添。,驚怯盡都驅除，大能大力加添。,驚怯盡都驅除，大能大力加添。
lyrics_xg_text/xg27.txt,33,发,愿你不断呼召，发声引导无间—,願你不斷呼召，發聲引導無間—,願你不斷呼召，發聲引導無間—
lyrics_xg_text/xg27.txt,43,于,并非出于我们，全是因你自己；,並非出於我們，全是因你自己；,並非出於我們，全是因你自己；
lyrics_xg_text/xg27.txt,44,发,是你亲自呼召，也是你来发起。,是你親自呼召，也是你來發起。,是你親自呼召，也是你來發起。
lyrics_xg_text/xg27.txt,45,面,你面我们瞻仰，就能紧随不离—,你面我們瞻仰，就能緊隨不離—,你面我們瞻仰，就能緊隨不離—
lyrics_xg_text/xg28.txt,2,里,高升的主活在我里,高升的主活在我裏,高升的主活在我裏
lyrics_xg_text/xg28.txt,13,复,我且与主一同复生，,我且與主一同復生，,我且與主一同復生，
lyrics_xg_text/xg28.txt,32,里,又作生命活在我里；,又作生命活在我裏；,又作生命活在我裏；
lyrics_xg_text/xg28.txt,34,里,安居祂里在地若天！,安居祂裏在地若天！,安居祂裏在地若天！
lyrics_xg_text/xg29.txt,21,只,只要将祂吸入，不需何代价；,只要將祂吸入，不需何代價；,只要將祂吸入，不需何代價；
lyrics_xg_text/xg29.txt,27,只尽,只管尽情吸入，赐生命之主，,只管盡情吸入，賜生命之主，,只管盡情吸入，賜生命之主，
lyrics_xg_text/xg3.txt,2,里,祷告—在至圣所里,禱告—在至聖所裏,禱告—在至聖所裏
lyrics_xg_text/xg3.txt,12,借,借着香坛祷告功绩，,藉著香壇禱告功績，,藉着香壇禱告功績，
lyrics_xg_text/xg3.txt,20,只,我们只管坦然前来，,我們只管坦然前來，,我們只管坦然前來，
lyrics_xg_text/xg30.txt,2,台,金灯台中间的人子,金燈臺中間的人子,金燈台中間的人子
lyrics_xg_text/xg30.txt,8,于,揭示于启示录一章：,揭示於啟示錄一章：,揭示於啓示錄一章：
lyrics_xg_text/xg30.txt,14,台,转身乍见七金灯台—,轉身乍見七金燈臺—,轉身乍見七金燈台—
lyrics_xg_text/xg30.txt,25,于,神圣金带束于胸间，,神聖金帶束於胸間，,神聖金帶束於胸間，
lyrics_xg_text/xg30.txt,31,发,头、发皆白，亘古常在，,頭、發皆白，亙古常在，,頭、發皆白，亙古常在，
lyrics_xg_text/xg30.txt,33,面,面貌如日大放光采，,面貌如日大放光采，,面貌如日大放光采，
lyrics_xg_text/xg31.txt,6,尽,神荣耀显现，世界荣华尽成黯淡；,神榮耀顯現，世界榮華盡成黯淡；,神榮耀顯現，世界榮華盡成黯淡；
lyrics_xg_text/xg31.txt,10,面,领受时代异象，看见终极局面。,領受時代異象，看見終極局面。,領受時代異象，看見終極局面。
lyrics_xg_text/xg31.txt,19,于,直至圣城显于新地。,直至聖城顯於新地。,直至聖城顯於新地。
lyrics_xg_text/xg31.txt,23,致里,你膏油运行，在我内里细致涂抹。,你膏油運行，在我內裏細緻塗抹。,你膏油運行，在我內裏細緻塗抹。
lyrics_xg_text/xg31.txt,24,尽,光照我，顽梗不服尽脱；,光照我，頑梗不服盡脫；,光照我，頑梗不服盡脱；
lyrics_xg_text/xg31.txt,26,制,心思更新变化，显你奇妙制作。,心思更新變化，顯你奇妙製作。,心思更新變化，顯你奇妙製作。
lyrics_xg_text/xg31.txt,29,历,照神所安置，配搭事奉，经历身体；,照神所安置，配搭事奉，經歷身體；,照神所安置，配搭事奉，經歷身體；
lyrics_xg_text/xg31.txt,31,里,交通中，爱里洗涤顾惜；,交通中，愛裏洗滌顧惜；,交通中，愛裏洗滌顧惜；
lyrics_xg_text/xg31.txt,33,台,带下神圣祝福，各处灯台建立。,帶下神聖祝福，各處燈臺建立。,帶下神聖祝福，各處燈台建立。
lyrics_xg_text/xg31.txt,36,尽里,身体里争战—谁愿舍己将敌灭尽？,身體裏爭戰—誰願捨己將敵滅盡？,身體裏爭戰—誰願捨己將敵滅盡？
lyrics_xg_text/xg32.txt,2,里,在召会生活里,在召會生活裏,在召會生活裏
lyrics_xg_text/xg32.txt,6,里,这里有神的同在，,這裏有神的同在，,這裏有神的同在，
lyrics_xg_text/xg32.txt,7,里,这里有神的说话，,這裏有神的說話，,這裏有神的説話，
lyrics_xg_text/xg32.txt,8,里,这里有圣灵的权柄，,這裏有聖靈的權柄，,這裏有聖靈的權柄，
lyrics_xg_text/xg32.txt,9,里,这里是一个新天地。,這裏是一個新天地。,這裏是一個新天地。
lyrics_xg_text/xg32.txt,13,里,真理在这里，亮光在这里，,真理在這裏，亮光在這裏，,真理在這裏，亮光在這裏，
lyrics_xg_text/xg32.txt,14,里,生命在这里，喜乐在这里，,生命在這裏，喜樂在這裏，,生命在這裏，喜樂在這裏，
lyrics_xg_text/xg32.txt,15,里,耶和华所命定的福都在这里。,耶和華所命定的福都在這裏。,耶和華所命定的福都在這裏。
lyrics_xg_text/xg32.txt,16,里,你若想要得这福，在召会生活里。,你若想要得這福，在召會生活裏。,你若想要得這福，在召會生活裏。
lyrics_xg_text/xg33.txt,2,松,切莫再松手,切莫再鬆手,切莫再鬆手
lyrics_xg_text/xg33.txt,8,松,可否就松手，容我自在遨游？,可否就鬆手，容我自在遨遊？,可否就鬆手，容我自在遨遊？
lyrics_xg_text/xg33.txt,18,松,可否就松手，容我自由追求？,可否就鬆手，容我自由追求？,可否就鬆手，容我自由追求？
lyrics_xg_text/xg33.txt,26,只,羡慕你同在，只求更深恩典；,羨慕你同在，只求更深恩典；,羨慕你同在，只求更深恩典；
lyrics_xg_text/xg33.txt,28,松,切莫再松手，照你喜悦左右，,切莫再鬆手，照你喜悅左右，,切莫再鬆手，照你喜悦左右，
lyrics_xg_text/xg33.txt,29,尽,全心与全人尽归你有。,全心與全人盡歸你有。,全心與全人盡歸你有。
lyrics_xg_text/xg33.txt,31,面,你荣面引我一生步武。,你榮面引我一生步武。,你榮面引我一生步武。
lyrics_xg_text/xg33.txt,32,里,哦，我主，愿隐藏你里，,哦，我主，願隱藏你裏，,哦，我主，願隱藏你裏，
lyrics_xg_text/xg35.txt,7,里,自古深藏在祂心里？,自古深藏在祂心裏？,自古深藏在祂心裏？
lyrics_xg_text/xg35.txt,23,借,借祂分赐，供应无穷，,借祂分賜，供應無窮，,借祂分賜，供應無窮，
lyrics_xg_text/xg35.txt,29,恶,我犹罪人，与祂为敌，恶贯满盈……,我猶罪人，與祂為敵，惡貫滿盈……,我猶罪人，與祂為敵，惡貫滿盈……
lyrics_xg_text/xg35.txt,30,历尽,祂竟亲来历尽苦痛，,祂竟親來歷盡苦痛，,祂竟親來歷盡苦痛，
lyrics_xg_text/xg36.txt,15,于,起来，望断及于奖赏，,起來，望斷及於獎賞，,起來，望斷及於獎賞，
lyrics_xg_text/xg36.txt,18,准,因异象定准目光。,因異象定準目光。,因異象定準目光。
lyrics_xg_text/xg36.txt,40,后,生出应许后裔；,生出應許後裔；,生出應許後裔；
lyrics_xg_text/xg37.txt,20,复里,赞美神，必有预备，复活里，使他归回，,讚美神，必有預備，復活裏，使他歸回，,讚美神，必有預備，復活裏，使他歸回，
lyrics_xg_text/xg37.txt,28,尽,愿神旨意得完成，同得胜者尽旅程，,願神旨意得完成，同得勝者盡旅程，,願神旨意得完成，同得勝者盡旅程，
lyrics_xg_text/xg37.txt,35,表,注：以撒豫表基督；别是巴意盟誓之井；,注：以撒豫表基督；別是巴意盟誓之井；,注：以撒豫表基督；別是巴意盟誓之井；
lyrics_xg_text/xg38.txt,11,里,回到你里就有亮光！,回到你裏就有亮光！,回到你裏就有亮光！
lyrics_xg_text/xg38.txt,28,里,回到灵里，接受你供应，,回到靈裏，接受你供應，,回到靈裏，接受你供應，
lyrics_xg_text/xg38.txt,31,干,干涸变成泉源之地！,乾涸變成泉源之地！,乾涸變成泉源之地！
lyrics_xg_text/xg38.txt,33,复,复活馨香就能常漫溢！,復活馨香就能常漫溢！,復活馨香就能常漫溢！
lyrics_xg_text/xg38.txt,38,里,安家你里，使我心安宁，,安家你裏，使我心安寧，,安家你裏，使我心安寧，
lyrics_xg_text/xg38.txt,41,里,安然躺卧在你怀里！,安然躺臥在你懷裏！,安然躺卧在你懷裏！
lyrics_xg_text/xg38.txt,43,里,住在你里，享受真安息！,住在你裏，享受真安息！,住在你裏，享受真安息！
lyrics_xg_text/xg38.txt,48,尽,最亲的人难有事尽敞，,最親的人難有事盡敞，,最親的人難有事盡敞，
lyrics_xg_text/xg39.txt,2,里,这里是活神的家,這裏是活神的家,這裏是活神的家
lyrics_xg_text/xg39.txt,9,发,直到遇见你们，彼此相顾惜，激发纯洁爱；,直到遇見你們，彼此相顧惜，激發純潔愛；,直到遇見你們，彼此相顧惜，激發純潔愛；
lyrics_xg_text/xg39.txt,13,制复,被掳的得释放，瞎眼复明，受压制得自由，阿利路亚！,被擄的得釋放，瞎眼復明，受壓制得自由，阿利路亞！,被擄的得釋放，瞎眼復明，受壓制得自由，阿利路亞！
lyrics_xg_text/xg39.txt,14,里,阴间门胜不过建成召会，这里是活神的家！,陰間門勝不過建成召會，這裏是活神的家！,陰間門勝不過建成召會，這裏是活神的家！
lyrics_xg_text/xg39.txt,20,里,这里是我的家，长久以来我羡慕的归属；,這裏是我的家，長久以來我羨慕的歸屬；,這裏是我的家，長久以來我羨慕的歸屬；
lyrics_xg_text/xg39.txt,21,里,这里是神的家，长久以来祂渴望的住处；,這裏是神的家，長久以來祂渴望的住處；,這裏是神的家，長久以來祂渴望的住處；
lyrics_xg_text/xg4.txt,7,志,顽梗意志今不再悖逆—,頑梗意志今不再悖逆—,頑梗意志今不再悖逆—
lyrics_xg_text/xg4.txt,13,里,使我全人消失你里；,使我全人消失你裏；,使我全人消失你裏；
lyrics_xg_text/xg4.txt,15,里,使我全人消失你里。,使我全人消失你裏。,使我全人消失你裏。
lyrics_xg_text/xg4.txt,19,发,暗夜道路越发冷凄；,暗夜道路越發冷悽；,暗夜道路越發冷悽；
lyrics_xg_text/xg4.txt,26,尽,平安绵延，不和尽消弭，,平安綿延，不和盡消弭，,平安綿延，不和盡消弭，
lyrics_xg_text/xg4.txt,30,里,哦主，你里将我永禁闭，,哦主，你裏將我永禁閉，,哦主，你裏將我永禁閉，
lyrics_xg_text/xg4.txt,32,里,当我安居在你旨意里，,當我安居在你旨意裏，,當我安居在你旨意裏，
lyrics_xg_text/xg40.txt,6,里,不管你来自何地，不管你要去哪里，,不管你來自何地，不管你要去哪裏，,不管你來自何地，不管你要去哪裏，
lyrics_xg_text/xg40.txt,7,尽里,既在主里相遇，让我们尽情欢聚；,既在主裏相遇，讓我們盡情歡聚；,既在主裏相遇，讓我們盡情歡聚；
lyrics_xg_text/xg40.txt,11,里,我亲爱的朋友，欢迎你来到这里，,我親愛的朋友，歡迎你來到這裏，,我親愛的朋友，歡迎你來到這裏，
lyrics_xg_text/xg40.txt,13,里,召会生活需要你，这里一切都属你，,召會生活需要你，這裏一切都屬你，,召會生活需要你，這裏一切都屬你，
lyrics_xg_text/xg40.txt,14,里,期待你再来这里，记得我们都会想念你。,期待你再來這裏，記得我們都會想念你。,期待你再來這裏，記得我們都會想念你。
lyrics_xg_text/xg41.txt,18,于,藏身于你流血肋旁，,藏身於你流血肋旁，,藏身於你流血肋旁，
lyrics_xg_text/xg41.txt,27,尽,带来恩、爱，无尽无穷。,帶來恩、愛，無盡無窮。,帶來恩、愛，無盡無窮。
lyrics_xg_text/xg41.txt,33,尽,如此恩情，谁能尽晓？,如此恩情，誰能盡曉？,如此恩情，誰能盡曉？
lyrics_xg_text/xg41.txt,51,尽,或死或活，尽都你属！,或死或活，盡都你屬！,或死或活，盡都你屬！
lyrics_xg_text/xg41.txt,54,后,后由卫斯理查理（Charles Wesley）译为英文。,後由衛斯理查理（Charles Wesley）譯為英文。,後由衞斯理查理（Charles Wesley）譯為英文。
lyrics_xg_text/xg42.txt,13,只,只因眼目为你所夺；,只因眼目為你所奪；,只因眼目為你所奪；
lyrics_xg_text/xg42.txt,25,里,你在我里日登宝座，,你在我裏日登寶座，,你在我裏日登寶座，
lyrics_xg_text/xg42.txt,37,后,雨后彩虹为我述说：,雨後彩虹為我述說：,雨後彩虹為我述説：
lyrics_xg_text/xg43.txt,9,后,世途全弃，后路烧净。,世途全棄，後路燒淨。,世途全棄，後路燒淨。
lyrics_xg_text/xg43.txt,15,后,绝不后悔，走上这一程。,絕不後悔，走上這一程。,絕不後悔，走上這一程。
lyrics_xg_text/xg43.txt,21,于,饮于盟誓之井，活水涌流不已，,飲於盟誓之井，活水湧流不已，,飲於盟誓之井，活水湧流不已，
lyrics_xg_text/xg43.txt,29,后,当我疲倦退后，属天异梦临我：,當我疲倦退後，屬天異夢臨我：,當我疲倦退後，屬天異夢臨我：
lyrics_xg_text/xg43.txt,31,制尽,自怜、已意尽脱，主手变化制作，,自憐、已意盡脫，主手變化製作，,自憐、已意盡脱，主手變化製作，
lyrics_xg_text/xg43.txt,39,余,开拓直到地极，分赐粮仓富余，,開拓直到地極，分賜糧倉富餘，,開拓直到地極，分賜糧倉富餘，
lyrics_xg_text/xg43.txt,41,于,忠于属天异象，在生命中作王；,忠於屬天異象，在生命中作王；,忠於屬天異象，在生命中作王；
lyrics_xg_text/xg44.txt,8,表,无穷大能，天地表明；,無窮大能，天地表明；,無窮大能，天地表明；
lyrics_xg_text/xg44.txt,14,台,作我高台，安稳立定；,作我高臺，安穩立定；,作我高台，安穩立定；
lyrics_xg_text/xg45.txt,6,里,记得当初我到这里来，,記得當初我到這裏來，,記得當初我到這裏來，
lyrics_xg_text/xg45.txt,18,尽,一生享不尽，接受却单纯。,一生享不盡，接受卻單純。,一生享不盡，接受卻單純。
lyrics_xg_text/xg46.txt,25,余,生、养、教、建不遗余力，,生、養、教、建不遺餘力，,生、養、教、建不遺餘力，
lyrics_xg_text/xg46.txt,30,台,注：此诗乃台北全时间训练学员回应,注：此詩乃臺北全時間訓練學員回應,注：此詩乃台北全時間訓練學員回應
lyrics_xg_text/xg46.txt,31,于,李常受弟兄于一九九五年对安那翰全时间训练,李常受弟兄於一九九五年對安那翰全時間訓練,李常受弟兄於一九九五年對安那翰全時間訓練
lyrics_xg_text/xg46.txt,38,复,一个神人应该凭着基督复活的大能否认他的己、天然的人和旧人，,一個神人應該憑著基督復活的大能否認他的己、天然的人和舊人，,一個神人應該憑着基督復活的大能否認他的己、天然的人和舊人，
lyrics_xg_text/xg46.txt,39,借,使他借着包罗万有之灵全备的供应，得以活基督、显大基督，,使他藉著包羅萬有之靈全備的供應，得以活基督、顯大基督，,使他藉着包羅萬有之靈全備的供應，得以活基督、顯大基督，
lyrics_xg_text/xg46.txt,44,斗,你们必须竭力奋斗以达到神圣生命的成熟。,你們必須竭力奮鬥以達到神聖生命的成熟。,你們必須竭力奮鬥以達到神聖生命的成熟。
lyrics_xg_text/xg46.txt,46,尽,你们必须尽你们的职责—产生基督身体的肢体，,你們必須盡你們的職責—產生基督身體的肢體，,你們必須盡你們的職責—產生基督身體的肢體，
lyrics_xg_text/xg46.txt,48,只,你们该只知为着基督的身体工作劳苦，,你們該只知為著基督的身體工作勞苦，,你們該只知為着基督的身體工作勞苦，
lyrics_xg_text/xg46.txt,49,于只,只顾新约中所启示关于神永远经纶的神圣启示，,只顧新約中所啟示關於神永遠經綸的神聖啟示，,只顧新約中所啓示關於神永遠經綸的神聖啓示，
lyrics_xg_text/xg46.txt,52,台,并因敬畏基督和祂审判台前的审判，逃避分裂。,並因敬畏基督和祂審判臺前的審判，逃避分裂。,並因敬畏基督和祂審判台前的審判，逃避分裂。
lyrics_xg_text/xg46.txt,55,里,你们在基督里的弟兄，信仰之家的奴仆李常受,你們在基督裏的弟兄，信仰之家的奴僕李常受,你們在基督裏的弟兄，信仰之家的奴僕李常受
lyrics_xg_text/xg46.txt,56,后,主后一九九五年六月二十四日,主後一九九五年六月二十四日,主後一九九五年六月二十四日
lyrics_xg_text/xg47.txt,6,里,一直以来，你心里想着一件事；,一直以來，你心裏想著一件事；,一直以來，你心裏想着一件事；
lyrics_xg_text/xg47.txt,8,只,我只知道，我在流浪，我在朦胧；,我只知道，我在流浪，我在朦朧；,我只知道，我在流浪，我在朦朧；
lyrics_xg_text/xg47.txt,14,系,与人同居，建立永远关系。,與人同居，建立永遠關係。,與人同居，建立永遠關係。
lyrics_xg_text/xg47.txt,21,借尽,借着吃你，生命我能尽享。,藉著喫你，生命我能盡享。,藉着喫你，生命我能盡享。
lyrics_xg_text/xg47.txt,24,借系,借结果子，将这奥秘关系蔓延。,借結果子，將這奧祕關係蔓延。,借結果子，將這奧祕關係蔓延。
lyrics_xg_text/xg47.txt,27,历里,住在爱里，不断地经历生命福；,住在愛裏，不斷地經歷生命福；,住在愛裏，不斷地經歷生命福；
lyrics_xg_text/xg47.txt,29,系,关系越深，越被建成一生机体；,關係越深，越被建成一生機體；,關係越深，越被建成一生機體；
lyrics_xg_text/xg47.txt,30,系,被话圣别，不属世界体系；,被話聖別，不屬世界體系；,被話聖別，不屬世界體系；
lyrics_xg_text/xg48.txt,8,借里,借恩主里结联；,借恩主裏結聯；,借恩主裏結聯；
lyrics_xg_text/xg48.txt,10,面,同心寻求祂面。,同心尋求祂面。,同心尋求祂面。
lyrics_xg_text/xg48.txt,11,面,同心寻求祂面。,同心尋求祂面。,同心尋求祂面。
lyrics_xg_text/xg48.txt,35,里,今日主里所享交通，,今日主裏所享交通，,今日主裏所享交通，
lyrics_xg_text/xg49.txt,8,只,每日享你丰富，只因你而满足；,每日享你豐富，只因你而滿足；,每日享你豐富，只因你而滿足；
lyrics_xg_text/xg49.txt,25,只,只爱慕你同在，只盼望你再来，,只愛慕你同在，只盼望你再來，,只愛慕你同在，只盼望你再來，
lyrics_xg_text/xg49.txt,31,只,永不说代价高，只要得你的“好”；,永不說代價高，只要得你的“好”；,永不説代價高，只要得你的“好”；
lyrics_xg_text/xg49.txt,38,只,只愿你早日得满足。,只願你早日得滿足。,只願你早日得滿足。
lyrics_xg_text/xg5.txt,19,里,祂就在我的口里，,祂就在我的口裏，,祂就在我的口裏，
lyrics_xg_text/xg5.txt,20,里,祂也在我的心里，,祂也在我的心裏，,祂也在我的心裏，
lyrics_xg_text/xg50.txt,10,尽,作个活力人，尽祭司职任，,作個活力人，盡祭司職任，,作個活力人，盡祭司職任，
lyrics_xg_text/xg50.txt,18,只获,只要持续去作，一定会有收获，,只要持續去作，一定會有收穫，,只要持續去作，一定會有收穫，
lyrics_xg_text/xg51.txt,6,借里,我借主话住祂里，祂话安家我心房；,我借主話住祂裏，祂話安家我心房；,我借主話住祂裏，祂話安家我心房；
lyrics_xg_text/xg51.txt,8,里,在主话里不受饥，满得饱足与滋养；,在主話裏不受飢，滿得飽足與滋養；,在主話裏不受飢，滿得飽足與滋養；
lyrics_xg_text/xg51.txt,12,里,主名是我逃避所，在祂名里不仓皇；,主名是我逃避所，在祂名裏不倉皇；,主名是我逃避所，在祂名裏不倉皇；
lyrics_xg_text/xg51.txt,20,复里,住在祂里受传输，复兴生机的功用；,住在祂裏受傳輸，復興生機的功用；,住在祂裏受傳輸，復興生機的功用；
lyrics_xg_text/xg51.txt,21,复,联合生长不受阻，满有复活的荣景。,聯合生長不受阻，滿有復活的榮景。,聯合生長不受阻，滿有復活的榮景。
lyrics_xg_text/xg51.txt,25,于,众圣相爱并相顾，使我居于佳美地。,眾聖相愛並相顧，使我居於佳美地。,眾聖相愛並相顧，使我居於佳美地。
lyrics_xg_text/xg51.txt,26,里,爱里相交真有福，彼此扶持得我力；,愛裏相交真有福，彼此扶持得我力；,愛裏相交真有福，彼此扶持得我力；
lyrics_xg_text/xg51.txt,32,借,万民因她得亮光，万有借她归服主；,萬民因她得亮光，萬有借她歸服主；,萬民因她得亮光，萬有借她歸服主；
lyrics_xg_text/xg52.txt,28,只,只能叹息望天天不动；,只能歎息望天天不動；,只能歎息望天天不動；
lyrics_xg_text/xg53.txt,2,于,本于信,本於信,本於信
lyrics_xg_text/xg53.txt,8,里,你在信仰里的经纶，,你在信仰裏的經綸，,你在信仰裏的經綸，
lyrics_xg_text/xg53.txt,11,于,有分于你生命和性情，,有分於你生命和性情，,有分於你生命和性情，
lyrics_xg_text/xg53.txt,12,里,因着信，被放在基督里，,因著信，被放在基督裏，,因着信，被放在基督裏，
lyrics_xg_text/xg53.txt,17,于,望断一切以及于耶稣，,望斷一切以及於耶穌，,望斷一切以及於耶穌，
lyrics_xg_text/xg53.txt,29,于,本于信我们蒙你称义，,本於信我們蒙你稱義，,本於信我們蒙你稱義，
lyrics_xg_text/xg53.txt,31,于,本于信接受那灵供应，,本於信接受那靈供應，,本於信接受那靈供應，
lyrics_xg_text/xg53.txt,32,借里面,并借着爱在我里面运行。,並藉著愛在我裏面運行。,並藉着愛在我裏面運行。
lyrics_xg_text/xg54.txt,15,里,祂已全投在海里；,祂已全投在海裏；,祂已全投在海裏；
lyrics_xg_text/xg54.txt,29,制,捆绑压制已全脱落，敌权永崩溃！,捆綁壓制已全脫落，敵權永崩潰！,捆綁壓制已全脱落，敵權永崩潰！
lyrics_xg_text/xg55.txt,33,于,望断以及于那赏赐，,望斷以及於那賞賜，,望斷以及於那賞賜，
lyrics_xg_text/xg56.txt,9,台,是我的磐石和我的高台；,是我的磐石和我的高臺；,是我的磐石和我的高台；
lyrics_xg_text/xg56.txt,12,于,我的拯救、荣耀都在于神，,我的拯救、榮耀都在於神，,我的拯救、榮耀都在於神，
lyrics_xg_text/xg56.txt,13,里面,我的避难所是在你里面。,我的避難所是在你裏面。,我的避難所是在你裏面。
lyrics_xg_text/xg56.txt,19,于,胜于守夜的等候天明，,勝於守夜的等候天明，,勝於守夜的等候天明，
lyrics_xg_text/xg56.txt,21,复,将我整个人全都复兴。,將我整個人全都復興。,將我整個人全都復興。
lyrics_xg_text/xg56.txt,24,里,从灰尘里抬举贫寒人，,從灰塵裏抬舉貧寒人，,從灰塵裏抬舉貧寒人，
lyrics_xg_text/xg57.txt,11,系,天地相系，主来亲切引领；,天地相系，主來親切引領；,天地相系，主來親切引領；
lyrics_xg_text/xg57.txt,26,只,只求祝福，已意暴露无遗；,只求祝福，已意暴露無遺；,只求祝福，已意暴露無遺；
lyrics_xg_text/xg57.txt,27,尽,长夜终尽，旭日升起，,長夜終盡，旭日升起，,長夜終盡，旭日升起，
lyrics_xg_text/xg57.txt,28,借后,我腿已瘸，此后借恩站立。,我腿已瘸，此後借恩站立。,我腿已瘸，此後借恩站立。
lyrics_xg_text/xg58.txt,18,于,因我一切全在于锡安；,因我一切全在於錫安；,因我一切全在於錫安；
lyrics_xg_text/xg58.txt,22,里面,“我的泉源都在你里面”。,“我的泉源都在你裏面”。,“我的泉源都在你裏面”。
lyrics_xg_text/xg58.txt,32,尽,尽情享受圣殿美福。,盡情享受聖殿美福。,盡情享受聖殿美福。
lyrics_xg_text/xg59.txt,2,里,瓦器里有宝贝,瓦器裏有寶貝,瓦器裏有寶貝
lyrics_xg_text/xg59.txt,7,于,此生价值在于遇见我主；,此生價值在於遇見我主；,此生價值在於遇見我主；
lyrics_xg_text/xg59.txt,9,尽,作你器皿，尽显你的丰富。,作你器皿，盡顯你的豐富。,作你器皿，盡顯你的豐富。
lyrics_xg_text/xg59.txt,18,里,见证瓦器里有宝贝！,見證瓦器裏有寶貝！,見證瓦器裏有寶貝！
lyrics_xg_text/xg59.txt,21,里,奇妙宝贝藏瓦器里，,奇妙寶貝藏瓦器裏，,奇妙寶貝藏瓦器裏，
lyrics_xg_text/xg59.txt,23,面,你面光中我愿常驻留，,你面光中我願常駐留，,你面光中我願常駐留，
lyrics_xg_text/xg59.txt,26,复,无非为使复活生命开花；,無非為使復活生命開花；,無非為使復活生命開花；
lyrics_xg_text/xg59.txt,34,只,无论何地，只愿同你行动。,無論何地，只願同你行動。,無論何地，只願同你行動。
lyrics_xg_text/xg59.txt,44,只,忠勇争战，只为我神权益。,忠勇爭戰，只為我神權益。,忠勇爭戰，只為我神權益。
lyrics_xg_text/xg59.txt,46,复,同心实行，带进新的复兴；,同心實行，帶進新的復興；,同心實行，帶進新的復興；
lyrics_xg_text/xg6.txt,23,里,我今安家神的召会里，,我今安家神的召會裏，,我今安家神的召會裏，
lyrics_xg_text/xg6.txt,25,里,生活在这梦的应验里；,生活在這夢的應驗裏；,生活在這夢的應驗裏；
lyrics_xg_text/xg6.txt,28,历,经历基督被祂来构成，,經歷基督被祂來構成，,經歷基督被祂來構成，
lyrics_xg_text/xg60.txt,35,里面,我们进入并留在基督里面，,我們進入並留在基督裏面，,我們進入並留在基督裏面，
lyrics_xg_text/xg60.txt,45,历,这逾越节带来了新的历法，,這逾越節帶來了新的歷法，,這逾越節帶來了新的歷法，
lyrics_xg_text/xg60.txt,46,里,神的生命在心里萌芽，,神的生命在心裏萌芽，,神的生命在心裏萌芽，
lyrics_xg_text/xg61.txt,10,发,试炼越频，祂平安越发繁增。,試煉越頻，祂平安越發繁增。,試煉越頻，祂平安越發繁增。
lyrics_xg_text/xg61.txt,13,尽,当我们的忍耐耗尽无以为继，,當我們的忍耐耗盡無以為繼，,當我們的忍耐耗盡無以為繼，
lyrics_xg_text/xg61.txt,15,尽,当我们已临及山穷水尽之时，,當我們已臨及山窮水盡之時，,當我們已臨及山窮水盡之時，
lyrics_xg_text/xg62.txt,12,借,今借是灵和生命的话，,今借是靈和生命的話，,今借是靈和生命的話，
lyrics_xg_text/xg62.txt,16,复,我灵复苏，我心滋润，,我靈復甦，我心滋潤，,我靈復甦，我心滋潤，
lyrics_xg_text/xg62.txt,21,面,如此享受保存在神面前，,如此享受保存在神面前，,如此享受保存在神面前，
lyrics_xg_text/xg63.txt,19,历,渴望经历中认知：,渴望經歷中認知：,渴望經歷中認知：
lyrics_xg_text/xg63.txt,30,里面,愿神在我里面一直焚烧，,願神在我裏面一直焚燒，,願神在我裏面一直焚燒，
lyrics_xg_text/xg63.txt,32,发复,与神在复活中发光而照耀，,與神在復活中發光而照耀，,與神在復活中發光而照耀，
lyrics_xg_text/xg64.txt,19,面,处处事事活在神面前，,處處事事活在神面前，,處處事事活在神面前，
lyrics_xg_text/xg64.txt,27,后,不分大小或蒙恩的先后，,不分大小或蒙恩的先後，,不分大小或蒙恩的先後，
lyrics_xg_text/xg64.txt,30,系,与主是一，显出祭司体系，,與主是一，顯出祭司體系，,與主是一，顯出祭司體系，
lyrics_xg_text/xg65.txt,15,里,更愿你将自己书写在我里，,更願你將自己書寫在我裏，,更願你將自己書寫在我裏，
lyrics_xg_text/xg65.txt,23,面,泪痕成为记念，努力面前，,淚痕成為記念，努力面前，,淚痕成為記念，努力面前，
lyrics_xg_text/xg65.txt,27,里,不再单独，身体里站立；,不再單獨，身體裏站立；,不再單獨，身體裏站立；
lyrics_xg_text/xg65.txt,29,历,彼此代祷、扶持，经历神恩满溢；,彼此代禱、扶持，經歷神恩滿溢；,彼此代禱、扶持，經歷神恩滿溢；
lyrics_xg_text/xg65.txt,32,系里,身体里配搭，相依相系。,身體裏配搭，相依相系。,身體裏配搭，相依相系。
lyrics_xg_text/xg66.txt,13,于,使你定旨应于我身。,使你定旨應於我身。,使你定旨應於我身。
lyrics_xg_text/xg66.txt,17,借,凭借万事管治运行，,憑藉萬事管治運行，,憑藉萬事管治運行，
lyrics_xg_text/xg66.txt,18,里面,外面销毁，里面更新，,外面銷毀，裏面更新，,外面銷毀，裏面更新，
lyrics_xg_text/xg66.txt,30,干,单独事你甚是干枯，,單獨事你甚是乾枯，,單獨事你甚是乾枯，
lyrics_xg_text/xg66.txt,31,借,今借身体得你加力，,今借身體得你加力，,今借身體得你加力，
lyrics_xg_text/xg66.txt,43,于,彰显于新耶路撒冷。,彰顯於新耶路撒冷。,彰顯於新耶路撒冷。
lyrics_xg_text/xg66.txt,46,于,写于二〇一五年夏季毕业聚会。,寫於二〇一五年夏季畢業聚會。,寫於二〇一五年夏季畢業聚會。
lyrics_xg_text/xg67.txt,8,里,在基督里长大，而成为正常、,在基督裏長大，而成為正常、,在基督裏長大，而成為正常、
lyrics_xg_text/xg67.txt,9,尽,活的、尽功用之基督身体的肢体，,活的、盡功用之基督身體的肢體，,活的、盡功用之基督身體的肢體，
lyrics_xg_text/xg67.txt,11,里,在基督生机的身体里。,在基督生機的身體裏。,在基督生機的身體裏。
lyrics_xg_text/xg67.txt,14,里,在基督里因祂生命长大而达到成熟；,在基督裏因祂生命長大而達到成熟；,在基督裏因祂生命長大而達到成熟；
lyrics_xg_text/xg67.txt,18,尽,尽功用、实行神命定之路，,盡功用、實行神命定之路，,盡功用、實行神命定之路，
lyrics_xg_text/xg67.txt,22,斗,我们竭力奋斗，作真理的挖掘者。,我們竭力奮鬥，作真理的挖掘者。,我們竭力奮鬥，作真理的挖掘者。
lyrics_xg_text/xg67.txt,23,于只,只顾到关于神永远经纶的神圣启示。,只顧到關於神永遠經綸的神聖啟示。,只顧到關於神永遠經綸的神聖啓示。
lyrics_xg_text/xg67.txt,26,系,心系全地，把主耶稣迎接回来。,心繫全地，把主耶穌迎接回來。,心繫全地，把主耶穌迎接回來。
lyrics_xg_text/xg67.txt,29,于,写于二〇一五年夏季毕业聚会。,寫於二〇一五年夏季畢業聚會。,寫於二〇一五年夏季畢業聚會。
lyrics_xg_text/xg68.txt,6,恶,我曾堕入罪恶境，死在过犯之中，,我曾墮入罪惡境，死在過犯之中，,我曾墮入罪惡境，死在過犯之中，
lyrics_xg_text/xg68.txt,24,尽,追测不尽的丰富，作我救恩、实际。,追測不盡的豐富，作我救恩、實際。,追測不盡的豐富，作我救恩、實際。
lyrics_xg_text/xg68.txt,28,历,时刻经历祂救恩，祂的长阔高深；,時刻經歷祂救恩，祂的長闊高深；,時刻經歷祂救恩，祂的長闊高深；
lyrics_xg_text/xg69.txt,2,范,神国的范围,神國的範圍,神國的範圍
lyrics_xg_text/xg69.txt,6,范,这乃是神国的范围，,這乃是神國的範圍，,這乃是神國的範圍，
lyrics_xg_text/xg69.txt,9,复,荣耀、复活、平安、喜乐、建造。,榮耀、復活、平安、喜樂、建造。,榮耀、復活、平安、喜樂、建造。
lyrics_xg_text/xg69.txt,18,于,有分于神圣的三一，,有分於神聖的三一，,有分於神聖的三一，
lyrics_xg_text/xg69.txt,20,借里,神在爱里管治，借着生命掌权，,神在愛裏管治，藉著生命掌權，,神在愛裏管治，藉着生命掌權，
lyrics_xg_text/xg69.txt,25,里,在神爱子的国里住留；,在神愛子的國裏住留；,在神愛子的國裏住留；
lyrics_xg_text/xg7.txt,23,干,你心中深处的干渴，,你心中深處的乾渴，,你心中深處的乾渴，
lyrics_xg_text/xg7.txt,27,只,祂只在等候你敞开，,祂只在等候你敞開，,祂只在等候你敞開，
lyrics_xg_text/xg70.txt,6,斗,前在埃及，卖命、苦斗，,前在埃及，賣命、苦鬥，,前在埃及，賣命、苦鬥，
lyrics_xg_text/xg70.txt,7,致,以致身心俱疲，犹如一罪囚，,以致身心俱疲，猶如一罪囚，,以致身心俱疲，猶如一罪囚，
lyrics_xg_text/xg70.txt,8,尽,耗尽时间生命、所有，,耗盡時間生命、所有，,耗盡時間生命、所有，
lyrics_xg_text/xg70.txt,9,只,只为求得生存，换得些报酬；,只為求得生存，換得些報酬；,只為求得生存，換得些報酬；
lyrics_xg_text/xg70.txt,29,云,吗哪、活水、云柱、火柱，,嗎哪、活水、雲柱、火柱，,嗎哪、活水、雲柱、火柱，
lyrics_xg_text/xg71.txt,8,面,全面实行生养教建，,全面實行生養教建，,全面實行生養教建，
lyrics_xg_text/xg71.txt,10,里,灵里高昂鲜而活，坚定持续。,靈裏高昂鮮而活，堅定持續。,靈裏高昂鮮而活，堅定持續。
lyrics_xg_text/xg71.txt,15,复,带进终极的复兴，身体实际。,帶進終極的復興，身體實際。,帶進終極的復興，身體實際。
lyrics_xg_text/xg71.txt,21,里,灵里火热充满爱，,靈裏火熱充滿愛，,靈裏火熱充滿愛，
lyrics_xg_text/xg72.txt,18,借,借着他们终结这世代。,藉著他們終結這世代。,藉着他們終結這世代。
lyrics_xg_text/xg72.txt,39,借,借着我们终结这世代。,藉著我們終結這世代。,藉着我們終結這世代。
lyrics_xg_text/xg73.txt,11,于,于是再写首情歌，,於是再寫首情歌，,於是再寫首情歌，
lyrics_xg_text/xg74.txt,14,于,并饮于生命水河？,並飲於生命水河？,並飲於生命水河？
lyrics_xg_text/xg74.txt,35,于,迫切向神祷告并联结于祂，,迫切向神禱告並聯結於祂，,迫切向神禱告並聯結於祂，
lyrics_xg_text/xg74.txt,41,于,并饮于生命水河；,並飲於生命水河；,並飲於生命水河；
lyrics_xg_text/xg75.txt,21,于,倾注于你，爱中永联结。,傾注於你，愛中永聯結。,傾注於你，愛中永聯結。
lyrics_xg_text/xg76.txt,7,制复,基督的复制，那灵的翻版。,基督的複製，那靈的翻版。,基督的複製，那靈的翻版。
lyrics_xg_text/xg76.txt,13,借,神本质灌注，借此彰显神。,神本質灌注，藉此彰顯神。,神本質灌注，藉此彰顯神。
lyrics_xg_text/xg76.txt,17,复,凭着你复活的生命，,憑著你復活的生命，,憑着你復活的生命，
lyrics_xg_text/xg76.txt,24,台,灯台活金树，三一神化身；,燈臺活金樹，三一神化身；,燈台活金樹，三一神化身；
lyrics_xg_text/xg76.txt,25,复,神圣的性情，复活的见证。,神聖的性情，復活的見證。,神聖的性情，復活的見證。
lyrics_xg_text/xg76.txt,27,发,发芽及长大，开花又结果。,發芽及長大，開花又結果。,發芽及長大，開花又結果。
lyrics_xg_text/xg76.txt,28,台,七个金灯台，性质形状同；,七個金燈臺，性質形狀同；,七個金燈台，性質形狀同；
lyrics_xg_text/xg76.txt,35,复,凭着你复活的能力，与你完全成为一。,憑著你復活的能力，與你完全成為一。,憑着你復活的能力，與你完全成為一。
lyrics_xg_text/xg76.txt,36,台,作为你照耀的灯台，在全地作耶稣的见证。,作為你照耀的燈臺，在全地作耶穌的見證。,作為你照耀的燈台，在全地作耶穌的見證。
lyrics_xg_text/xg77.txt,10,里,你要亲来内住人里，,你要親來內住人裏，,你要親來內住人裏，
lyrics_xg_text/xg77.txt,12,借后,借着“基督”—应许后裔—,藉著“基督”—應許後裔—,藉着“基督”—應許後裔—
lyrics_xg_text/xg77.txt,25,尽,脱尽肉体、天然桎梏，,脫盡肉體、天然桎梏，,脱盡肉體、天然桎梏，
lyrics_xg_text/xg77.txt,26,复,死而复活，生命流露；,死而復活，生命流露；,死而復活，生命流露；
lyrics_xg_text/xg77.txt,31,只,不再只顾自己事务，,不再只顧自己事務，,不再只顧自己事務，
lyrics_xg_text/xg77.txt,36,里,”灵里响应：“就是我们！,”靈裏響應：“就是我們！,”靈裏響應：“就是我們！
lyrics_xg_text/xg78.txt,9,于,及于所有流荡人，,及於所有流蕩人，,及於所有流蕩人，
lyrics_xg_text/xg78.txt,24,于,安然站立于神前，,安然站立於神前，,安然站立於神前，
lyrics_xg_text/xg78.txt,27,尽,罪污祂已尽洁除。,罪污祂已盡潔除。,罪污祂已盡潔除。
lyrics_xg_text/xg79.txt,8,尽,在我身上，数不尽的恩典希奇，,在我身上，數不盡的恩典希奇，,在我身上，數不盡的恩典希奇，
lyrics_xg_text/xg79.txt,10,历,我主为我，经历人世坎坷，,我主為我，經歷人世坎坷，,我主為我，經歷人世坎坷，
lyrics_xg_text/xg79.txt,30,尽,尽心尽意，不再保留，,盡心盡意，不再保留，,盡心盡意，不再保留，
lyrics_xg_text/xg79.txt,31,只,我爱我主，只愿与祂联结，,我愛我主，只願與祂聯結，,我愛我主，只願與祂聯結，
lyrics_xg_text/xg79.txt,32,尽,尽其所能，奉献所有。,盡其所能，奉獻所有。,盡其所能，奉獻所有。
lyrics_xg_text/xg8.txt,2,里,爱里与主同工,愛裏與主同工,愛裏與主同工
lyrics_xg_text/xg8.txt,12,里,主领我入内室，爱里细打理，,主領我入內室，愛裏細打理，,主領我入內室，愛裏細打理，
lyrics_xg_text/xg8.txt,30,复里,复活里同建造，成书拉密女。,復活裏同建造，成書拉密女。,復活裏同建造，成書拉密女。
lyrics_xg_text/xg8.txt,32,里,那里我要以爱相许。,那裏我要以愛相許。,那裏我要以愛相許。
lyrics_xg_text/xg8.txt,41,里,恩典里，同站立，,恩典裏，同站立，,恩典裏，同站立，
lyrics_xg_text/xg8.txt,43,系,爱中生活，灵灵相系，,愛中生活，靈靈相系，,愛中生活，靈靈相系，
lyrics_xg_text/xg8.txt,45,于,直至圣城显于地。,直至聖城顯於地。,直至聖城顯於地。
lyrics_xg_text/xg80.txt,2,里,我往哪里去躲避你的灵,我往哪裏去躲避你的靈,我往哪裏去躲避你的靈
lyrics_xg_text/xg80.txt,6,里,我往哪里去躲避你的灵？,我往哪裏去躲避你的靈？,我往哪裏去躲避你的靈？
lyrics_xg_text/xg80.txt,7,里面,我往哪里逃躲避你的面？,我往哪裏逃躲避你的面？,我往哪裏逃躲避你的面？
lyrics_xg_text/xg80.txt,8,里,我若升到天上，你在那里；,我若升到天上，你在那裏；,我若升到天上，你在那裏；
lyrics_xg_text/xg80.txt,9,里,我若在阴间下榻，你也在那里。,我若在陰間下榻，你也在那裏。,我若在陰間下榻，你也在那裏。
lyrics_xg_text/xg80.txt,11,里,就是在那里，你的手也必引导我，,就是在那裏，你的手也必引導我，,就是在那裏，你的手也必引導我，
lyrics_xg_text/xg81.txt,7,里,在主里融合为一，,在主裏融合為一，,在主裏融合為一，
lyrics_xg_text/xg81.txt,9,系,将我们紧紧相系；,將我們緊緊相系；,將我們緊緊相系；
lyrics_xg_text/xg81.txt,13,里,在主里我们是一家人。,在主裏我們是一家人。,在主裏我們是一家人。
lyrics_xg_text/xg81.txt,19,于,让天父的家属于你和我。,讓天父的家屬於你和我。,讓天父的家屬於你和我。
lyrics_xg_text/xg81.txt,23,里,在家里生活一起，,在家裏生活一起，,在家裏生活一起，
lyrics_xg_text/xg81.txt,24,里,神的爱在心里流淌，,神的愛在心裏流淌，,神的愛在心裏流淌，
lyrics_xg_text/xg82.txt,9,只,只要你与我亲密，一切如意。,只要你與我親密，一切如意。,只要你與我親密，一切如意。
lyrics_xg_text/xg82.txt,14,尽,尽管世界都已睡去，万籁俱寂，,儘管世界都已睡去，萬籟俱寂，,儘管世界都已睡去，萬籟俱寂，
lyrics_xg_text/xg82.txt,15,于只,我的心只能安息于你自己。,我的心只能安息於你自己。,我的心只能安息於你自己。
lyrics_xg_text/xg83.txt,14,复,基督已经复活，基督已经复活，,基督已經復活，基督已經復活，,基督已經復活，基督已經復活，
lyrics_xg_text/xg83.txt,18,复,一子出生，万子欢腾，复活将人重生；,一子出生，萬子歡騰，復活將人重生；,一子出生，萬子歡騰，復活將人重生；
lyrics_xg_text/xg83.txt,19,冲,基督一人冲破旧造，带领众子同进荣耀；,基督一人衝破舊造，帶領眾子同進榮耀；,基督一人衝破舊造，帶領眾子同進榮耀；
lyrics_xg_text/xg83.txt,21,复,基督复活产生新造。,基督復活產生新造。,基督復活產生新造。
lyrics_xg_text/xg83.txt,26,复,三次复活再生，四次使人重生，,三次復活再生，四次使人重生，,三次復活再生，四次使人重生，
lyrics_xg_text/xg83.txt,31,借里,神曾一次诞生人里，人今借祂诞生神里；,神曾一次誕生人裏，人今借祂誕生神裏；,神曾一次誕生人裏，人今借祂誕生神裏；
lyrics_xg_text/xg83.txt,36,后复,大卫后裔复活被生，人性拔高提升；,大衛後裔復活被生，人性拔高提升；,大衞後裔復活被生，人性拔高提升；
lyrics_xg_text/xg83.txt,37,复,前在永世神“独生子”，今在复活成神“长子”；,前在永世神“獨生子”，今在復活成神“長子”；,前在永世神“獨生子”，今在復活成神“長子”；
lyrics_xg_text/xg83.txt,39,制复,成为神的翻版复制。,成為神的翻版複製。,成為神的翻版複製。
lyrics_xg_text/xg83.txt,48,后,亚当后裔不再悲痛，救恩已经成功；,亞當後裔不再悲痛，救恩已經成功；,亞當後裔不再悲痛，救恩已經成功；
lyrics_xg_text/xg83.txt,49,历,堕落历史从此终止，基督成了新造元始；,墮落歷史從此終止，基督成了新造元始；,墮落歷史從此終止，基督成了新造元始；
lyrics_xg_text/xg84.txt,11,里,将他们在基督里成熟地献上；,將他們在基督裏成熟地獻上；,將他們在基督裏成熟地獻上；
lyrics_xg_text/xg85.txt,28,于,有分于祂经纶奥秘：,有分於祂經綸奧祕：,有分於祂經綸奧祕：
lyrics_xg_text/xg85.txt,32,尽,尽是粪土不值一题；,盡是糞土不值一題；,盡是糞土不值一題；
lyrics_xg_text/xg85.txt,48,复,日复一日忠勇进前；,日復一日忠勇進前；,日復一日忠勇進前；
lyrics_xg_text/xg85.txt,54,尽,无终喜乐，何能尽言！,無終喜樂，何能盡言！,無終喜樂，何能盡言！
lyrics_xg_text/xg86.txt,13,里面,如今祂己流进我里面。,如今祂己流進我裏面。,如今祂己流進我裏面。
lyrics_xg_text/xg86.txt,14,于,神之于我一切的丰盛，,神之於我一切的豐盛，,神之於我一切的豐盛，
lyrics_xg_text/xg86.txt,15,于历,若我能以经历全都在于灵，,若我能以經歷全都在於靈，,若我能以經歷全都在於靈，
lyrics_xg_text/xg86.txt,25,只,我只求丰富供应我以那灵。,我只求豐富供應我以那靈。,我只求豐富供應我以那靈。
lyrics_xg_text/xg87.txt,7,发,重新生发出各种生命的滋长，,重新生發出各種生命的滋長，,重新生發出各種生命的滋長，
lyrics_xg_text/xg87.txt,11,复,立时成为复活极大的军队，,立時成為復活極大的軍隊，,立時成為復活極大的軍隊，
lyrics_xg_text/xg87.txt,36,复致,一同复活彰显恩典到极致。,一同復活彰顯恩典到極致。,一同復活彰顯恩典到極致。
lyrics_xg_text/xg88.txt,36,面,面对死亡再无惧忧。,面對死亡再無懼憂。,面對死亡再無懼憂。
lyrics_xg_text/xg88.txt,40,面,在神面前我们畅欢；,在神面前我們暢歡；,在神面前我們暢歡；
lyrics_xg_text/xg88.txt,42,干,所有眼泪主必擦干。,所有眼淚主必擦乾。,所有眼淚主必擦乾。
lyrics_xg_text/xg88.txt,44,尽,都被除尽不被记念；,都被除盡不被記念；,都被除盡不被記念；
lyrics_xg_text/xg88.txt,45,复,万物复兴，万有和睦，,萬物復興，萬有和睦，,萬物復興，萬有和睦，
lyrics_xg_text/xg89.txt,11,致,以致这路程在祂和你中间，,以致這路程在祂和你中間，,以致這路程在祂和你中間，
lyrics_xg_text/xg9.txt,9,面,祂加力，使我能面对试炼，,祂加力，使我能面對試煉，,祂加力，使我能面對試煉，
lyrics_xg_text/xg9.txt,21,面,神儿女如珍宝在祂面前，,神兒女如珍寶在祂面前，,神兒女如珍寶在祂面前，
lyrics_xg_text/xg9.txt,27,历,主，助我历经苦难和试验，,主，助我歷經苦難和試驗，,主，助我歷經苦難和試驗，
lyrics_xg_text/xg9.txt,33,发,每时刻，靠你恩常发感赞，,每時刻，靠你恩常發感讚，,每時刻，靠你恩常發感讚，
lyrics_xg_text/xg90.txt,2,只,主，我只爱你,主，我只愛你,主，我只愛你
lyrics_xg_text/xg90.txt,6,只,主，我只爱你，无何能与你比拟。,主，我只愛你，無何能與你比擬。,主，我只愛你，無何能與你比擬。
lyrics_xg_text/xg91.txt,7,于,我欢喜于你荫留伫；,我歡喜於你蔭留佇；,我歡喜於你蔭留佇；
lyrics_xg_text/xg91.txt,11,复,将我滋润，使我复苏；,將我滋潤，使我復甦；,將我滋潤，使我復甦；
lyrics_xg_text/xg91.txt,18,只,只求你圣心满足。,只求你聖心滿足。,只求你聖心滿足。
lyrics_xg_text/xg91.txt,28,尽,苦难尽成为祝福。,苦難盡成為祝福。,苦難盡成為祝福。
lyrics_xg_text/xg91.txt,33,历尽,知你已历尽诸苦楚，,知你已歷盡諸苦楚，,知你已歷盡諸苦楚，
lyrics_xg_text/xg91.txt,35,谷,虽然行过死荫幽谷，,雖然行過死蔭幽谷，,雖然行過死蔭幽谷，
lyrics_xg_text/xg91.txt,46,于,望断一切及于我主；,望斷一切及於我主；,望斷一切及於我主；
lyrics_xg_text/xg91.txt,47,谷,流泪之谷，泉源涌出，,流淚之谷，泉源湧出，,流淚之谷，泉源湧出，
lyrics_xg_text/xg92.txt,13,尽,同你祭坛上，尽焚烧成灰。,同你祭壇上，盡焚燒成灰。,同你祭壇上，盡焚燒成灰。
lyrics_xg_text/xg92.txt,16,志,此志不移：殉道或被提是我所期。,此志不移：殉道或被提是我所期。,此志不移：殉道或被提是我所期。
lyrics_xg_text/xg92.txt,17,发,出到全地，扩展你身体，发旺不已！,出到全地，擴展你身體，發旺不已！,出到全地，擴展你身體，發旺不已！
lyrics_xg_text/xg92.txt,22,里,升天里代求，施拯救到底。,升天裏代求，施拯救到底。,升天裏代求，施拯救到底。
lyrics_xg_text/xg92.txt,23,里,爱里洗涤，圣灵更新；,愛裏洗滌，聖靈更新；,愛裏洗滌，聖靈更新；
lyrics_xg_text/xg92.txt,26,复里,成那灵翻版，复活里照映。,成那靈翻版，復活裏照映。,成那靈翻版，復活裏照映。
lyrics_xg_text/xg92.txt,27,里,幔子已裂，得进你里，,幔子已裂，得進你裏，,幔子已裂，得進你裏，
lyrics_xg_text/xg92.txt,32,于,得识你心意，愿实行于地。,得識你心意，願實行於地。,得識你心意，願實行於地。
lyrics_xg_text/xg92.txt,33,尽,凡火消弭，肉体除尽，,凡火消弭，肉體除盡，,凡火消弭，肉體除盡，
lyrics_xg_text/xg93.txt,7,面,在神面前供职，以神作为业分。,在神面前供職，以神作為業分。,在神面前供職，以神作為業分。
lyrics_xg_text/xg93.txt,13,尽,建造神居所尽职，,建造神居所盡職，,建造神居所盡職，
lyrics_xg_text/xg93.txt,18,发,分享生命之饼，发出生命之光。,分享生命之餅，發出生命之光。,分享生命之餅，發出生命之光。
lyrics_xg_text/xg93.txt,25,复,享受复合圣膏，天天被主充满；,享受複合聖膏，天天被主充滿；,享受複合聖膏，天天被主充滿；
lyrics_xg_text/xg94.txt,9,尽里,这里有数不尽的恩爱，,這裏有數不盡的恩愛，,這裏有數不盡的恩愛，
lyrics_xg_text/xg94.txt,12,里面,长到主里面，我逐日衰减，,長到主裏面，我逐日衰減，,長到主裏面，我逐日衰減，
lyrics_xg_text/xg94.txt,14,志,求主得着我这样心志：,求主得著我這樣心志：,求主得着我這樣心志：
lyrics_xg_text/xg94.txt,17,里,如此活在基督身体里，,如此活在基督身體裏，,如此活在基督身體裏，
lyrics_xg_text/xg94.txt,22,尽,同来尽新约祭司职分，,同來盡新約祭司職分，,同來盡新約祭司職分，
lyrics_xg_text/xg94.txt,25,里,在灵里照耀神圣的光，,在靈裏照耀神聖的光，,在靈裏照耀神聖的光，
lyrics_xg_text/xg94.txt,31,里,在主里完全是一，,在主裏完全是一，,在主裏完全是一，
lyrics_xg_text/xg95.txt,17,复,为我钉死，为我复生，,為我釘死，為我復生，,為我釘死，為我復生，
lyrics_xg_text/xg96.txt,18,系,为主交朋友，建立甜美关系；,為主交朋友，建立甜美關係；,為主交朋友，建立甜美關係；
lyrics_xg_text/xg96.txt,32,尽,人人尽功用，基督身体增长；,人人盡功用，基督身體增長；,人人盡功用，基督身體增長；
lyrics_xg_text/xg97.txt,7,尽面,雅博岸边，道路的尽头，面对面，我遇见了你。,雅博岸邊，道路的盡頭，面對面，我遇見了你。,雅博岸邊，道路的盡頭，面對面，我遇見了你。
lyrics_xg_text/xg97.txt,9,里,你说你必同在，无论我往那里，,你說你必同在，無論我往那裏，,你説你必同在，無論我往那裏，
lyrics_xg_text/xg97.txt,12,只,你仍赐福照你心意，只为那夜你曾应许。,你仍賜福照你心意，只為那夜你曾應許。,你仍賜福照你心意，只為那夜你曾應許。
lyrics_xg_text/xg97.txt,17,于,注：此诗乃写于美国东岸毗努伊勒园区启用时。,注：此詩乃寫於美國東岸毗努伊勒園區啟用時。,注：此詩乃寫於美國東岸毗努伊勒園區啓用時。
lyrics_xg_text/xg98.txt,10,只,只想在你胸怀靠一靠啊，,只想在你胸懷靠一靠啊，,只想在你胸懷靠一靠啊，
lyrics_xg_text/xg98.txt,27,准,定准我的年日和生涯，,定準我的年日和生涯，,定準我的年日和生涯，
lyrics_xg_text/xg98.txt,29,发,你已数过我的每根头发，,你已數過我的每根頭髮，,你已數過我的每根頭髮，
lyrics_xg_text/xg99.txt,9,表,心头的愿望却未能表达。,心頭的願望卻未能表達。,心頭的願望卻未能表達。
lyrics_yb_text/yb102.txt,6,余,余生切愿每分每秒为主活，贫穷委屈不退缩；,餘生切願每分每秒為主活，貧窮委屈不退縮；,餘生切願每分每秒為主活，貧窮委屈不退縮；
lyrics_yb_text/yb102.txt,7,尽,今生切愿以主为命为至宝，短暂荣华全尽抛；,今生切願以主為命為至寶，短暫榮華全盡拋；,今生切願以主為命為至寶，短暫榮華全盡拋；
lyrics_yb_text/yb103.txt,2,发,发光如星,發光如星,發光如星
lyrics_yb_text/yb103.txt,13,发,求主使我也能发光如星，,求主使我也能發光如星，,求主使我也能發光如星，
lyrics_yb_text/yb103.txt,14,里,直到显在父的国里。,直到顯在父的國裏。,直到顯在父的國裏。
lyrics_yb_text/yb104.txt,6,里,无数的黑夜里，我用星星画出你，,無數的黑夜裏，我用星星畫出你，,無數的黑夜裏，我用星星畫出你，
lyrics_yb_text/yb104.txt,8,里,在我的歌声里，我用音符赞美你，,在我的歌聲裏，我用音符讚美你，,在我的歌聲裏，我用音符讚美你，
lyrics_yb_text/yb104.txt,12,谷,走在高山深谷，祂会伴我同行，,走在高山深谷，祂會伴我同行，,走在高山深谷，祂會伴我同行，
lyrics_yb_text/yb104.txt,16,里,在无数的黑夜里，你用星星照亮我，,在無數的黑夜裏，你用星星照亮我，,在無數的黑夜裏，你用星星照亮我，
lyrics_yb_text/yb104.txt,18,里,在弯曲世代里，你用言语洁净我，,在彎曲世代裏，你用言語潔淨我，,在彎曲世代裏，你用言語潔淨我，
lyrics_yb_text/yb104.txt,22,谷,走过高山深谷，祂会伴我同行，,走過高山深谷，祂會伴我同行，,走過高山深谷，祂會伴我同行，
lyrics_yb_text/yb105.txt,9,里,呼呼唤唤真神你在哪里？,呼呼喚喚真神你在哪裏？,呼呼喚喚真神你在哪裏？
lyrics_yb_text/yb106.txt,7,云发后,抬起头你将会发现，乌云背后还是有蓝天；,抬起頭你將會發現，烏雲背後還是有藍天；,抬起頭你將會發現，烏雲背後還是有藍天；
lyrics_yb_text/yb114.txt,2,里,隐藏主爱里,隱藏主愛裏,隱藏主愛裏
lyrics_yb_text/yb114.txt,7,松,可否就松手，容我自在遨游？世上的荣华、激我心波。,可否就鬆手，容我自在遨遊？世上的榮華、激我心波。,可否就鬆手，容我自在遨遊？世上的榮華、激我心波。
lyrics_yb_text/yb114.txt,13,松,可否就松手，容我自由追求？今生的憧憬、引我奔投。,可否就鬆手，容我自由追求？今生的憧憬、引我奔投。,可否就鬆手，容我自由追求？今生的憧憬、引我奔投。
lyrics_yb_text/yb114.txt,18,只,羡慕你同在，求恩典日加深，刚强、软弱，只盼你添增。,羨慕你同在，求恩典日加深，剛強、軟弱，只盼你添增。,羨慕你同在，求恩典日加深，剛強、軟弱，只盼你添增。
lyrics_yb_text/yb114.txt,19,尽松,切莫再松手，照你喜悦左右，全心与全人，尽归你有。,切莫再鬆手，照你喜悅左右，全心與全人，盡歸你有。,切莫再鬆手，照你喜悦左右，全心與全人，盡歸你有。
lyrics_yb_text/yb114.txt,20,面,爱何甜，终将我俘虏，你荣面，引我一生步武。,愛何甜，終將我俘虜，你榮面，引我一生步武。,愛何甜，終將我俘虜，你榮面，引我一生步武。
lyrics_yb_text/yb114.txt,21,里,哦，我主，愿隐藏你里，爱你、从你，密密。,哦，我主，願隱藏你裏，愛你、從你，密密。,哦，我主，願隱藏你裏，愛你、從你，密密。
lyrics_yb_text/yb115.txt,6,后,我们没有后悔，踏上这条路；,我們沒有後悔，踏上這條路；,我們沒有後悔，踏上這條路；
lyrics_yb_text/yb115.txt,7,后,我们没有后悔，走过这一程。,我們沒有後悔，走過這一程。,我們沒有後悔，走過這一程。
lyrics_yb_text/yb115.txt,8,尽,尽管崎岖波折，荆棘石头漫布；,儘管崎嶇波折，荊棘石頭漫布；,儘管崎嶇波折，荊棘石頭漫布；
lyrics_yb_text/yb115.txt,9,尽,尽管门窄路狭，十架伤痕处处。,儘管門窄路狹，十架傷痕處處。,儘管門窄路狹，十架傷痕處處。
lyrics_yb_text/yb115.txt,13,发,发出你的亮光真实，,發出你的亮光真實，,發出你的亮光真實，
lyrics_yb_text/yb115.txt,17,后,我们不曾后悔，全人献给主；,我們不曾後悔，全人獻給主；,我們不曾後悔，全人獻給主；
lyrics_yb_text/yb115.txt,24,面,我们依旧坚定，面始终扬起。,我們依舊堅定，面始終揚起。,我們依舊堅定，面始終揚起。
lyrics_yb_text/yb115.txt,31,后,爱祂不曾后悔，因祂为我舍命；,愛祂不曾後悔，因祂為我捨命；,愛祂不曾後悔，因祂為我捨命；
lyrics_yb_text/yb115.txt,32,发,信祂益发坚定，他从未背信。,信祂益發堅定，他從未背信。,信祂益發堅定，他從未背信。
lyrics_yb_text/yb116.txt,8,尽,我的罪污尽现，你却为我背负担待，,我的罪污盡現，你卻為我揹負擔待，,我的罪污盡現，你卻為我揹負擔待，
lyrics_yb_text/yb116.txt,10,尽,我的罪污尽现，你却为我背负担待，,我的罪污盡現，你卻為我揹負擔待，,我的罪污盡現，你卻為我揹負擔待，
lyrics_yb_text/yb116.txt,15,复里,又从死里复活，拆毁神人之间阻碍。,又從死裏復活，拆毀神人之間阻礙。,又從死裏復活，拆毀神人之間阻礙。
lyrics_yb_text/yb116.txt,32,于只,主我只属于你，软弱时呼求你应允，,主我只屬於你，軟弱時呼求你應允，,主我只屬於你，軟弱時呼求你應允，
lyrics_yb_text/yb116.txt,34,于只,主我只属于你，软弱时呼求你应允，,主我只屬於你，軟弱時呼求你應允，,主我只屬於你，軟弱時呼求你應允，
lyrics_yb_text/yb116.txt,37,面,五交通在隐秘处，瞻仰你面满足情衷，,五交通在隱祕處，瞻仰你面滿足情衷，,五交通在隱祕處，瞻仰你面滿足情衷，
lyrics_yb_text/yb116.txt,39,里,你我情深无比，灵里联合相爱相惜，,你我情深無比，靈裏聯合相愛相惜，,你我情深無比，靈裏聯合相愛相惜，
lyrics_yb_text/yb116.txt,40,里,爱里妙音不绝，赞美之声永无止息。,愛裏妙音不絕，讚美之聲永無止息。,愛裏妙音不絕，讚美之聲永無止息。
lyrics_yb_text/yb116.txt,41,里,你我情深无比，灵里联合相爱相惜，,你我情深無比，靈裏聯合相愛相惜，,你我情深無比，靈裏聯合相愛相惜，
lyrics_yb_text/yb116.txt,42,里,爱里妙音不绝，赞美之声永无止息。,愛裏妙音不絕，讚美之聲永無止息。,愛裏妙音不絕，讚美之聲永無止息。
lyrics_yb_text/yb117.txt,10,致,以致这路程在祂和你中间，,以致這路程在祂和你中間，,以致這路程在祂和你中間，
lyrics_yb_text/yb117.txt,14,谷,每天的生活、工作总会有高山、有低谷，有欢喜的时刻、也有沮丧的时候。,每天的生活、工作總會有高山、有低谷，有歡喜的時刻、也有沮喪的時候。,每天的生活、工作總會有高山、有低谷，有歡喜的時刻、也有沮喪的時候。
lyrics_yb_text/yb117.txt,15,历,但在基督徒来说，不论何时，都是经历神、遇见神的好机会，这样的机会，,但在基督徒來說，不論何時，都是經歷神、遇見神的好機會，這樣的機會，,但在基督徒來説，不論何時，都是經歷神、遇見神的好機會，這樣的機會，
lyrics_yb_text/yb117.txt,16,里面,让我们不因循在习惯里，在各面上时常被更新，生命也有机会越长进和成熟。,讓我們不因循在習慣裏，在各面上時常被更新，生命也有機會越長進和成熟。,讓我們不因循在習慣裏，在各面上時常被更新，生命也有機會越長進和成熟。
lyrics_yb_text/yb117.txt,19,面,往往在路程中，我们总是咬着牙、流着泪、一面问着“为什么”，一面又沉重的一步步往前走。,往往在路程中，我們總是咬著牙、流著淚、一面問著“為什麼”，一面又沉重的一步步往前走。,往往在路程中，我們總是咬着牙、流着淚、一面問着“為什麼”，一面又沉重的一步步往前走。
lyrics_yb_text/yb117.txt,20,于,不论结果在我们认为是成功或是失败，最珍贵的就在于过程中那些挣扎过、努力过的痕迹；,不論結果在我們認為是成功或是失敗，最珍貴的就在於過程中那些掙扎過、努力過的痕跡；,不論結果在我們認為是成功或是失敗，最珍貴的就在於過程中那些掙扎過、努力過的痕跡；
lyrics_yb_text/yb117.txt,21,里,最宝贝的是在这些过程里，都有神与我们同在。,最寶貝的是在這些過程裏，都有神與我們同在。,最寶貝的是在這些過程裏，都有神與我們同在。
lyrics_yb_text/yb117.txt,28,里,并且，不论我们成功、失败、偏离、停滞，我们总在祂手里。,並且，不論我們成功、失敗、偏離、停滯，我們總在祂手裏。,並且，不論我們成功、失敗、偏離、停滯，我們總在祂手裏。
lyrics_yb_text/yb117.txt,30,只,以为认识的原来还不算认识；自以为懂了，其实只到了半点。,以為認識的原來還不算認識；自以為懂了，其實只到了半點。,以為認識的原來還不算認識；自以為懂了，其實只到了半點。
lyrics_yb_text/yb119.txt,8,面,软弱你面前，渴慕你的帮助！,軟弱你面前，渴慕你的幫助！,軟弱你面前，渴慕你的幫助！
lyrics_yb_text/yb127.txt,13,复,今生欢喜，支搭帐棚献祭，使你锡安建立，恢复全地。,今生歡喜，支搭帳棚獻祭，使你錫安建立，恢復全地。,今生歡喜，支搭帳棚獻祭，使你錫安建立，恢復全地。
lyrics_yb_text/yb127.txt,22,系,同进内室，同往田间；同享恩典，同伴相系。,同進內室，同往田間；同享恩典，同伴相系。,同進內室，同往田間；同享恩典，同伴相系。
lyrics_yb_text/yb127.txt,23,谷,亚割之谷，指望之门；葡萄果园，馨香四溢！,亞割之谷，指望之門；葡萄果園，馨香四溢！,亞割之谷，指望之門；葡萄果園，馨香四溢！
lyrics_yb_text/yb127.txt,28,于,荣耀异象，频频呼召；定睛于你，成为锡安。,榮耀異象，頻頻呼召；定睛於你，成為錫安。,榮耀異象，頻頻呼召；定睛於你，成為錫安。
lyrics_yb_text/yb127.txt,29,台,居人之地，灯台照亮；耶稣见证，团体显彰，,居人之地，燈臺照亮；耶穌見證，團體顯彰，,居人之地，燈台照亮；耶穌見證，團體顯彰，
lyrics_yb_text/yb128.txt,6,复,我愿放下重担脱去缠累，求祂恢复起初造我形象。,我願放下重擔脫去纏累，求祂恢復起初造我形象。,我願放下重擔脱去纏累，求祂恢復起初造我形象。
lyrics_yb_text/yb128.txt,10,里,如鹰展翅上腾，翱翔在神的国度里！,如鷹展翅上騰，翱翔在神的國度裏！,如鷹展翅上騰，翱翔在神的國度裏！
lyrics_yb_text/yb128.txt,12,里,如鹰展翅上腾，翱翔在神的国度里！,如鷹展翅上騰，翱翔在神的國度裏！,如鷹展翅上騰，翱翔在神的國度裏！
lyrics_yb_text/yb129.txt,8,发,不求自己的益处，不轻易发怒，,不求自己的益處，不輕易發怒，,不求自己的益處，不輕易發怒，
lyrics_yb_text/yb129.txt,9,恶,不计算人家的恶，不喜欢不义，,不計算人家的惡，不喜歡不義，,不計算人家的惡，不喜歡不義，
lyrics_yb_text/yb129.txt,10,只,只喜欢真理；凡事包容，,只喜歡真理；凡事包容，,只喜歡真理；凡事包容，
lyrics_yb_text/yb130.txt,11,只,有些事我只想要对你说，,有些事我只想要對你說，,有些事我只想要對你説，
lyrics_yb_text/yb131.txt,5,谷,神在高处开江河，谷中开泉源；,神在高處開江河，谷中開泉源；,神在高處開江河，谷中開泉源；
lyrics_yb_text/yb131.txt,6,干,神使旷野变水池，干地变水泉；,神使曠野變水池，乾地變水泉；,神使曠野變水池，乾地變水泉；
lyrics_yb_text/yb131.txt,13,借只,只要凡事借着祷告、祈求，,只要凡事藉著禱告、祈求，,只要凡事藉着禱告、祈求，
lyrics_yb_text/yb131.txt,16,里,必在基督里保卫你。,必在基督裏保衛你。,必在基督裏保衞你。
lyrics_yb_text/yb132.txt,6,只,我不知明天的道路，每一天只向主活；,我不知明天的道路，每一天只向主活；,我不知明天的道路，每一天只向主活；
lyrics_yb_text/yb132.txt,7,借,我不借明天的太阳，因明天或许阴暗；,我不借明天的太陽，因明天或許陰暗；,我不借明天的太陽，因明天或許陰暗；
lyrics_yb_text/yb132.txt,9,面,我今天要与主同行，因祂知前面如何。,我今天要與主同行，因祂知前面如何。,我今天要與主同行，因祂知前面如何。
lyrics_yb_text/yb132.txt,16,云,每重担越挑越轻省，每朵云披上银衣；,每重擔越挑越輕省，每朵雲披上銀衣；,每重擔越挑越輕省，每朵雲披上銀衣；
lyrics_yb_text/yb132.txt,17,里,在那里阳光常普照，在那里没有眼泪；,在那裏陽光常普照，在那裏沒有眼淚；,在那裏陽光常普照，在那裏沒有眼淚；
lyrics_yb_text/yb132.txt,18,尽,在美丽彩虹的尽头，众山岭与天相连。,在美麗彩虹的盡頭，眾山嶺與天相連。,在美麗彩虹的盡頭，眾山嶺與天相連。
lyrics_yb_text/yb133.txt,7,里,因为我有主里的同伴，作我属灵的搭档，,因為我有主裏的同伴，作我屬靈的搭檔，,因為我有主裏的同伴，作我屬靈的搭檔，
lyrics_yb_text/yb133.txt,9,里,在基督里我们都是一，同活在一个身体里，,在基督裏我們都是一，同活在一個身體裏，,在基督裏我們都是一，同活在一個身體裏，
lyrics_yb_text/yb133.txt,12,里,这是我们灵里的默契，同伴之间的约定，,這是我們靈裏的默契，同伴之間的約定，,這是我們靈裏的默契，同伴之間的約定，
lyrics_yb_text/yb133.txt,13,后里,无论今后或在哪里，我们依然会记起你。,無論今後或在哪裏，我們依然會記起你。,無論今後或在哪裏，我們依然會記起你。
lyrics_yb_text/yb133.txt,17,云,你们就像那云彩一样，一直萦绕我身旁，,你們就像那雲彩一樣，一直縈繞我身旁，,你們就像那雲彩一樣，一直縈繞我身旁，
lyrics_yb_text/yb135.txt,2,复,复刻爱情,復刻愛情,復刻愛情
lyrics_yb_text/yb135.txt,6,里,当我在背离的路上，在自己的罪里跌倒，,當我在背離的路上，在自己的罪裏跌倒，,當我在背離的路上，在自己的罪裏跌倒，
lyrics_yb_text/yb135.txt,11,里,撼动我心，是良人温柔，我已降服在我王爱里，,撼動我心，是良人溫柔，我已降服在我王愛裏，,撼動我心，是良人温柔，我已降服在我王愛裏，
lyrics_yb_text/yb135.txt,12,复,愿意用我真情全意爱你，求你在我心中复刻爱情。,願意用我真情全意愛你，求你在我心中復刻愛情。,願意用我真情全意愛你，求你在我心中復刻愛情。
lyrics_yb_text/yb135.txt,13,里,撼动我心，是良人温柔，我已降服在我王爱里，,撼動我心，是良人溫柔，我已降服在我王愛裏，,撼動我心，是良人温柔，我已降服在我王愛裏，
lyrics_yb_text/yb135.txt,14,于,愿意将我全爱浇奠于你，使你在我内室享受爱情。,願意將我全愛澆奠於你，使你在我內室享受愛情。,願意將我全愛澆奠於你，使你在我內室享受愛情。
lyrics_yb_text/yb135.txt,17,后里,当我在王的荣耀里，在王后极盛荣耀中，,當我在王的榮耀裏，在王后極盛榮耀中，,當我在王的榮耀裏，在王后極盛榮耀中，
lyrics_yb_text/yb138.txt,15,面,我将那和华常摆在我面前；,我將那和華常擺在我面前；,我將那和華常擺在我面前；
lyrics_yb_text/yb138.txt,22,面,在你面前有满足的喜乐；,在你面前有滿足的喜樂；,在你面前有滿足的喜樂；
lyrics_yb_text/yb139.txt,18,面,我将神常摆在我面前，因祂在我右边。,我將神常擺在我面前，因祂在我右邊。,我將神常擺在我面前，因祂在我右邊。
lyrics_yb_text/yb140.txt,13,历恶里,没有爱就让罪恶来，在爱里我们才能经历神存在，,沒有愛就讓罪惡來，在愛裏我們纔能經歷神存在，,沒有愛就讓罪惡來，在愛裏我們纔能經歷神存在，
lyrics_yb_text/yb140.txt,16,里面,让神爱涌流我里面。,讓神愛湧流我裏面。,讓神愛湧流我裏面。
lyrics_yb_text/yb141.txt,2,里,沉浸你爱里,沉浸你愛裏,沉浸你愛裏
lyrics_yb_text/yb141.txt,6,里,沉浸你爱里，新鲜胜过甘露；,沉浸你愛裏，新鮮勝過甘露；,沉浸你愛裏，新鮮勝過甘露；
lyrics_yb_text/yb141.txt,13,只,我深爱你，我一生只属你；,我深愛你，我一生只屬你；,我深愛你，我一生只屬你；
lyrics_yb_text/yb141.txt,19,里,浸润你爱里，浇灌一切为你；,浸潤你愛裏，澆灌一切為你；,浸潤你愛裏，澆灌一切為你；
lyrics_yb_text/yb141.txt,20,余,前紧握余生，主阿，今全归你。,前緊握餘生，主阿，今全歸你。,前緊握餘生，主阿，今全歸你。
lyrics_yb_text/yb143.txt,17,历里,为你建造，我在这里全然敞开经历神分踢，,為你建造，我在這裏全然敞開經歷神分踢，,為你建造，我在這裏全然敞開經歷神分踢，
lyrics_yb_text/yb143.txt,18,历里,神圣所是作到我里，历经变化成建造活石。,神聖所是作到我裏，歷經變化成建造活石。,神聖所是作到我裏，歷經變化成建造活石。
lyrics_yb_text/yb143.txt,19,里,脱离单独不从己意，不再是我，基督活我里，,脫離單獨不從己意，不再是我，基督活我裏，,脱離單獨不從己意，不再是我，基督活我裏，
lyrics_yb_text/yb143.txt,20,里,同作肢体爱中建造，愿我一直消失身体里。,同作肢體愛中建造，願我一直消失身體裏。,同作肢體愛中建造，願我一直消失身體裏。
lyrics_yb_text/yb143.txt,25,台复,身负使命，齐心努力，兴起灯台，扩展主恢复；,身負使命，齊心努力，興起燈臺，擴展主恢復；,身負使命，齊心努力，興起燈台，擴展主恢復；
lyrics_yb_text/yb143.txt,26,系,人在一地，心系全地，国度福音，传遍居人地！,人在一地，心繫全地，國度福音，傳遍居人地！,人在一地，心繫全地，國度福音，傳遍居人地！
lyrics_yb_text/yb144.txt,15,于,将我所有花费于此，恩典够用且还要加多。,將我所有花費於此，恩典夠用且還要加多。,將我所有花費於此，恩典夠用且還要加多。
lyrics_yb_text/yb144.txt,23,于,全人变化脱去旧造，神圣的生命于是萌芽，,全人變化脫去舊造，神聖的生命於是萌芽，,全人變化脱去舊造，神聖的生命於是萌芽，
lyrics_yb_text/yb144.txt,25,制,让我沉浸在你圣别光中，从罪的辖制解脱。,讓我沉浸在你聖別光中，從罪的轄制解脫。,讓我沉浸在你聖別光中，從罪的轄制解脱。
lyrics_yb_text/yb145.txt,2,里,爱里与主同工,愛裏與主同工,愛裏與主同工
lyrics_yb_text/yb145.txt,12,里,主领我入内室，爱里细打理，,主領我入內室，愛裏細打理，,主領我入內室，愛裏細打理，
lyrics_yb_text/yb145.txt,30,复里,复活里同建造，成书拉密女。,復活裏同建造，成書拉密女。,復活裏同建造，成書拉密女。
lyrics_yb_text/yb145.txt,32,里,那里我要以爱相许（紧接第5节),那裏我要以愛相許（緊接第5節),那裏我要以愛相許（緊接第5節)
lyrics_yb_text/yb145.txt,40,里,恩典里，同站立，为身体，,恩典裏，同站立，為身體，,恩典裏，同站立，為身體，
lyrics_yb_text/yb145.txt,42,系,灵灵相系，同奔程，,靈靈相系，同奔程，,靈靈相系，同奔程，
lyrics_yb_text/yb145.txt,43,于,成为奠祭，直至圣城显于地。,成為奠祭，直至聖城顯於地。,成為奠祭，直至聖城顯於地。
lyrics_yb_text/yb146.txt,2,制,美丽的制作,美麗的製作,美麗的製作
lyrics_yb_text/yb146.txt,8,历,主，但愿我能经历得深，,主，但願我能經歷得深，,主，但願我能經歷得深，
lyrics_yb_text/yb147.txt,19,里,我赐你肉心代替石心，把律法写在你心里，,我賜你肉心代替石心，把律法寫在你心裏，,我賜你肉心代替石心，把律法寫在你心裏，
lyrics_yb_text/yb147.txt,20,恶,我用水将你洗洁净，你众罪恶我全忘记。,我用水將你洗潔淨，你眾罪惡我全忘記。,我用水將你洗潔淨，你眾罪惡我全忘記。
lyrics_yb_text/yb149.txt,14,干,我向你举手；我的心渴想称，如同干旱之地盼雨一样。,我向你舉手；我的心渴想稱，如同乾旱之地盼雨一樣。,我向你舉手；我的心渴想稱，如同乾旱之地盼雨一樣。
lyrics_yb_text/yb149.txt,20,干,我向你称举手；我的心渴想你，如同干旱之地盼雨一样。,我向你稱舉手；我的心渴想你，如同乾旱之地盼雨一樣。,我向你稱舉手；我的心渴想你，如同乾旱之地盼雨一樣。
lyrics_yb_text/yb150.txt,11,历,述说个人生命的狂历，,述說個人生命的狂歷，,述説個人生命的狂歷，
lyrics_yb_text/yb150.txt,13,里,灵里饱足好过今年。,靈裏飽足好過今年。,靈裏飽足好過今年。
lyrics_yb_text/yb151.txt,7,只,若这世间只有一爱情，,若這世間只有一愛情，,若這世間只有一愛情，
lyrics_yb_text/yb152.txt,13,里,在那稣怀抱里无限慈爱与鼓励，,在那穌懷抱裏無限慈愛與鼓勵，,在那穌懷抱裏無限慈愛與鼓勵，
lyrics_yb_text/yb153.txt,5,后,喔！放下忧虑把愁烦抛在脑后，,喔！放下憂慮把愁煩拋在腦後，,喔！放下憂慮把愁煩拋在腦後，
lyrics_yb_text/yb153.txt,11,里,在基督里我就是新造的人，,在基督裏我就是新造的人，,在基督裏我就是新造的人，
lyrics_yb_text/yb153.txt,15,谷,经过高山低谷，主带我翻山越岭，,經過高山低谷，主帶我翻山越嶺，,經過高山低谷，主帶我翻山越嶺，
lyrics_yb_text/yb155.txt,14,里,主啊！你在哪里，,主啊！你在哪裏，,主啊！你在哪裏，
lyrics_yb_text/yb155.txt,16,里,主啊！你在哪里，,主啊！你在哪裏，,主啊！你在哪裏，
lyrics_yb_text/yb156.txt,6,恶,求你不计算我的恶，,求你不計算我的惡，,求你不計算我的惡，
lyrics_yb_text/yb157.txt,6,面,因你慈恩面容使我来就你。,因你慈恩面容使我來就你。,因你慈恩面容使我來就你。
lyrics_yb_text/yb157.txt,10,只,只为替我担一切过犯，,只為替我擔一切過犯，,只為替我擔一切過犯，
lyrics_yb_text/yb165.txt,6,历,历世历代隐藏神心奥秘，,歷世歷代隱藏神心奧祕，,歷世歷代隱藏神心奧祕，
lyrics_yb_text/yb165.txt,8,于,乃是关于神那经纶的启示。,乃是關於神那經綸的啟示。,乃是關於神那經綸的啓示。
lyrics_yb_text/yb165.txt,9,里,要在基督里,要在基督裏,要在基督裏
lyrics_yb_text/yb165.txt,10,借里,借着那灵分赐生命到我里，,藉著那靈分賜生命到我裏，,藉着那靈分賜生命到我裏，
lyrics_yb_text/yb165.txt,16,制,这该是管制我们生活的定律。,這該是管制我們生活的定律。,這該是管制我們生活的定律。
lyrics_yb_text/yb165.txt,19,志,心中立大志设大谋，,心中立大志設大謀，,心中立大志設大謀，
lyrics_yb_text/yb165.txt,25,志,正当我立志改善，,正當我立志改善，,正當我立志改善，
lyrics_yb_text/yb165.txt,26,尽,你前尽显愚顽。,你前盡顯愚頑。,你前盡顯愚頑。
lyrics_yb_text/yb165.txt,29,里,爱里立基生根，,愛裏立基生根，,愛裏立基生根，
lyrics_yb_text/yb166.txt,16,里,田野的走兽、海里的鱼儿、,田野的走獸、海裏的魚兒、,田野的走獸、海裏的魚兒、
lyrics_yb_text/yb167.txt,7,里,在我们的灵里，神儿子是生命实际；,在我們的靈裏，神兒子是生命實際；,在我們的靈裏，神兒子是生命實際；
lyrics_yb_text/yb167.txt,11,复里,在灵里事奉，同心带进新的复兴。,在靈裏事奉，同心帶進新的復興。,在靈裏事奉，同心帶進新的復興。
lyrics_yb_text/yb167.txt,27,借,借耶稣基督得以在生命中作王。,借耶穌基督得以在生命中作王。,借耶穌基督得以在生命中作王。
lyrics_yb_text/yb167.txt,30,复,亲爱的救主，你死与复活，,親愛的救主，你死與復活，,親愛的救主，你死與復活，
lyrics_yb_text/yb167.txt,31,干里,争战日子里，我们起来解你干渴；,爭戰日子裏，我們起來解你乾渴；,爭戰日子裏，我們起來解你乾渴；
lyrics_yb_text/yb170.txt,18,只,望斷我眼，使我只見主自己，,望斷我眼，使我只見主自己，,望斷我眼，使我只見主自己，
lyrics_yb_text/yb184.txt,2,台,新耶路撒冷－宇宙的灯台,新耶路撒冷－宇宙的燈臺,新耶路撒冷－宇宙的燈台
lyrics_yb_text/yb184.txt,6,尽,四周尽都是黑暗，日光月光也已隐藏，,四周盡都是黑暗，日光月光也已隱藏，,四周盡都是黑暗，日光月光也已隱藏，
lyrics_yb_text/yb184.txt,7,发台,惟见一金灯台竖立不变，始终灼灼在发亮；,惟見一金燈臺豎立不變，始終灼灼在發亮；,惟見一金燈台豎立不變，始終灼灼在發亮；
lyrics_yb_text/yb184.txt,8,发里,照耀在神帷幕里，也曾在圣殿里发光，,照耀在神帷幕裏，也曾在聖殿裏發光，,照耀在神帷幕裏，也曾在聖殿裏發光，
lyrics_yb_text/yb184.txt,15,征表,他是纯金所打造，表征神圣别性情，,他是純金所打造，表徵神聖別性情，,他是純金所打造，表徵神聖別性情，
lyrics_yb_text/yb184.txt,16,台表,像台子形状作子神预表，灯是灵神的说明；,像臺子形狀作子神預表，燈是靈神的說明；,像台子形狀作子神預表，燈是靈神的説明；
lyrics_yb_text/yb184.txt,21,台,这独一的金灯台，要在各地得着繁殖，,這獨一的金燈臺，要在各地得著繁殖，,這獨一的金燈台，要在各地得着繁殖，
lyrics_yb_text/yb184.txt,22,制复,众召会要如此建造起来，作三一神的复制；,眾召會要如此建造起來，作三一神的複製；,眾召會要如此建造起來，作三一神的複製；
lyrics_yb_text/yb187.txt,16,谷,我虽然行过死荫的幽谷,我雖然行過死蔭的幽谷,我雖然行過死蔭的幽谷
lyrics_yb_text/yb187.txt,20,面,在我敌人面前,在我敵人面前,在我敵人面前
lyrics_yb_text/yb188.txt,15,谷,我虽然行过，死荫的幽谷，,我雖然行過，死蔭的幽谷，,我雖然行過，死蔭的幽谷，
lyrics_yb_text/yb188.txt,19,面,在我敌人面前，,在我敵人面前，,在我敵人面前，
lyrics_yb_text/yb189.txt,6,里,一直以来，祢心里想着一件事；,一直以來，禰心裏想著一件事；,一直以來，禰心裏想着一件事；
lyrics_yb_text/yb189.txt,8,只,我只知道，我在流浪，我在朦胧。,我只知道，我在流浪，我在朦朧。,我只知道，我在流浪，我在朦朧。
lyrics_yb_text/yb189.txt,14,系,与人同居，建立永远关系。,與人同居，建立永遠關係。,與人同居，建立永遠關係。
lyrics_yb_text/yb189.txt,21,尽,藉着吃祢，生命我能尽享。,藉著喫禰，生命我能盡享。,藉着喫禰，生命我能盡享。
lyrics_yb_text/yb189.txt,24,系,藉结果子，将这奥秘关系蔓延。,藉結果子，將這奧祕關係蔓延。,藉結果子，將這奧祕關係蔓延。
lyrics_yb_text/yb189.txt,27,历里,住在爱里，不断地经历生命福。,住在愛裏，不斷地經歷生命福。,住在愛裏，不斷地經歷生命福。
lyrics_yb_text/yb189.txt,29,系,关系越深，越被建成一生机体。,關係越深，越被建成一生機體。,關係越深，越被建成一生機體。
lyrics_yb_text/yb189.txt,30,系,被话圣别，不属世界体系；,被話聖別，不屬世界體系；,被話聖別，不屬世界體系；
lyrics_yb_text/yb190.txt,8,系,梦境深处 天梯伫立，天地相系 主来亲切引领；,夢境深處 天梯佇立，天地相系 主來親切引領；,夢境深處 天梯佇立，天地相系 主來親切引領；
lyrics_yb_text/yb190.txt,19,只,夜无安息 与神角力，只求祝福 己意暴露无疑；,夜無安息 與神角力，只求祝福 己意暴露無疑；,夜無安息 與神角力，只求祝福 己意暴露無疑；
lyrics_yb_text/yb190.txt,20,借后尽,长夜终尽 旭日升起，我腿已瘸 此后借恩站立。,長夜終盡 旭日升起，我腿已瘸 此後借恩站立。,長夜終盡 旭日升起，我腿已瘸 此後借恩站立。
lyrics_yb_text/yb191.txt,7,于,神爱我们故事，实在难于领会。,神愛我們故事，實在難於領會。,神愛我們故事，實在難於領會。
lyrics_yb_text/yb192.txt,9,后,世途全弃，后路烧净。,世途全棄，後路燒淨。,世途全棄，後路燒淨。
lyrics_yb_text/yb192.txt,15,后,绝不后悔，走上这一程。,絕不後悔，走上這一程。,絕不後悔，走上這一程。
lyrics_yb_text/yb192.txt,21,于,饮于盟誓之井，活水涌流不已，,飲於盟誓之井，活水湧流不已，,飲於盟誓之井，活水湧流不已，
lyrics_yb_text/yb192.txt,29,后,当我疲倦退后，属天异梦临我：,當我疲倦退後，屬天異夢臨我：,當我疲倦退後，屬天異夢臨我：
lyrics_yb_text/yb192.txt,31,制尽,自怜己意尽脱，主手变化制作，,自憐己意盡脫，主手變化製作，,自憐己意盡脱，主手變化製作，
lyrics_yb_text/yb192.txt,39,余,开拓直到地极，分赐粮仓富余，,開拓直到地極，分賜糧倉富餘，,開拓直到地極，分賜糧倉富餘，
lyrics_yb_text/yb192.txt,41,于,忠于属天异象，在生命中作王；,忠於屬天異象，在生命中作王；,忠於屬天異象，在生命中作王；
lyrics_yb_text/yb193.txt,12,借,今借是灵和生命的话，,今借是靈和生命的話，,今借是靈和生命的話，
lyrics_yb_text/yb193.txt,16,复,我灵复苏，我心滋润，,我靈復甦，我心滋潤，,我靈復甦，我心滋潤，
lyrics_yb_text/yb193.txt,21,面,如此享受保存在神面前，,如此享受保存在神面前，,如此享受保存在神面前，
lyrics_yb_text/yb194.txt,12,复,钉死、复活，成那灵，将人圣别、重生。,釘死、復活，成那靈，將人聖別、重生。,釘死、復活，成那靈，將人聖別、重生。
lyrics_yb_text/yb194.txt,13,里,人竟成祂配偶，有祂生命、性情，爱里作祂扩增，,人竟成祂配偶，有祂生命、性情，愛裏作祂擴增，,人竟成祂配偶，有祂生命、性情，愛裏作祂擴增，
lyrics_yb_text/yb194.txt,18,里,祂在不移爱里，却来寻找、眷顾。,祂在不移愛裏，卻來尋找、眷顧。,祂在不移愛裏，卻來尋找、眷顧。
lyrics_yb_text/yb194.txt,23,恶,我陷罪恶桎梏，祂来将我救赎；,我陷罪惡桎梏，祂來將我救贖；,我陷罪惡桎梏，祂來將我救贖；
lyrics_yb_text/yb194.txt,24,复,钉死偿我罪债，复活作我永福。,釘死償我罪債，復活作我永福。,釘死償我罪債，復活作我永福。
lyrics_yb_text/yb194.txt,31,复,得着宇宙至宝，我心夫复何求？,得著宇宙至寶，我心夫復何求？,得着宇宙至寶，我心夫復何求？
lyrics_yb_text/yb194.txt,32,只,只愿爱祂、事祂，与祂同乐同忧。,只願愛祂、事祂，與祂同樂同憂。,只願愛祂、事祂，與祂同樂同憂。
lyrics_yb_text/yb199.txt,11,只,只要合祢心意，我愿所有都放弃，,只要合禰心意，我願所有都放棄，,只要合禰心意，我願所有都放棄，
lyrics_yb_text/yb199.txt,12,只,只叫祢的旨意能畅行。,只叫禰的旨意能暢行。,只叫禰的旨意能暢行。
lyrics_yb_text/yb199.txt,14,准,才准许我受这样的伤痛，,纔准許我受這樣的傷痛，,纔准許我受這樣的傷痛，
lyrics_yb_text/yb199.txt,20,里,安稳在祢所赐平安里。,安穩在禰所賜平安裏。,安穩在禰所賜平安裏。
lyrics_yb_text/yb200.txt,11,于,起来，望断及于奖赏，所有虚假埋葬，,起來，望斷及於獎賞，所有虛假埋葬，,起來，望斷及於獎賞，所有虛假埋葬，
lyrics_yb_text/yb200.txt,12,准,过河的人没有懊悔彷徨，因异象定准目光；,過河的人沒有懊悔彷徨，因異象定準目光；,過河的人沒有懊悔彷徨，因異象定準目光；
lyrics_yb_text/yb200.txt,18,致,时常眷临，且暗中保守，使我不致蒙羞。,時常眷臨，且暗中保守，使我不致蒙羞。,時常眷臨，且暗中保守，使我不致蒙羞。
lyrics_yb_text/yb200.txt,25,后,全是恩典，我所凭倚，生出应许后裔；,全是恩典，我所憑倚，生出應許後裔；,全是恩典，我所憑倚，生出應許後裔；
lyrics_yb_text/yb201.txt,8,发,"看哪!庄稼已发白,谁愿收割，","看哪!莊稼已發白,誰願收割，","看哪!莊稼已發白,誰願收割，"
lyrics_yb_text/yb201.txt,12,志,心中定大志，为主耶稣活着;,心中定大志，為主耶穌活著;,心中定大志，為主耶穌活着;
lyrics_yb_text/yb201.txt,17,台,开展至会地，闪耀灯台建立，,開展至會地，閃耀燈臺建立，,開展至會地，閃耀燈台建立，
lyrics_yb_text/yb201.txt,21,里,我们在这里，不断接受分赐，,我們在這裏，不斷接受分賜，,我們在這裏，不斷接受分賜，
lyrics_yb_text/yb201.txt,25,里,过团体生活，爱里扶持相倚，,過團體生活，愛裏扶持相倚，,過團體生活，愛裏扶持相倚，
lyrics_yb_text/yb203.txt,15,里,在主里我找到这地方，那里光是多么明亮，,在主裏我找到這地方，那裏光是多麼明亮，,在主裏我找到這地方，那裏光是多麼明亮，
lyrics_yb_text/yb204.txt,7,系,"属天香气系我们一起,","屬天香氣系我們一起,","屬天香氣系我們一起,"
lyrics_yb_text/yb204.txt,22,里,再 能 彼 此 享 受 享 受 享 受 享 受 在 爱 里。,再 能 彼 此 享 受 享 受 享 受 享 受 在 愛 裏。,再 能 彼 此 享 受 享 受 享 受 享 受 在 愛 裏。
lyrics_yb_text/yb205.txt,16,复,同一个异象教会复兴合一，,同一個異象教會復興合一，,同一個異象教會復興合一，
lyrics_yb_text/yb206.txt,6,里,感谢你，让我来到这里，一路上是你养育顾惜，,感謝你，讓我來到這裏，一路上是你養育顧惜，,感謝你，讓我來到這裏，一路上是你養育顧惜，
lyrics_yb_text/yb206.txt,8,只,原谅我有时只顾自己，不够体贴你每个心意。,原諒我有時只顧自己，不夠體貼你每個心意。,原諒我有時只顧自己，不夠體貼你每個心意。
lyrics_yb_text/yb206.txt,9,后,请相信这路荣耀无比，我不后悔也不觉可惜，,請相信這路榮耀無比，我不後悔也不覺可惜，,請相信這路榮耀無比，我不後悔也不覺可惜，
lyrics_yb_text/yb206.txt,10,余,能将我青春奉献无余，为着神那更高的目的！,能將我青春奉獻無餘，為著神那更高的目的！,能將我青春奉獻無餘，為着神那更高的目的！
lyrics_yb_text/yb206.txt,13,里,感谢你，陪我走过这里，每一天因此充满回忆：,感謝你，陪我走過這裏，每一天因此充滿回憶：,感謝你，陪我走過這裏，每一天因此充滿回憶：
lyrics_yb_text/yb206.txt,16,历,更一同有分祂的胜利，经历真正的同心合意。,更一同有分祂的勝利，經歷真正的同心合意。,更一同有分祂的勝利，經歷真正的同心合意。
lyrics_yb_text/yb206.txt,20,历里,感谢你，当我离开这里，带着你给我宝贵经历，,感謝你，當我離開這裏，帶著你給我寶貴經歷，,感謝你，當我離開這裏，帶着你給我寶貴經歷，
lyrics_yb_text/yb206.txt,22,制,深愿你变化制作不已，成全我直到如你所期。,深願你變化製作不已，成全我直到如你所期。,深願你變化製作不已，成全我直到如你所期。
lyrics_yb_text/yb206.txt,24,里,我要把我的爱情给你，哦，主耶稣，无论在哪里！,我要把我的愛情給你，哦，主耶穌，無論在哪裏！,我要把我的愛情給你，哦，主耶穌，無論在哪裏！
lyrics_yb_text/yb208.txt,2,发,出发!前往全地,出發!前往全地,出發!前往全地
lyrics_yb_text/yb208.txt,6,云,如火云彩上升，我们夜中儆醒，,如火雲彩上升，我們夜中儆醒，,如火雲彩上升，我們夜中儆醒，
lyrics_yb_text/yb208.txt,9,发,出发！上去应许之地。,出發！上去應許之地。,出發！上去應許之地。
lyrics_yb_text/yb208.txt,18,发,圣灵亲自发起，不凭组织人意，,聖靈親自發起，不憑組織人意，,聖靈親自發起，不憑組織人意，
lyrics_yb_text/yb208.txt,21,于尽,传统尽弃，忠于异象不移。,傳統盡棄，忠於異象不移。,傳統盡棄，忠於異象不移。
lyrics_yb_text/yb208.txt,30,面,终极局面，我们已经看见；,終極局面，我們已經看見；,終極局面，我們已經看見；
lyrics_yb_text/yb209.txt,2,历,经历基督－祂的带领,經歷基督－祂的帶領,經歷基督－祂的帶領
lyrics_yb_text/yb209.txt,27,里,坐在天域，灵里自由享安息；,坐在天域，靈裏自由享安息；,坐在天域，靈裏自由享安息；
lyrics_yb_text/yb210.txt,18,征,爱你一生，蒙召编组成军出征，,愛你一生，蒙召編組成軍出征，,愛你一生，蒙召編組成軍出征，
lyrics_yb_text/yb210.txt,20,复,建立国度，收复全地。,建立國度，收復全地。,建立國度，收復全地。
lyrics_yb_text/yb210.txt,26,面,离开你面，何等无力，,離開你面，何等無力，,離開你面，何等無力，
lyrics_yb_text/yb210.txt,36,丑,依旧丑陋，依旧怪癖，,依舊醜陋，依舊怪癖，,依舊醜陋，依舊怪癖，
lyrics_yb_text/yb210.txt,43,系,我是华骄，让你乘系，,我是華驕，讓你乘系，,我是華驕，讓你乘系，
lyrics_yb_text/yb216.txt,21,发,葡萄发芽开花，石榴放蕊，,葡萄發芽開花，石榴放蕊，,葡萄發芽開花，石榴放蕊，
lyrics_yb_text/yb216.txt,22,里,在那里将爱情献给你。,在那裏將愛情獻給你。,在那裏將愛情獻給你。
lyrics_yb_text/yb216.txt,26,于,带臂是如戳记，永远属于你，,帶臂是如戳記，永遠屬於你，,帶臂是如戳記，永遠屬於你，
lyrics_yb_text/yb217.txt,8,借里,你要亲来内住人里，与人联借调和为一，,你要親來內住人裏，與人聯借調和為一，,你要親來內住人裏，與人聯借調和為一，
lyrics_yb_text/yb217.txt,9,后,接着“基督”－应许后裔-神人互住，家室建立。,接著“基督”－應許後裔-神人互住，家室建立。,接着“基督”－應許後裔-神人互住，家室建立。
lyrics_yb_text/yb217.txt,19,复尽,脱尽肉体，天然桎梏，死而复活，生命流露。,脫盡肉體，天然桎梏，死而復活，生命流露。,脱盡肉體，天然桎梏，死而復活，生命流露。
lyrics_yb_text/yb218.txt,2,里,瓦器里有宝贝,瓦器裏有寶貝,瓦器裏有寶貝
lyrics_yb_text/yb218.txt,6,于,蒙你拣选，听你召呼，此生价值在于遇见我主。,蒙你揀選，聽你召呼，此生價值在於遇見我主。,蒙你揀選，聽你召呼，此生價值在於遇見我主。
lyrics_yb_text/yb218.txt,7,尽,年幼如我，油然生羡慕，作你器皿，尽显你的丰富。,年幼如我，油然生羨慕，作你器皿，盡顯你的豐富。,年幼如我，油然生羨慕，作你器皿，盡顯你的豐富。
lyrics_yb_text/yb218.txt,12,里,从我活出你生命超越，见证瓦器里有宝贝！,從我活出你生命超越，見證瓦器裏有寶貝！,從我活出你生命超越，見證瓦器裏有寶貝！
lyrics_yb_text/yb218.txt,15,里,奇妙宝贝藏瓦器里，显出属神超越、浩大能力；,奇妙寶貝藏瓦器裏，顯出屬神超越、浩大能力；,奇妙寶貝藏瓦器裏，顯出屬神超越、浩大能力；
lyrics_yb_text/yb218.txt,16,面,你面光中我愿常驻留，与你更亲，此外别无所求。,你面光中我願常駐留，與你更親，此外別無所求。,你面光中我願常駐留，與你更親，此外別無所求。
lyrics_yb_text/yb218.txt,17,复,重压、绝路、逼迫、击打，无非为使复活生命开花；,重壓、絕路、逼迫、擊打，無非為使復活生命開花；,重壓、絕路、逼迫、擊打，無非為使復活生命開花；
lyrics_yb_text/yb218.txt,22,只,贵重器皿合乎你使用，无论何地，只愿同你行动。,貴重器皿合乎你使用，無論何地，只願同你行動。,貴重器皿合乎你使用，無論何地，只願同你行動。
lyrics_yb_text/yb218.txt,28,只,倾倒爱情，使膏香盈溢，忠勇争战，只为我神权益。,傾倒愛情，使膏香盈溢，忠勇爭戰，只為我神權益。,傾倒愛情，使膏香盈溢，忠勇爭戰，只為我神權益。
lyrics_yb_text/yb218.txt,29,复,活力、繁增照神命定，同心实行，带进新的复兴；,活力、繁增照神命定，同心實行，帶進新的復興；,活力、繁增照神命定，同心實行，帶進新的復興；
lyrics_yb_text/yb22.txt,7,里,哦主，求你让火挑旺在我灵里，,哦主，求你讓火挑旺在我靈裏，,哦主，求你讓火挑旺在我靈裏，
lyrics_yb_text/yb22.txt,11,里,哦求你永远地将宝座安在我里，,哦求你永遠地將寶座安在我裏，,哦求你永遠地將寶座安在我裏，
lyrics_yb_text/yb22.txt,12,尽,甚至用尽永世无法述尽，你爱的神奇。,甚至用盡永世無法述盡，你愛的神奇。,甚至用盡永世無法述盡，你愛的神奇。
lyrics_yb_text/yb220.txt,6,里,终能投身训练水流里，,終能投身訓練水流裏，,終能投身訓練水流裏，
lyrics_yb_text/yb220.txt,14,志,心志得加强，坚定不移。,心志得加強，堅定不移。,心志得加強，堅定不移。
lyrics_yb_text/yb220.txt,23,谷,陪我走过低谷，进入泉源地；,陪我走過低谷，進入泉源地；,陪我走過低谷，進入泉源地；
lyrics_yb_text/yb220.txt,28,后里,从今后无论去到哪里，,從今後無論去到哪裏，,從今後無論去到哪裏，
lyrics_yb_text/yb221.txt,9,志,立志为善非我为主，才知生命稚嫩缺如。,立志為善非我為主，纔知生命稚嫩缺如。,立志為善非我為主，纔知生命稚嫩缺如。
lyrics_yb_text/yb221.txt,12,里面, 在我里面供应无穷。, 在我裏面供應無窮。, 在我裏面供應無窮。
lyrics_yb_text/yb221.txt,13,尽, 属地羁绊，一切尽脱，, 屬地羈絆，一切盡脫，, 屬地羈絆，一切盡脱，
lyrics_yb_text/yb221.txt,17,历,全备之灵丰富供应，使我经过生命历程；,全備之靈豐富供應，使我經過生命歷程；,全備之靈豐富供應，使我經過生命歷程；
lyrics_yb_text/yb221.txt,18,制,环境对付限制约束，为要引我主前倾吐.,環境對付限制約束，為要引我主前傾吐.,環境對付限制約束，為要引我主前傾吐.
lyrics_yb_text/yb221.txt,19,复,十架破碎除去我己，复活生命供我能力；,十架破碎除去我己，復活生命供我能力；,十架破碎除去我己，復活生命供我能力；
lyrics_yb_text/yb221.txt,20,借,现今活着不再是我，借信联结与祂同活。,現今活著不再是我，借信聯結與祂同活。,現今活着不再是我，借信聯結與祂同活。
lyrics_yb_text/yb221.txt,25,尽,同心配搭各尽功用，建造基督生机身体；,同心配搭各盡功用，建造基督生機身體；,同心配搭各盡功用，建造基督生機身體；
lyrics_yb_text/yb222.txt,8,尽,受尽藐视弃嫌，窄门狭路受限，,受盡藐視棄嫌，窄門狹路受限，,受盡藐視棄嫌，窄門狹路受限，
lyrics_yb_text/yb222.txt,12,历尽,从马槽到十架，为爱我历尽艰难。,從馬槽到十架，為愛我歷盡艱難。,從馬槽到十架，為愛我歷盡艱難。
lyrics_yb_text/yb222.txt,13,里,住我里同生活，何等亲密 何甘甜。,住我裏同生活，何等親密 何甘甜。,住我裏同生活，何等親密 何甘甜。
lyrics_yb_text/yb222.txt,15,复,新复兴，新天地，新人颂新诗 新篇。,新復興，新天地，新人頌新詩 新篇。,新復興，新天地，新人頌新詩 新篇。
lyrics_yb_text/yb222.txt,20,获,慈声荣颜暂隐，困乏无获海边。,慈聲榮顏暫隱，困乏無獲海邊。,慈聲榮顏暫隱，困乏無獲海邊。
lyrics_yb_text/yb222.txt,27,复,新复兴，新天地，新人颂新诗 新篇。,新復興，新天地，新人頌新詩 新篇。,新復興，新天地，新人頌新詩 新篇。
lyrics_yb_text/yb222.txt,36,只,心单纯 灵正直，只为你心意实现。,心單純 靈正直，只為你心意實現。,心單純 靈正直，只為你心意實現。
lyrics_yb_text/yb222.txt,39,复,新复兴，新天地，新人颂新诗 新篇。,新復興，新天地，新人頌新詩 新篇。,新復興，新天地，新人頌新詩 新篇。
lyrics_yb_text/yb222.txt,42,后,碎玉瓶断后桥，枉费决绝祭坛。,碎玉瓶斷後橋，枉費決絕祭壇。,碎玉瓶斷後橋，枉費決絕祭壇。
lyrics_yb_text/yb222.txt,50,复,新复兴，新天地，新人颂新诗 新篇。,新復興，新天地，新人頌新詩 新篇。,新復興，新天地，新人頌新詩 新篇。
lyrics_yb_text/yb222.txt,51,复,新复兴，新天地，新人颂新诗 新篇。,新復興，新天地，新人頌新詩 新篇。,新復興，新天地，新人頌新詩 新篇。
lyrics_yb_text/yb223.txt,6,尽面,雅博岸边，道路的尽头，面对面，我遇见了你。,雅博岸邊，道路的盡頭，面對面，我遇見了你。,雅博岸邊，道路的盡頭，面對面，我遇見了你。
lyrics_yb_text/yb223.txt,8,里,你说你必同在，无论我往哪里，,你說你必同在，無論我往哪裏，,你説你必同在，無論我往哪裏，
lyrics_yb_text/yb223.txt,11,只,你仍赐福照你心意，只为那夜你曾应许。,你仍賜福照你心意，只為那夜你曾應許。,你仍賜福照你心意，只為那夜你曾應許。
lyrics_yb_text/yb226.txt,10,里面,藉着祂灵用大能，加强到里面，,藉著祂靈用大能，加強到裏面，,藉着祂靈用大能，加強到裏面，
lyrics_yb_text/yb226.txt,17,里,基督里，赐平安，超过我所愿。,基督裏，賜平安，超過我所願。,基督裏，賜平安，超過我所願。
lyrics_yb_text/yb226.txt,24,里,瓦器里有宝贝，显明神能力，,瓦器裏有寶貝，顯明神能力，,瓦器裏有寶貝，顯明神能力，
lyrics_yb_text/yb226.txt,25,于,为耶稣交于死，生命才显现；,為耶穌交於死，生命纔顯現；,為耶穌交於死，生命纔顯現；
lyrics_yb_text/yb227.txt,10,尽,无尽的祷告日夜相伴着；,無盡的禱告日夜相伴著；,無盡的禱告日夜相伴着；
lyrics_yb_text/yb227.txt,12,历,有时经历在旷野漂泊，,有時經歷在曠野漂泊，,有時經歷在曠野漂泊，
lyrics_yb_text/yb228.txt,10,尽,缠累尽弃，要得上好，,纏累盡棄，要得上好，,纏累盡棄，要得上好，
lyrics_yb_text/yb228.txt,11,发后里,不后悔 ─ 灵里发旺，坛火焚烧！,不後悔 ─ 靈裏發旺，壇火焚燒！,不後悔 ─ 靈裏發旺，壇火焚燒！
lyrics_yb_text/yb228.txt,16,借,借祂信心灌注， 轻看羞辱。,借祂信心灌注， 輕看羞辱。,借祂信心灌注， 輕看羞辱。
lyrics_yb_text/yb228.txt,17,准,"建造异象定准脚步,愿忠信顺服；","建造異象定準腳步,願忠信順服；","建造異象定準腳步,願忠信順服；"
lyrics_yb_text/yb228.txt,23,于,望断于主重担脱；,望斷於主重擔脫；,望斷於主重擔脱；
lyrics_yb_text/yb228.txt,30,云系里,云彩围绕，爱里相系，,雲彩圍繞，愛裏相系，,雲彩圍繞，愛裏相系，
lyrics_yb_text/yb228.txt,40,台,栽植灯台，建造身体，,栽植燈臺，建造身體，,栽植燈台，建造身體，
lyrics_yb_text/yb228.txt,41,后尽里,最后一里尽全力。,最後一里盡全力。,最後一里盡全力。
lyrics_yb_text/yb229.txt,12,面,操练我灵，享受你的所是，寻求上面回应你的职事,操練我靈，享受你的所是，尋求上面回應你的職事,操練我靈，享受你的所是，尋求上面回應你的職事
lyrics_yb_text/yb229.txt,13,志,主啊！不断扩大我的度量，你的定旨作我志向。,主啊！不斷擴大我的度量，你的定旨作我志向。,主啊！不斷擴大我的度量，你的定旨作我志向。
lyrics_yb_text/yb229.txt,19,于复,繁殖复活，基督自己，神国实际今显于地。,繁殖復活，基督自己，神國實際今顯於地。,繁殖復活，基督自己，神國實際今顯於地。
lyrics_yb_text/yb229.txt,21,里,照神牧养活在调和灵里，财物、生命不在吝惜，,照神牧養活在調和靈裏，財物、生命不在吝惜，,照神牧養活在調和靈裏，財物、生命不在吝惜，
lyrics_yb_text/yb229.txt,22,只,认识我们乃是一个身体，同心合意只为基督身体！,認識我們乃是一個身體，同心合意只為基督身體！,認識我們乃是一個身體，同心合意只為基督身體！
lyrics_yb_text/yb229.txt,27,于,你是天上帐幕 执事，新约遗赠，应用于灵；,你是天上帳幕 執事，新約遺贈，應用於靈；,你是天上帳幕 執事，新約遺贈，應用於靈；
lyrics_yb_text/yb229.txt,29,历,出到营外，进入幔内，美德、经历都为召会；,出到營外，進入幔內，美德、經歷都為召會；,出到營外，進入幔內，美德、經歷都為召會；
lyrics_yb_text/yb229.txt,32,于里,望断属地一切以及于你，宝贵信心，灌输我里；,望斷屬地一切以及於你，寶貴信心，灌輸我裏；,望斷屬地一切以及於你，寶貴信心，灌輸我裏；
lyrics_yb_text/yb229.txt,34,里,主啊！天天加增我的信心，行完路程，进荣耀里。,主啊！天天加增我的信心，行完路程，進榮耀裏。,主啊！天天加增我的信心，行完路程，進榮耀裏。
lyrics_yb_text/yb23.txt,11,谷,虽然我行过幽谷，也不怕遭害，,雖然我行過幽谷，也不怕遭害，,雖然我行過幽谷，也不怕遭害，
lyrics_yb_text/yb23.txt,13,面,在我敌人的面前摆设了筵席，,在我敵人的面前擺設了筵席，,在我敵人的面前擺設了筵席，
lyrics_yb_text/yb230.txt,7,里,来吧 上到这里的声音何响亮，,來吧 上到這裏的聲音何響亮，,來吧 上到這裏的聲音何響亮，
lyrics_yb_text/yb230.txt,8,于里,于是团体圣徒在灵里坐天上，,於是團體聖徒在靈裏坐天上，,於是團體聖徒在靈裏坐天上，
lyrics_yb_text/yb230.txt,13,复,浸透全人并得着人带进复兴，,浸透全人並得著人帶進復興，,浸透全人並得着人帶進復興，
lyrics_yb_text/yb230.txt,15,里,每一滴每一滴渗透到根里。,每一滴每一滴滲透到根裏。,每一滴每一滴滲透到根裏。
lyrics_yb_text/yb230.txt,18,于,滚滚水流源于那天上宝座，,滾滾水流源於那天上寶座，,滾滾水流源於那天上寶座，
lyrics_yb_text/yb230.txt,20,借里,借着众人基督升天里祷告，,藉著眾人基督升天裏禱告，,藉着眾人基督升天裏禱告，
lyrics_yb_text/yb230.txt,26,余,利用余暇空隙祷告，并录音，,利用餘暇空隙禱告，並錄音，,利用餘暇空隙禱告，並錄音，
lyrics_yb_text/yb230.txt,27,于,众人聆听有分于属天的享受。,眾人聆聽有分於屬天的享受。,眾人聆聽有分於屬天的享受。
lyrics_yb_text/yb230.txt,30,于,即使多年未能有分于聚会，,即使多年未能有分於聚會，,即使多年未能有分於聚會，
lyrics_yb_text/yb230.txt,32,只,只要不住的阿们！阿利路亚！,只要不住的阿們！阿利路亞！,只要不住的阿們！阿利路亞！
lyrics_yb_text/yb230.txt,33,复,每天如此行就能得着复兴。,每天如此行就能得著復興。,每天如此行就能得着復興。
lyrics_yb_text/yb230.txt,37,借,借着彼此代祷来脱离自己，,藉著彼此代禱來脫離自己，,藉着彼此代禱來脱離自己，
lyrics_yb_text/yb230.txt,43,只,只要打开手机对着祷告就可以，,只要打開手機對著禱告就可以，,只要打開手機對着禱告就可以，
lyrics_yb_text/yb230.txt,44,里,同在灵里 甜美联结在一起，,同在靈裏 甜美聯結在一起，,同在靈裏 甜美聯結在一起，
lyrics_yb_text/yb230.txt,55,里面,手机里面传来属天的广播，,手機裏面傳來屬天的廣播，,手機裏面傳來屬天的廣播，
lyrics_yb_text/yb231.txt,9,志,性格、心志身体事奉。,性格、心志身體事奉。,性格、心志身體事奉。
lyrics_yb_text/yb231.txt,10,于,我们被构成，来有分于传承，,我們被構成，來有分於傳承，,我們被構成，來有分於傳承，
lyrics_yb_text/yb231.txt,11,干,成为甘露，解主干渴，,成為甘露，解主乾渴，,成為甘露，解主乾渴，
lyrics_yb_text/yb231.txt,15,复,祷言背讲，晨晨复兴；,禱言背講，晨晨復興；,禱言背講，晨晨復興；
lyrics_yb_text/yb231.txt,17,里,主是那灵，今活我里；,主是那靈，今活我裏；,主是那靈，今活我裏；
lyrics_yb_text/yb231.txt,18,里,基督自己，我里成形，,基督自己，我裏成形，,基督自己，我裏成形，
lyrics_yb_text/yb231.txt,21,借,借话洗涤，显主美丽。,借話洗滌，顯主美麗。,借話洗滌，顯主美麗。
lyrics_yb_text/yb231.txt,25,志,受苦心志，榜样奠定；,受苦心志，榜樣奠定；,受苦心志，榜樣奠定；
lyrics_yb_text/yb232.txt,9,面,微光上升，逐渐明显，羡慕活你面前。,微光上升，逐漸明顯，羨慕活你面前。,微光上升，逐漸明顯，羨慕活你面前。
lyrics_yb_text/yb232.txt,13,只里,今世里蒙召；只为主所需要。,今世裏蒙召；只為主所需要。,今世裏蒙召；只為主所需要。
lyrics_yb_text/yb232.txt,14,只,伯法其的驴，只为主而活，,伯法其的驢，只為主而活，,伯法其的驢，只為主而活，
lyrics_yb_text/yb232.txt,21,云,我时蒙昧，乌云蔽天，你来开我心眼；,我時蒙昧，烏雲蔽天，你來開我心眼；,我時蒙昧，烏雲蔽天，你來開我心眼；
lyrics_yb_text/yb232.txt,26,恶,是你厌恶，将我丢弃？ 还是别有用意？,是你厭惡，將我丟棄？ 還是別有用意？,是你厭惡，將我丟棄？ 還是別有用意？
lyrics_yb_text/yb232.txt,27,只,只能等待，深处叹息，求你除去遮蔽；,只能等待，深處歎息，求你除去遮蔽；,只能等待，深處歎息，求你除去遮蔽；
lyrics_yb_text/yb234.txt,6,于,为今日神的旨意，主你行动显于全地，,為今日神的旨意，主你行動顯於全地，,為今日神的旨意，主你行動顯於全地，
lyrics_yb_text/yb234.txt,10,复,作时代青年，要承接主恢复将来，,作時代青年，要承接主恢復將來，,作時代青年，要承接主恢復將來，
lyrics_yb_text/yb234.txt,13,复里,荣耀的复兴，在我里升起。,榮耀的復興，在我裏升起。,榮耀的復興，在我裏升起。
lyrics_yb_text/yb235.txt,7,里,自古深藏在祂心里？,自古深藏在祂心裏？,自古深藏在祂心裏？
lyrics_yb_text/yb235.txt,23,借,借祂分赐，供应无穷，,借祂分賜，供應無窮，,借祂分賜，供應無窮，
lyrics_yb_text/yb235.txt,29,恶,我犹罪人，与祂爲敌，恶贯满盈...,我猶罪人，與祂為敵，惡貫滿盈...,我猶罪人，與祂為敵，惡貫滿盈...
lyrics_yb_text/yb235.txt,30,历尽,祂竟亲来历尽苦痛，,祂竟親來歷盡苦痛，,祂竟親來歷盡苦痛，
lyrics_yb_text/yb236.txt,6,里,主阿，我在灵里，享受你的甜美，,主阿，我在靈裏，享受你的甜美，,主阿，我在靈裏，享受你的甜美，
lyrics_yb_text/yb236.txt,7,尽,好似无尽的甘泉，涌流我心扉；,好似無盡的甘泉，湧流我心扉；,好似無盡的甘泉，湧流我心扉；
lyrics_yb_text/yb236.txt,15,里,主阿，我在灵里，聆听你的声音，,主阿，我在靈裏，聆聽你的聲音，,主阿，我在靈裏，聆聽你的聲音，
lyrics_yb_text/yb236.txt,21,里,主阿，我在灵里，高声呼唤你名，,主阿，我在靈裏，高聲呼喚你名，,主阿，我在靈裏，高聲呼喚你名，
lyrics_yb_text/yb236.txt,24,尽,幽暗阴霾尽除，当你光放明。,幽暗陰霾盡除，當你光放明。,幽暗陰霾盡除，當你光放明。
lyrics_yb_text/yb236.txt,27,里,主阿，我在灵里，向你倾心吐意，,主阿，我在靈裏，向你傾心吐意，,主阿，我在靈裏，向你傾心吐意，
lyrics_yb_text/yb236.txt,30,余,凡是得胜有余，因你爱不移。,凡是得勝有餘，因你愛不移。,凡是得勝有餘，因你愛不移。
lyrics_yb_text/yb237.txt,11,里,回到祢里就有亮光！,回到禰裏就有亮光！,回到禰裏就有亮光！
lyrics_yb_text/yb237.txt,28,里,回到灵里，接受祢供应，,回到靈裏，接受禰供應，,回到靈裏，接受禰供應，
lyrics_yb_text/yb237.txt,31,干,干涸变成泉源之地！,乾涸變成泉源之地！,乾涸變成泉源之地！
lyrics_yb_text/yb237.txt,33,复,复活馨香就能常漫溢！,復活馨香就能常漫溢！,復活馨香就能常漫溢！
lyrics_yb_text/yb237.txt,38,里,安家祢里，使我心安宁，,安家禰裏，使我心安寧，,安家禰裏，使我心安寧，
lyrics_yb_text/yb237.txt,41,里,安然躺卧在祢怀里！,安然躺臥在禰懷裏！,安然躺卧在禰懷裏！
lyrics_yb_text/yb237.txt,43,里,住在祢里享受真安息！,住在禰裏享受真安息！,住在禰裏享受真安息！
lyrics_yb_text/yb237.txt,48,尽,最亲的人难有事尽敞，,最親的人難有事盡敞，,最親的人難有事盡敞，
lyrics_yb_text/yb239.txt,2,里,我往那里去 躲避你的灵,我往那裏去 躲避你的靈,我往那裏去 躲避你的靈
lyrics_yb_text/yb239.txt,5,里,我往哪里去躲避你的灵？,我往哪裏去躲避你的靈？,我往哪裏去躲避你的靈？
lyrics_yb_text/yb239.txt,6,里面,我往哪里逃躲避你的面？,我往哪裏逃躲避你的面？,我往哪裏逃躲避你的面？
lyrics_yb_text/yb239.txt,7,里,我若升到天上，你在那里；,我若升到天上，你在那裏；,我若升到天上，你在那裏；
lyrics_yb_text/yb239.txt,8,里,我若在阴间下榻，你也在那里。,我若在陰間下榻，你也在那裏。,我若在陰間下榻，你也在那裏。
lyrics_yb_text/yb239.txt,10,里,就是在那里，你的手也必引导我，,就是在那裏，你的手也必引導我，,就是在那裏，你的手也必引導我，
lyrics_yb_text/yb239.txt,15,发,黑夜必如白昼发亮；,黑夜必如白晝發亮；,黑夜必如白晝發亮；
lyrics_yb_text/yb240.txt,15,发,若是你投身在其间，你一定会发现。,若是你投身在其間，你一定會發現。,若是你投身在其間，你一定會發現。
lyrics_yb_text/yb240.txt,21,发,我 命我爱全都献上，在此发旺不已。,我 命我愛全都獻上，在此發旺不已。,我 命我愛全都獻上，在此發旺不已。
lyrics_yb_text/yb240.txt,24,里,欢迎你到这里，神与人的乐园，,歡迎你到這裏，神與人的樂園，,歡迎你到這裏，神與人的樂園，
lyrics_yb_text/yb240.txt,25,尽,尽情来享受，处处都是恩典；,盡情來享受，處處都是恩典；,盡情來享受，處處都是恩典；
lyrics_yb_text/yb240.txt,27,里,从 此你会爱上这里，同样喜欢伊甸。,從 此你會愛上這裏，同樣喜歡伊甸。,從 此你會愛上這裏，同樣喜歡伊甸。
lyrics_yb_text/yb241.txt,6,里,这是奇妙的旅程，从未想过来这里，,這是奇妙的旅程，從未想過來這裏，,這是奇妙的旅程，從未想過來這裏，
lyrics_yb_text/yb241.txt,7,里面,初次见面的疑虑，在你的爱里消弭，,初次見面的疑慮，在你的愛裏消弭，,初次見面的疑慮，在你的愛裏消弭，
lyrics_yb_text/yb241.txt,16,里,在心里有深深慰藉，因有基督同身体，,在心裏有深深慰藉，因有基督同身體，,在心裏有深深慰藉，因有基督同身體，
lyrics_yb_text/yb241.txt,17,历,求更多经历你自己，主加我恩力.,求更多經歷你自己，主加我恩力.,求更多經歷你自己，主加我恩力.
lyrics_yb_text/yb241.txt,18,里,在心里深深慰藉，因有基督同身体，,在心裏深深慰藉，因有基督同身體，,在心裏深深慰藉，因有基督同身體，
lyrics_yb_text/yb241.txt,19,历,求更多经历你自己，主加我恩力.,求更多經歷你自己，主加我恩力.,求更多經歷你自己，主加我恩力.
lyrics_yb_text/yb241.txt,24,历里,主给我们奇妙经历，校园里孕育奇迹，,主給我們奇妙經歷，校園裏孕育奇蹟，,主給我們奇妙經歷，校園裏孕育奇蹟，
lyrics_yb_text/yb241.txt,26,历里,主给我们奇妙经历，校园里孕育奇迹，,主給我們奇妙經歷，校園裏孕育奇蹟，,主給我們奇妙經歷，校園裏孕育奇蹟，
lyrics_yb_text/yb242.txt,6,复,黑暗世代主需要有人恢复圣经真理，,黑暗世代主需要有人恢復聖經真理，,黑暗世代主需要有人恢復聖經真理，
lyrics_yb_text/yb242.txt,28,于,望断一切及于耶稣，等候主来，预备新妇。,望斷一切及於耶穌，等候主來，預備新婦。,望斷一切及於耶穌，等候主來，預備新婦。
lyrics_yb_text/yb243.txt,8,尽,在我身上数不尽的恩典稀奇,在我身上數不盡的恩典稀奇,在我身上數不盡的恩典稀奇
lyrics_yb_text/yb243.txt,10,历,我主为我经历人世坎坷,我主為我經歷人世坎坷,我主為我經歷人世坎坷
lyrics_yb_text/yb243.txt,30,尽,尽心尽意不再保留,盡心盡意不再保留,盡心盡意不再保留
lyrics_yb_text/yb243.txt,31,只,我爱我主只愿与祂联结,我愛我主只願與祂聯結,我愛我主只願與祂聯結
lyrics_yb_text/yb243.txt,32,尽,尽其所能奉献所有,盡其所能奉獻所有,盡其所能奉獻所有
lyrics_yb_text/yb244.txt,2,里,这里是活神的家,這裏是活神的家,這裏是活神的家
lyrics_yb_text/yb244.txt,8,发,直到遇见你们，彼此相顾惜，激发纯洁爱；,直到遇見你們，彼此相顧惜，激發純潔愛；,直到遇見你們，彼此相顧惜，激發純潔愛；
lyrics_yb_text/yb244.txt,12,制复,被掳的得释放，瞎眼复明，受压制得自由，哈利路亚！,被擄的得釋放，瞎眼復明，受壓制得自由，哈利路亞！,被擄的得釋放，瞎眼復明，受壓制得自由，哈利路亞！
lyrics_yb_text/yb244.txt,13,里,阴间门胜不过建成召会，这里是活神的家！,陰間門勝不過建成召會，這裏是活神的家！,陰間門勝不過建成召會，這裏是活神的家！
lyrics_yb_text/yb244.txt,18,里,这里是我的家，长久以来我羡慕的归属；,這裏是我的家，長久以來我羨慕的歸屬；,這裏是我的家，長久以來我羨慕的歸屬；
lyrics_yb_text/yb244.txt,19,里,这里是神的家，长久以来祂渴望的住处；,這裏是神的家，長久以來祂渴望的住處；,這裏是神的家，長久以來祂渴望的住處；
lyrics_yb_text/yb246.txt,7,干,汲汲营营干渴且无安息。,汲汲營營乾渴且無安息。,汲汲營營乾渴且無安息。
lyrics_yb_text/yb246.txt,12,借,借你话得供应，也使我更认识你，,借你話得供應，也使我更認識你，,借你話得供應，也使我更認識你，
lyrics_yb_text/yb246.txt,13,表,求你向我表明，抓住我心，,求你向我表明，抓住我心，,求你向我表明，抓住我心，
lyrics_yb_text/yb246.txt,23,里,在身体里合一，见证主爱的故事。,在身體裏合一，見證主愛的故事。,在身體裏合一，見證主愛的故事。
lyrics_yb_text/yb246.txt,24,云,云彩围绕不分，跟随紧紧，,雲彩圍繞不分，跟隨緊緊，,雲彩圍繞不分，跟隨緊緊，
lyrics_yb_text/yb246.txt,34,面,愿我青春一生，在你面前蒙纪念。,願我青春一生，在你面前蒙紀念。,願我青春一生，在你面前蒙紀念。
lyrics_yb_text/yb247.txt,7,系,（与校园离别并保爱有同伴的关系）,（與校園離別並保愛有同伴的關係）,（與校園離別並保愛有同伴的關係）
lyrics_yb_text/yb247.txt,8,钟,勿忘声连连，步步钟声远，,勿忘聲連連，步步鐘聲遠，,勿忘聲連連，步步鐘聲遠，
lyrics_yb_text/yb247.txt,20,尽里,星夜里诉尽，窄路前疑虑，,星夜裏訴盡，窄路前疑慮，,星夜裏訴盡，窄路前疑慮，
lyrics_yb_text/yb247.txt,24,里,责难里藏关爱不舍，,責難裏藏關愛不捨，,責難裏藏關愛不捨，
lyrics_yb_text/yb247.txt,26,云,云彩竟不稍离，爱主就不孤单，,雲彩竟不稍離，愛主就不孤單，,雲彩竟不稍離，愛主就不孤單，
lyrics_yb_text/yb248.txt,19,于,至于我和我家，必事奉耶和华,至於我和我家，必事奉耶和華,至於我和我家，必事奉耶和華
lyrics_yb_text/yb249.txt,18,系,为主交朋友，建立甜美关系；,為主交朋友，建立甜美關係；,為主交朋友，建立甜美關係；
lyrics_yb_text/yb249.txt,24,复,让基督得繁增，使召会得复兴。,讓基督得繁增，使召會得復興。,讓基督得繁增，使召會得復興。
lyrics_yb_text/yb250.txt,7,里,我们需要进入幔内，就是进入我们的灵里，,我們需要進入幔內，就是進入我們的靈裏，,我們需要進入幔內，就是進入我們的靈裏，
lyrics_yb_text/yb250.txt,14,里,“一”是一件深深浸润在三一神里，,“一”是一件深深浸潤在三一神裏，,“一”是一件深深浸潤在三一神裏，
lyrics_yb_text/yb250.txt,16,于,我们的问题在于我们缺少神，,我們的問題在於我們缺少神，,我們的問題在於我們缺少神，
lyrics_yb_text/yb250.txt,18,于复,主的恢复乃是在于神以自己包裹祂所恢复的人。,主的恢復乃是在於神以自己包裹祂所恢復的人。,主的恢復乃是在於神以自己包裹祂所恢復的人。
lyrics_yb_text/yb250.txt,21,面,帘子和幔子与和好的两面有关—,簾子和幔子與和好的兩面有關—,簾子和幔子與和好的兩面有關—
lyrics_yb_text/yb250.txt,24,里面,将他们绝对地带进神里面，,將他們絕對地帶進神裏面，,將他們絕對地帶進神裏面，
lyrics_yb_text/yb250.txt,28,云表,帐幕、云彩与荣光乃是三一神完满的预表，,帳幕、雲彩與榮光乃是三一神完滿的預表，,帳幕、雲彩與榮光乃是三一神完滿的預表，
lyrics_yb_text/yb250.txt,31,表里,在永世里作祂的彰显和代表。,在永世裏作祂的彰顯和代表。,在永世裏作祂的彰顯和代表。
lyrics_yb_text/yb251.txt,17,里面,活物的配搭不在自己里面，乃在神里面，,活物的配搭不在自己裏面，乃在神裏面，,活物的配搭不在自己裏面，乃在神裏面，
lyrics_yb_text/yb251.txt,18,借,借着神圣的能力、,藉著神聖的能力、,藉着神聖的能力、
lyrics_yb_text/yb251.txt,24,历,在我们属灵的经历中，,在我們屬靈的經歷中，,在我們屬靈的經歷中，
lyrics_yb_text/yb251.txt,30,复,耶稣经过了钉十字架、复活并升天，,耶穌經過了釘十字架、復活並升天，,耶穌經過了釘十字架、復活並升天，
lyrics_yb_text/yb252.txt,7,里面,（为主说话，说出主来，并将主说到人里面）,（為主說話，說出主來，並將主說到人裏面）,（為主説話，説出主來，並將主説到人裏面）
lyrics_yb_text/yb252.txt,9,里,就是建造召会（在一里作为极大的军队）。,就是建造召會（在一裏作為極大的軍隊）。,就是建造召會（在一裏作為極大的軍隊）。
lyrics_yb_text/yb252.txt,21,复,祂在复活中的人性生命。,祂在復活中的人性生命。,祂在復活中的人性生命。
lyrics_yb_text/yb253.txt,6,借里,神借着在会幕里说话，,神藉著在會幕裏說話，,神藉着在會幕裏説話，
lyrics_yb_text/yb253.txt,7,于,训练衪的子民敬拜并有分于祂，,訓練衪的子民敬拜並有分於祂，,訓練衪的子民敬拜並有分於祂，
lyrics_yb_text/yb253.txt,12,里面,并且我们在自己里面无法绝对为着神，,並且我們在自己裏面無法絕對為著神，,並且我們在自己裏面無法絕對為着神，
lyrics_yb_text/yb253.txt,13,后,然后我们需要以基督为我们的燔祭一,然後我們需要以基督為我們的燔祭一,然後我們需要以基督為我們的燔祭一
lyrics_yb_text/yb253.txt,17,借,借着运用我们的灵，,藉著運用我們的靈，,藉着運用我們的靈，
lyrics_yb_text/yb253.txt,18,里,接触具体实化在话里的那灵，,接觸具體實化在話裏的那靈，,接觸具體實化在話裏的那靈，
lyrics_yb_text/yb253.txt,26,于,并终极完成于新耶路撒冷这终极的平安祭。,並終極完成於新耶路撒冷這終極的平安祭。,並終極完成於新耶路撒冷這終極的平安祭。
lyrics_yb_text/yb26.txt,12,尽里面,追测不尽的丰富在基督里面，,追測不盡的豐富在基督裏面，,追測不盡的豐富在基督裏面，
lyrics_yb_text/yb26.txt,13,里面,他渴望不断地分赐到我们里面。,他渴望不斷地分賜到我們裏面。,他渴望不斷地分賜到我們裏面。
lyrics_yb_text/yb26.txt,15,尽,当我们所有的忍耐尽都消失，,當我們所有的忍耐盡都消失，,當我們所有的忍耐盡都消失，
lyrics_yb_text/yb26.txt,21,尽里面,祂追测不尽的丰富在基督里面，,祂追測不盡的豐富在基督裏面，,祂追測不盡的豐富在基督裏面，
lyrics_yb_text/yb26.txt,22,里面,祂一次又一次地分赐到我们里面,祂一次又一次地分賜到我們裏面,祂一次又一次地分賜到我們裏面
lyrics_yb_text/yb273.txt,7,里,随着跳跃之音传到你耳里，,隨著跳躍之音傳到你耳裏，,隨着跳躍之音傳到你耳裏，
lyrics_yb_text/yb274.txt,2,后,忘记背后，直奔标杆,忘記背後，直奔標杆,忘記背後，直奔標杆
lyrics_yb_text/yb274.txt,12,云,在我前头！我且有云彩围绕！,在我前頭！我且有雲彩圍繞！,在我前頭！我且有雲彩圍繞！
lyrics_yb_text/yb274.txt,25,后面,「要忘记背后缠累，要努力面前。」,「要忘記背後纏累，要努力面前。」,「要忘記背後纏累，要努力面前。」
lyrics_yb_text/yb275.txt,13,只,只要祝福，不可咒诅。,只要祝福，不可咒詛。,只要祝福，不可咒詛。
lyrics_yb_text/yb275.txt,20,恶,俯就卑微人，不要以恶报恶，,俯就卑微人，不要以惡報惡，,俯就卑微人，不要以惡報惡，
lyrics_yb_text/yb276.txt,11,里,唱阿里路亚，唱阿里路亚，,唱阿里路亞，唱阿里路亞，,唱阿里路亞，唱阿里路亞，
lyrics_yb_text/yb277.txt,52,里,灵里相调，爱里相亲，,靈裏相調，愛裏相親，,靈裏相調，愛裏相親，
lyrics_yb_text/yb277.txt,63,发, 发出香气，荣耀主名。, 發出香氣，榮耀主名。, 發出香氣，榮耀主名。
lyrics_yb_text/yb277.txt,66,发, 发出香气， 荣耀主名。, 發出香氣， 榮耀主名。, 發出香氣， 榮耀主名。
lyrics_yb_text/yb29.txt,14,面,时日飞逝如箭，不久要见你面─阿们，我主，愿你快回！,時日飛逝如箭，不久要見你面─阿們，我主，願你快回！,時日飛逝如箭，不久要見你面─阿們，我主，願你快回！
lyrics_yb_text/yb29.txt,15,只,只盼早日见你，并且永远偕你─我们全心别无所归。,只盼早日見你，並且永遠偕你─我們全心別無所歸。,只盼早日見你，並且永遠偕你─我們全心別無所歸。
lyrics_yb_text/yb29.txt,19,尽,祈求终变感赞，渴望尽成眼见，主，你也必心满意足。,祈求終變感讚，渴望盡成眼見，主，你也必心滿意足。,祈求終變感讚，渴望盡成眼見，主，你也必心滿意足。
lyrics_yb_text/yb30.txt,6,里,何奇妙，三一神自己，道成肉身在人性里，,何奇妙，三一神自己，道成肉身在人性裏，,何奇妙，三一神自己，道成肉身在人性裏，
lyrics_yb_text/yb30.txt,9,借里,今借主活的话传递，我得重生已撒进我心里。,今借主活的話傳遞，我得重生已撒進我心裏。,今借主活的話傳遞，我得重生已撒進我心裏。
lyrics_yb_text/yb30.txt,12,里,当这基因进到我里，我就被神生进国里，,當這基因進到我裏，我就被神生進國裏，,當這基因進到我裏，我就被神生進國裏，
lyrics_yb_text/yb30.txt,15,制,我们过着国度生活，接受诸天管制，顺服宝座。,我們過著國度生活，接受諸天管制，順服寶座。,我們過着國度生活，接受諸天管制，順服寶座。
lyrics_yb_text/yb30.txt,18,里面,生命种子撒我心田，就是国度在我里面，,生命種子撒我心田，就是國度在我裏面，,生命種子撒我心田，就是國度在我裏面，
lyrics_yb_text/yb32.txt,14,于里,我在你里享安息，你安息于我。,我在你裏享安息，你安息於我。,我在你裏享安息，你安息於我。
lyrics_yb_text/yb32.txt,26,谷,仰望信靠我良人，作谷中百合。,仰望信靠我良人，作谷中百合。,仰望信靠我良人，作谷中百合。
lyrics_yb_text/yb35.txt,16,于,我的信终于有了生命的回音，,我的信終於有了生命的回音，,我的信終於有了生命的回音，
lyrics_yb_text/yb35.txt,19,余,无人像你真情实意，我余生都给你。,無人像你真情實意，我餘生都給你。,無人像你真情實意，我餘生都給你。
lyrics_yb_text/yb35.txt,23,复,他救我脱罪、死魔，生命死而复活；,他救我脫罪、死魔，生命死而復活；,他救我脱罪、死魔，生命死而復活；
lyrics_yb_text/yb36.txt,15,系,同作肢体彼此顾惜，何种关系可与相比。,同作肢體彼此顧惜，何種關係可與相比。,同作肢體彼此顧惜，何種關係可與相比。
lyrics_yb_text/yb36.txt,16,面,想见你面的切切心意，引我到主前代祷屈膝，,想見你面的切切心意，引我到主前代禱屈膝，,想見你面的切切心意，引我到主前代禱屈膝，
lyrics_yb_text/yb36.txt,19,里,在爱里生根又立基，那日同显现在荣耀里。,在愛裏生根又立基，那日同顯現在榮耀裏。,在愛裏生根又立基，那日同顯現在榮耀裏。
lyrics_yb_text/yb54.txt,8,里,主啊！在我们里，更多长大并扩增；,主啊！在我們裏，更多長大並擴增；,主啊！在我們裏，更多長大並擴增；
lyrics_yb_text/yb54.txt,14,里,愿我们活在国度里，为你权争战。,願我們活在國度裏，為你權爭戰。,願我們活在國度裏，為你權爭戰。
lyrics_yb_text/yb54.txt,15,复,主啊！愿你恢复能加速往前扩展；,主啊！願你恢復能加速往前擴展；,主啊！願你恢復能加速往前擴展；
lyrics_yb_text/yb54.txt,16,台,愿你灯台照耀在全地各城域。,願你燈臺照耀在全地各城域。,願你燈台照耀在全地各城域。
lyrics_yb_text/yb54.txt,21,里,一生一世活你殿里，瞻仰你的荣美。,一生一世活你殿裏，瞻仰你的榮美。,一生一世活你殿裏，瞻仰你的榮美。
lyrics_yb_text/yb54.txt,29,尽,将灯加油点亮，尽功用按时分粮。,將燈加油點亮，盡功用按時分糧。,將燈加油點亮，盡功用按時分糧。
lyrics_yb_text/yb54.txt,30,里,天天灵里高昂，魂被浸透明朗。,天天靈裏高昂，魂被浸透明朗。,天天靈裏高昂，魂被浸透明朗。
lyrics_yb_text/yb66.txt,18,只,只要你呼求祂的名--“祂必使你寻见！,只要你呼求祂的名--“祂必使你尋見！,只要你呼求祂的名--“祂必使你尋見！
lyrics_yb_text/yb67.txt,10,里,我主我良人，你今在哪里？,我主我良人，你今在哪裏？,我主我良人，你今在哪裏？
lyrics_yb_text/yb67.txt,14,只,蒙你救赎，只望单单爱你自己，,蒙你救贖，只望單單愛你自己，,蒙你救贖，只望單單愛你自己，
lyrics_yb_text/yb67.txt,16,里,十字架下，见你孤单挂在那里；,十字架下，見你孤單掛在那裏；,十字架下，見你孤單掛在那裏；
lyrics_yb_text/yb67.txt,30,后,是谁是谁？在我身后轻唤我名？,是誰是誰？在我身後輕喚我名？,是誰是誰？在我身後輕喚我名？
lyrics_yb_text/yb67.txt,33,复,迫切的心，我得顶尝复活新鲜；,迫切的心，我得頂嘗復活新鮮；,迫切的心，我得頂嘗復活新鮮；
lyrics_yb_text/yb67.txt,39,面,何等满足，我已看见我主荣面，,何等滿足，我已看見我主榮面，,何等滿足，我已看見我主榮面，
lyrics_yb_text/yb67.txt,41,复,我要见证，你已复活升天见父；,我要見證，你已復活升天見父；,我要見證，你已復活升天見父；
lyrics_yb_text/yb70.txt,15,云里,头上的乌云，心里的忧伤，全都洒落。,頭上的烏雲，心裏的憂傷，全都灑落。,頭上的烏雲，心裏的憂傷，全都灑落。
lyrics_yb_text/yb70.txt,21,干,活泉的涌出，解人的干渴，全都在我。,活泉的湧出，解人的乾渴，全都在我。,活泉的湧出，解人的乾渴，全都在我。
lyrics_yb_text/yb70.txt,24,历,享受的河，经历的河，召会生活多么快活；,享受的河，經歷的河，召會生活多麼快活；,享受的河，經歷的河，召會生活多麼快活；
lyrics_yb_text/yb70.txt,25,历,享受的河，经历的河，事奉相调交通喜乐，,享受的河，經歷的河，事奉相調交通喜樂，,享受的河，經歷的河，事奉相調交通喜樂，
lyrics_yb_text/yb70.txt,27,复,主复活大能，祝福大而多，全赐给我。,主復活大能，祝福大而多，全賜給我。,主復活大能，祝福大而多，全賜給我。
lyrics_yb_text/yb80.txt,7,干,除你以外，有谁能擦干我眼泪？,除你以外，有誰能擦乾我眼淚？,除你以外，有誰能擦乾我眼淚？
lyrics_yb_text/yb80.txt,10,里,但是神是我心里的力量，是我的福份直到永远！,但是神是我心裏的力量，是我的福份直到永遠！,但是神是我心裏的力量，是我的福份直到永遠！
lyrics_yb_text/yb82.txt,9,面,爱中我灵深信前面道路主为我定意。,愛中我靈深信前面道路主為我定意。,愛中我靈深信前面道路主為我定意。
lyrics_yb_text/yb82.txt,17,里,与你生命、性情相调和，完全消失你里。,與你生命、性情相調和，完全消失你裏。,與你生命、性情相調和，完全消失你裏。
lyrics_yb_text/yb85.txt,8,历复,经历了人生被钉十字架你又复活升天，,經歷了人生被釘十字架你又復活升天，,經歷了人生被釘十字架你又復活升天，
lyrics_yb_text/yb86.txt,8,于,是你爱情将我吸引，使我得属于你，,是你愛情將我吸引，使我得屬於你，,是你愛情將我吸引，使我得屬於你，
lyrics_yb_text/yb86.txt,9,只,我今全人不属自己，我只属你而已。,我今全人不屬自己，我只屬你而已。,我今全人不屬自己，我只屬你而已。
lyrics_yb_text/yb86.txt,21,于,愿你于我如晨星现，作我警醒赏赐。,願你於我如晨星現，作我警醒賞賜。,願你於我如晨星現，作我警醒賞賜。
lyrics_yb_text/yb87.txt,7,只,我深知自己的软弱，只盼望你的保守。,我深知自己的軟弱，只盼望你的保守。,我深知自己的軟弱，只盼望你的保守。
lyrics_yb_text/yb87.txt,20,于只,你是我心所依，只愿定睛于你，,你是我心所依，只願定睛於你，,你是我心所依，只願定睛於你，
lyrics_yb_text/yb89.txt,6,里,曾有一人从永远里来，倾倒祂自己从马槽到十架，,曾有一人從永遠裏來，傾倒祂自己從馬槽到十架，,曾有一人從永遠裏來，傾倒祂自己從馬槽到十架，
lyrics_yb_text/yb89.txt,7,于,宁愿静默像根出于地，神圣情意驱使舍去祂性命。,寧願靜默像根出於地，神聖情意驅使捨去祂性命。,寧願靜默像根出於地，神聖情意驅使捨去祂性命。
lyrics_yb_text/yb89.txt,8,只复,复活升天高举只为内住我灵，哦主那稣；我真爱你！,復活升天高舉只為內住我靈，哦主那穌；我真愛你！,復活升天高舉只為內住我靈，哦主那穌；我真愛你！
lyrics_yb_text/yb89.txt,13,志,荣耀的神曾向我显现，得胜的呼召自此定我心志，,榮耀的神曾向我顯現，得勝的呼召自此定我心志，,榮耀的神曾向我顯現，得勝的呼召自此定我心志，
lyrics_yb_text/yb89.txt,15,尽,神圣经纶奥秘向我全然开启，宇宙至宝，尽归我有，,神聖經綸奧祕向我全然開啟，宇宙至寶，盡歸我有，,神聖經綸奧祕向我全然開啓，宇宙至寶，盡歸我有，
lyrics_yb_text/yb94.txt,9,里,我活，若你在主里站立，,我活，若你在主裏站立，,我活，若你在主裏站立，
lyrics_yb_text/yb94.txt,10,里,你活，若我在主里坚定；,你活，若我在主裏堅定；,你活，若我在主裏堅定；
lyrics_yb_text/yb94.txt,19,于,你的信心使我竭力，我的进展也在于你；,你的信心使我竭力，我的進展也在於你；,你的信心使我竭力，我的進展也在於你；
lyrics_yb_text/yb94.txt,23,只,弟只，察验神的心意；爱祂，事祂，不顾自己；,弟只，察驗神的心意；愛祂，事祂，不顧自己；,弟只，察驗神的心意；愛祂，事祂，不顧自己；
lyrics_yb_text/yb95.txt,2,里,在召会生活里,在召會生活裏,在召會生活裏
lyrics_yb_text/yb95.txt,6,里,这里有神的同在，这里有神的说话，,這裏有神的同在，這裏有神的說話，,這裏有神的同在，這裏有神的説話，
lyrics_yb_text/yb95.txt,7,里,这里有圣灵的权柄，这里是一个新天地。,這裏有聖靈的權柄，這裏是一個新天地。,這裏有聖靈的權柄，這裏是一個新天地。
lyrics_yb_text/yb95.txt,10,里,真理在这里，亮光在这里，,真理在這裏，亮光在這裏，,真理在這裏，亮光在這裏，
lyrics_yb_text/yb95.txt,11,里,生命在这里，喜乐在这里，,生命在這裏，喜樂在這裏，,生命在這裏，喜樂在這裏，
lyrics_yb_text/yb95.txt,12,里,耶和华所命定的福都在这里。,耶和華所命定的福都在這裏。,耶和華所命定的福都在這裏。
lyrics_yb_text/yb95.txt,13,里,你若想要得这福，在召会生活里。,你若想要得這福，在召會生活裏。,你若想要得這福，在召會生活裏。
lyrics_yb_text/yb96.txt,10,只,将我来吸引，除去我遮蔽，叫我清心只想见你，,將我來吸引，除去我遮蔽，叫我清心只想見你，,將我來吸引，除去我遮蔽，叫我清心只想見你，
lyrics_yb_text/yb96.txt,11,只,主，我只爱你，没有人事物，能将我占据，,主，我只愛你，沒有人事物，能將我佔據，,主，我只愛你，沒有人事物，能將我佔據，
lyrics_yb_text/yb96.txt,12,于只,我只愿完全绝对地将我自己全献于你。,我只願完全絕對地將我自己全獻於你。,我只願完全絕對地將我自己全獻於你。
lyrics_yb_text/yb96.txt,15,里,惟见荣耀里的基督；何等喜乐，何等喜乐，,惟見榮耀裏的基督；何等喜樂，何等喜樂，,惟見榮耀裏的基督；何等喜樂，何等喜樂，
lyrics_yb_text/yb98.txt,6,干,初次遇见主，我觉得平凡。生活似平淡，日久便枯干；,初次遇見主，我覺得平凡。生活似平淡，日久便枯乾；,初次遇見主，我覺得平凡。生活似平淡，日久便枯乾；
lyrics_yb_text/yb98.txt,8,尽,经过了旷野，受尽了试炼，紧起了硬心，仍旧不归依；,經過了曠野，受盡了試煉，緊起了硬心，仍舊不歸依；,經過了曠野，受盡了試煉，緊起了硬心，仍舊不歸依；
lyrics_yb_text/yb98.txt,9,干,虽觉干渴疲惫，无力醒悟逃离，无力醒悟逃离。,雖覺乾渴疲憊，無力醒悟逃離，無力醒悟逃離。,雖覺乾渴疲憊，無力醒悟逃離，無力醒悟逃離。
lyrics_yb_text/yb98.txt,14,云里,愿我一生享有云彩围绕的亲，魂里相联结同来得美地。,願我一生享有雲彩圍繞的親，魂裏相聯結同來得美地。,願我一生享有雲彩圍繞的親，魂裏相聯結同來得美地。
lyrics_yb_text/yb98.txt,21,历系,回到这美地，我喜乐洋溢，同伴紧相系，苦乐同经历；,回到這美地，我喜樂洋溢，同伴緊相系，苦樂同經歷；,回到這美地，我喜樂洋溢，同伴緊相系，苦樂同經歷；
lyrics_yb_text/yb99.txt,2,里,就在这里,就在這裏,就在這裏
lyrics_yb_text/yb99.txt,8,里,我愿在这里，持守着真理，相爱不改变初衷。,我願在這裏，持守著真理，相愛不改變初衷。,我願在這裏，持守着真理，相愛不改變初衷。
lyrics_yb_text/yb99.txt,13,里,就在这里，我寻见你，我的至宝爱耶稣。,就在這裏，我尋見你，我的至寶愛耶穌。,就在這裏，我尋見你，我的至寶愛耶穌。
